case_id,algorithm,sample,elapsed_ns_per_call,iterations_per_sample
048-maze_perfect,eager,0,133985.26153846155,65
048-maze_perfect,eager,1,134314.73846153845,65
048-maze_perfect,eager,2,132716.6769230769,65
048-maze_perfect,eager,3,132103.21538461538,65
048-maze_perfect,eager,4,133300.0,65
048-maze_perfect,eager,5,132637.83076923076,65
048-maze_perfect,eager,6,132435.8923076923,65
048-maze_perfect,eager,7,131809.61538461538,65
048-maze_perfect,eager,8,132940.38461538462,65
059-grid_obstacles-diagonal,astar-octile,0,22574.18431372549,255
059-grid_obstacles-diagonal,astar-octile,1,22271.243137254904,255
059-grid_obstacles-diagonal,astar-octile,2,22335.949019607844,255
059-grid_obstacles-diagonal,astar-octile,3,22143.788235294116,255
059-grid_obstacles-diagonal,astar-octile,4,22429.41176470588,255
059-grid_obstacles-diagonal,astar-octile,5,22622.38431372549,255
059-grid_obstacles-diagonal,astar-octile,6,22536.925490196078,255
059-grid_obstacles-diagonal,astar-octile,7,22207.517647058823,255
059-grid_obstacles-diagonal,astar-octile,8,21903.43137254902,255
068-maze_perfect,astar-euclidean,0,310336.1,30
068-maze_perfect,astar-euclidean,1,304751.4,30
068-maze_perfect,astar-euclidean,2,302548.6,30
068-maze_perfect,astar-euclidean,3,304780.56666666665,30
068-maze_perfect,astar-euclidean,4,303393.06666666665,30
068-maze_perfect,astar-euclidean,5,305547.23333333334,30
068-maze_perfect,astar-euclidean,6,304037.5,30
068-maze_perfect,astar-euclidean,7,301441.6666666667,30
068-maze_perfect,astar-euclidean,8,304108.3333333333,30
027-grid_obstacles-diagonal,astar-zero,0,984391.7,10
027-grid_obstacles-diagonal,astar-zero,1,977504.2,10
027-grid_obstacles-diagonal,astar-zero,2,970808.3,10
027-grid_obstacles-diagonal,astar-zero,3,974137.5,10
027-grid_obstacles-diagonal,astar-zero,4,966700.0,10
027-grid_obstacles-diagonal,astar-zero,5,966287.5,10
027-grid_obstacles-diagonal,astar-zero,6,980837.5,10
027-grid_obstacles-diagonal,astar-zero,7,971066.7,10
027-grid_obstacles-diagonal,astar-zero,8,971095.8,10
051-maze_braided,list,0,479164.6666666667,21
051-maze_braided,list,1,479656.7619047619,21
051-maze_braided,list,2,479910.71428571426,21
051-maze_braided,list,3,477303.5714285714,21
051-maze_braided,list,4,479752.0,21
051-maze_braided,list,5,476547.61904761905,21
051-maze_braided,list,6,476545.61904761905,21
051-maze_braided,list,7,478535.71428571426,21
051-maze_braided,list,8,477742.09523809527,21
012-dense,lazy,0,534476.8333333334,18
012-dense,lazy,1,525125.0,18
012-dense,lazy,2,519861.1111111111,18
012-dense,lazy,3,520131.94444444444,18
012-dense,lazy,4,523824.05555555556,18
012-dense,lazy,5,519391.22222222225,18
012-dense,lazy,6,528986.1111111111,18
012-dense,lazy,7,522138.8888888889,18
012-dense,lazy,8,524541.6666666666,18
056-dense,astar-zero,0,154804.43548387097,62
056-dense,astar-zero,1,152684.14516129033,62
056-dense,astar-zero,2,153133.74193548388,62
056-dense,astar-zero,3,154602.16129032258,62
056-dense,astar-zero,4,152003.35483870967,62
056-dense,astar-zero,5,152234.53225806452,62
056-dense,astar-zero,6,152260.0806451613,62
056-dense,astar-zero,7,152502.6935483871,62
056-dense,astar-zero,8,152817.20967741936,62
038-dense,astar-euclidean,0,144212.37096774194,62
038-dense,astar-euclidean,1,144198.9193548387,62
038-dense,astar-euclidean,2,144269.48387096773,62
038-dense,astar-euclidean,3,144120.96774193548,62
038-dense,astar-euclidean,4,143085.35483870967,62
038-dense,astar-euclidean,5,143729.83870967742,62
038-dense,astar-euclidean,6,143139.11290322582,62
038-dense,astar-euclidean,7,142782.25806451612,62
038-dense,astar-euclidean,8,143418.67741935485,62
006-complete,astar-zero,0,4872.213166144201,957
006-complete,astar-zero,1,4827.760710553814,957
006-complete,astar-zero,2,4728.317659352142,957
006-complete,astar-zero,3,4811.99895506792,957
006-complete,astar-zero,4,4783.873563218391,957
006-complete,astar-zero,5,4867.6854754440965,957
006-complete,astar-zero,6,4824.582027168234,957
006-complete,astar-zero,7,4780.650992685475,957
006-complete,astar-zero,8,4755.442006269593,957
014-grid_wall,astar-euclidean,0,45863.31746031746,189
014-grid_wall,astar-euclidean,1,46747.3544973545,189
014-grid_wall,astar-euclidean,2,46551.80952380953,189
014-grid_wall,astar-euclidean,3,46488.31746031746,189
014-grid_wall,astar-euclidean,4,45870.5873015873,189
014-grid_wall,astar-euclidean,5,46091.04761904762,189
014-grid_wall,astar-euclidean,6,46294.75132275133,189
014-grid_wall,astar-euclidean,7,45812.613756613755,189
014-grid_wall,astar-euclidean,8,46095.677248677246,189
033-maze_braided,astar-zero,0,442672.36363636365,22
033-maze_braided,astar-zero,1,442884.45454545453,22
033-maze_braided,astar-zero,2,447210.2272727273,22
033-maze_braided,astar-zero,3,445286.0,22
033-maze_braided,astar-zero,4,441698.86363636365,22
033-maze_braided,astar-zero,5,445543.54545454547,22
033-maze_braided,astar-zero,6,440496.2272727273,22
033-maze_braided,astar-zero,7,444778.4090909091,22
033-maze_braided,astar-zero,8,446564.4090909091,22
089-game_dungeon,astar-zero,0,53238.060975609755,164
089-game_dungeon,astar-zero,1,52812.25,164
089-game_dungeon,astar-zero,2,52413.10975609756,164
089-game_dungeon,astar-zero,3,52769.05487804878,164
089-game_dungeon,astar-zero,4,52212.65243902439,164
089-game_dungeon,astar-zero,5,52470.53048780488,164
089-game_dungeon,astar-zero,6,52504.06707317073,164
089-game_dungeon,astar-zero,7,52503.810975609755,164
089-game_dungeon,astar-zero,8,53026.92682926829,164
074-streets,astar-zero,0,579000.0,16
074-streets,astar-zero,1,576114.5625,16
074-streets,astar-zero,2,578708.375,16
074-streets,astar-zero,3,575234.375,16
074-streets,astar-zero,4,573953.125,16
074-streets,astar-zero,5,574695.3125,16
074-streets,astar-zero,6,587424.5,16
074-streets,astar-zero,7,591132.8125,16
074-streets,astar-zero,8,574908.8125,16
063-grid_obstacles-diagonal,astar-octile,0,420173.9130434783,23
063-grid_obstacles-diagonal,astar-octile,1,420782.60869565216,23
063-grid_obstacles-diagonal,astar-octile,2,419150.39130434784,23
063-grid_obstacles-diagonal,astar-octile,3,419163.04347826086,23
063-grid_obstacles-diagonal,astar-octile,4,417965.60869565216,23
063-grid_obstacles-diagonal,astar-octile,5,418579.6956521739,23
063-grid_obstacles-diagonal,astar-octile,6,416835.1304347826,23
063-grid_obstacles-diagonal,astar-octile,7,417661.2173913043,23
063-grid_obstacles-diagonal,astar-octile,8,417432.95652173914,23
089-game_dungeon,astar-euclidean,0,34145.555555555555,225
089-game_dungeon,astar-euclidean,1,33483.706666666665,225
089-game_dungeon,astar-euclidean,2,33255.36888888889,225
089-game_dungeon,astar-euclidean,3,33367.59111111111,225
089-game_dungeon,astar-euclidean,4,33496.48,225
089-game_dungeon,astar-euclidean,5,33804.62666666666,225
089-game_dungeon,astar-euclidean,6,33352.77777777778,225
089-game_dungeon,astar-euclidean,7,33425.74222222222,225
089-game_dungeon,astar-euclidean,8,33145.92444444444,225
068-maze_perfect,list,0,293690.87096774194,31
068-maze_perfect,list,1,292092.7419354839,31
068-maze_perfect,list,2,291125.0,31
068-maze_perfect,list,3,291444.87096774194,31
068-maze_perfect,list,4,301122.32258064515,31
068-maze_perfect,list,5,294970.4516129032,31
068-maze_perfect,list,6,298215.06451612903,31
068-maze_perfect,list,7,298505.3548387097,31
068-maze_perfect,list,8,295221.77419354836,31
065-maze_braided,lazy,0,36597.915,200
065-maze_braided,lazy,1,36310.83,200
065-maze_braided,lazy,2,36458.33,200
065-maze_braided,lazy,3,36224.165,200
065-maze_braided,lazy,4,35958.54,200
065-maze_braided,lazy,5,35987.5,200
065-maze_braided,lazy,6,36285.0,200
065-maze_braided,lazy,7,36382.5,200
065-maze_braided,lazy,8,36805.205,200
026-grid_terrain,astar-euclidean,0,1087439.7777777778,9
026-grid_terrain,astar-euclidean,1,1079476.888888889,9
026-grid_terrain,astar-euclidean,2,1079810.2222222222,9
026-grid_terrain,astar-euclidean,3,1089250.0,9
026-grid_terrain,astar-euclidean,4,1083416.6666666667,9
026-grid_terrain,astar-euclidean,5,1080106.4444444445,9
026-grid_terrain,astar-euclidean,6,1083393.4444444445,9
026-grid_terrain,astar-euclidean,7,1087398.111111111,9
026-grid_terrain,astar-euclidean,8,1079990.7777777778,9
069-maze_braided,astar-manhattan,0,275376.1666666667,36
069-maze_braided,astar-manhattan,1,276940.97222222225,36
069-maze_braided,astar-manhattan,2,272597.22222222225,36
069-maze_braided,astar-manhattan,3,273295.1388888889,36
069-maze_braided,astar-manhattan,4,273532.3888888889,36
069-maze_braided,astar-manhattan,5,274165.52777777775,36
069-maze_braided,astar-manhattan,6,269148.1388888889,36
069-maze_braided,astar-manhattan,7,272091.4166666667,36
069-maze_braided,astar-manhattan,8,275739.5833333333,36
058-grid_obstacles,astar-euclidean,0,26623.1684981685,273
058-grid_obstacles,astar-euclidean,1,26899.421245421247,273
058-grid_obstacles,astar-euclidean,2,26580.432234432235,273
058-grid_obstacles,astar-euclidean,3,26335.01098901099,273
058-grid_obstacles,astar-euclidean,4,26279.761904761905,273
058-grid_obstacles,astar-euclidean,5,26354.85347985348,273
058-grid_obstacles,astar-euclidean,6,26711.53846153846,273
058-grid_obstacles,astar-euclidean,7,26898.351648351647,273
058-grid_obstacles,astar-euclidean,8,26482.908424908426,273
007-sparse,astar-zero,0,27652.02536231884,276
007-sparse,astar-zero,1,28032.003623188404,276
007-sparse,astar-zero,2,28053.141304347828,276
007-sparse,astar-zero,3,28025.514492753624,276
007-sparse,astar-zero,4,28020.380434782608,276
007-sparse,astar-zero,5,27757.847826086956,276
007-sparse,astar-zero,6,27688.858695652172,276
007-sparse,astar-zero,7,27681.764492753624,276
007-sparse,astar-zero,8,28021.286231884056,276
058-grid_obstacles,list,0,36812.5,226
058-grid_obstacles,list,1,37283.37168141593,226
058-grid_obstacles,list,2,36861.91150442478,226
058-grid_obstacles,list,3,36716.62831858407,226
058-grid_obstacles,list,4,36557.70796460177,226
058-grid_obstacles,list,5,36463.86283185841,226
058-grid_obstacles,list,6,36603.982300884956,226
058-grid_obstacles,list,7,36675.69911504425,226
058-grid_obstacles,list,8,36484.33185840708,226
005-complete,eager,0,6009.842519685039,889
005-complete,eager,1,5991.2350956130485,889
005-complete,eager,2,5964.802024746907,889
005-complete,eager,3,6104.330708661418,889
005-complete,eager,4,5990.391451068616,889
005-complete,eager,5,5901.950506186727,889
005-complete,eager,6,5949.755905511811,889
005-complete,eager,7,5998.359955005624,889
005-complete,eager,8,6092.097862767154,889
016-grid_terrain,lazy,0,58575.833333333336,150
016-grid_terrain,lazy,1,58898.05333333334,150
016-grid_terrain,lazy,2,58087.78,150
016-grid_terrain,lazy,3,58030.0,150
016-grid_terrain,lazy,4,57259.166666666664,150
016-grid_terrain,lazy,5,57973.613333333335,150
016-grid_terrain,lazy,6,58133.06,150
016-grid_terrain,lazy,7,58145.56,150
016-grid_terrain,lazy,8,57452.78,150
030-maze_perfect,eager,0,96696.2891566265,83
030-maze_perfect,eager,1,98645.578313253,83
030-maze_perfect,eager,2,98471.8795180723,83
030-maze_perfect,eager,3,96817.77108433735,83
030-maze_perfect,eager,4,96778.10843373495,83
030-maze_perfect,eager,5,96460.3373493976,83
030-maze_perfect,eager,6,97644.578313253,83
030-maze_perfect,eager,7,97265.06024096385,83
030-maze_perfect,eager,8,96393.578313253,83
017-grid_obstacles-diagonal,astar-euclidean,0,24723.527075812275,277
017-grid_obstacles-diagonal,astar-euclidean,1,25055.357400722023,277
017-grid_obstacles-diagonal,astar-euclidean,2,24918.32129963899,277
017-grid_obstacles-diagonal,astar-euclidean,3,24606.646209386283,277
017-grid_obstacles-diagonal,astar-euclidean,4,24716.45487364621,277
017-grid_obstacles-diagonal,astar-euclidean,5,24574.758122743682,277
017-grid_obstacles-diagonal,astar-euclidean,6,24759.025270758124,277
017-grid_obstacles-diagonal,astar-euclidean,7,24718.559566787004,277
017-grid_obstacles-diagonal,astar-euclidean,8,24780.386281588446,277
023-grid_open,astar-zero,0,1042708.3333333334,9
023-grid_open,astar-zero,1,1039365.7777777778,9
023-grid_open,astar-zero,2,1037657.4444444445,9
023-grid_open,astar-zero,3,1037680.5555555555,9
023-grid_open,astar-zero,4,1031351.7777777778,9
023-grid_open,astar-zero,5,1031351.8888888889,9
023-grid_open,astar-zero,6,1039777.7777777778,9
023-grid_open,astar-zero,7,1035555.5555555555,9
023-grid_open,astar-zero,8,1035805.5555555555,9
072-queue_stress,astar-zero,0,1755854.1666666667,6
072-queue_stress,astar-zero,1,1761972.1666666667,6
072-queue_stress,astar-zero,2,1765895.8333333333,6
072-queue_stress,astar-zero,3,1794027.8333333333,6
072-queue_stress,astar-zero,4,1770687.5,6
072-queue_stress,astar-zero,5,1760013.8333333333,6
072-queue_stress,astar-zero,6,1891395.8333333333,6
072-queue_stress,astar-zero,7,1817534.6666666667,6
072-queue_stress,astar-zero,8,1760923.6666666667,6
062-grid_obstacles,lazy,0,772843.0,13
062-grid_obstacles,lazy,1,769275.6153846154,13
062-grid_obstacles,lazy,2,770967.9230769231,13
062-grid_obstacles,lazy,3,771282.0769230769,13
062-grid_obstacles,lazy,4,762881.3846153846,13
062-grid_obstacles,lazy,5,764269.2307692308,13
062-grid_obstacles,lazy,6,763141.0769230769,13
062-grid_obstacles,lazy,7,765599.3846153846,13
062-grid_obstacles,lazy,8,758189.0769230769,13
044-grid_obstacles,eager,0,2300291.6,5
044-grid_obstacles,eager,1,2299233.2,5
044-grid_obstacles,eager,2,2299050.0,5
044-grid_obstacles,eager,3,2307400.0,5
044-grid_obstacles,eager,4,2300700.0,5
044-grid_obstacles,eager,5,2305300.0,5
044-grid_obstacles,eager,6,2277516.6,5
044-grid_obstacles,eager,7,2293633.4,5
044-grid_obstacles,eager,8,2296325.0,5
031-maze_braided,astar-manhattan,0,114017.85714285714,84
031-maze_braided,astar-manhattan,1,113591.26190476191,84
031-maze_braided,astar-manhattan,2,112301.59523809524,84
031-maze_braided,astar-manhattan,3,112379.96428571429,84
031-maze_braided,astar-manhattan,4,112989.58333333333,84
031-maze_braided,astar-manhattan,5,113617.07142857143,84
031-maze_braided,astar-manhattan,6,113271.32142857143,84
031-maze_braided,astar-manhattan,7,113439.48809523809,84
031-maze_braided,astar-manhattan,8,112625.98809523809,84
005-complete,astar-zero,0,3379.042,1000
005-complete,astar-zero,1,3281.375,1000
005-complete,astar-zero,2,3344.792,1000
005-complete,astar-zero,3,3391.375,1000
005-complete,astar-zero,4,3392.625,1000
005-complete,astar-zero,5,3408.083,1000
005-complete,astar-zero,6,3385.083,1000
005-complete,astar-zero,7,3312.041,1000
005-complete,astar-zero,8,3329.458,1000
002-reopening,list,0,1165.375,1000
002-reopening,list,1,1166.292,1000
002-reopening,list,2,1164.209,1000
002-reopening,list,3,1160.542,1000
002-reopening,list,4,1144.333,1000
002-reopening,list,5,1108.458,1000
002-reopening,list,6,1150.417,1000
002-reopening,list,7,1158.917,1000
002-reopening,list,8,1187.917,1000
032-maze_perfect,lazy,0,173815.14545454545,55
032-maze_perfect,lazy,1,173365.9090909091,55
032-maze_perfect,lazy,2,172484.0909090909,55
032-maze_perfect,lazy,3,172632.58181818182,55
032-maze_perfect,lazy,4,171450.74545454545,55
032-maze_perfect,lazy,5,171918.94545454546,55
032-maze_perfect,lazy,6,171849.25454545455,55
032-maze_perfect,lazy,7,171687.12727272726,55
032-maze_perfect,lazy,8,171265.9090909091,55
073-streets,eager,0,1692437.5,6
073-streets,eager,1,1701382.0,6
073-streets,eager,2,1691368.0,6
073-streets,eager,3,1688319.5,6
073-streets,eager,4,1693423.5,6
073-streets,eager,5,1693472.1666666667,6
073-streets,eager,6,1681041.6666666667,6
073-streets,eager,7,1684645.8333333333,6
073-streets,eager,8,1683222.1666666667,6
049-maze_braided,eager,0,490520.85,20
049-maze_braided,eager,1,492291.7,20
049-maze_braided,eager,2,493808.35,20
049-maze_braided,eager,3,488475.0,20
049-maze_braided,eager,4,488960.4,20
049-maze_braided,eager,5,492575.0,20
049-maze_braided,eager,6,487550.0,20
049-maze_braided,eager,7,489922.9,20
049-maze_braided,eager,8,488981.25,20
040-grid_obstacles,astar-zero,0,39445.13366336634,202
040-grid_obstacles,astar-zero,1,39745.0495049505,202
040-grid_obstacles,astar-zero,2,39741.33663366337,202
040-grid_obstacles,astar-zero,3,39102.72277227723,202
040-grid_obstacles,astar-zero,4,39366.544554455446,202
040-grid_obstacles,astar-zero,5,39404.08415841584,202
040-grid_obstacles,astar-zero,6,39727.31188118812,202
040-grid_obstacles,astar-zero,7,39152.43564356436,202
040-grid_obstacles,astar-zero,8,39293.93564356436,202
043-grid_obstacles-diagonal,astar-zero,0,199391.16326530612,49
043-grid_obstacles-diagonal,astar-zero,1,201582.48979591837,49
043-grid_obstacles-diagonal,astar-zero,2,200405.61224489796,49
043-grid_obstacles-diagonal,astar-zero,3,199054.42857142858,49
043-grid_obstacles-diagonal,astar-zero,4,202758.51020408163,49
043-grid_obstacles-diagonal,astar-zero,5,204553.57142857142,49
043-grid_obstacles-diagonal,astar-zero,6,198745.73469387754,49
043-grid_obstacles-diagonal,astar-zero,7,200047.61224489796,49
043-grid_obstacles-diagonal,astar-zero,8,201234.693877551,49
060-grid_obstacles,eager,0,427416.6956521739,23
060-grid_obstacles,eager,1,427318.82608695654,23
060-grid_obstacles,eager,2,427083.347826087,23
060-grid_obstacles,eager,3,429483.6956521739,23
060-grid_obstacles,eager,4,425701.0869565217,23
060-grid_obstacles,eager,5,426440.2173913043,23
060-grid_obstacles,eager,6,429168.47826086957,23
060-grid_obstacles,eager,7,425367.7826086957,23
060-grid_obstacles,eager,8,426961.95652173914,23
057-dense,eager,0,609828.4117647059,17
057-dense,eager,1,616357.8823529412,17
057-dense,eager,2,620526.9411764706,17
057-dense,eager,3,615227.9411764706,17
057-dense,eager,4,612796.5294117647,17
057-dense,eager,5,612823.5294117647,17
057-dense,eager,6,613127.4705882353,17
057-dense,eager,7,604639.7058823529,17
057-dense,eager,8,605647.0588235294,17
071-queue_stress,astar-zero,0,212777.11627906977,43
071-queue_stress,astar-zero,1,212011.62790697673,43
071-queue_stress,astar-zero,2,210616.27906976745,43
071-queue_stress,astar-zero,3,209314.90697674418,43
071-queue_stress,astar-zero,4,209254.83720930232,43
071-queue_stress,astar-zero,5,210607.55813953487,43
071-queue_stress,astar-zero,6,211283.90697674418,43
071-queue_stress,astar-zero,7,210986.41860465117,43
071-queue_stress,astar-zero,8,211398.2558139535,43
051-maze_braided,eager,0,1229244.875,8
051-maze_braided,eager,1,1234645.875,8
051-maze_braided,eager,2,1237177.125,8
051-maze_braided,eager,3,1238557.375,8
051-maze_braided,eager,4,1226656.25,8
051-maze_braided,eager,5,1220234.375,8
051-maze_braided,eager,6,1225416.75,8
051-maze_braided,eager,7,1225588.5,8
051-maze_braided,eager,8,1217416.625,8
037-dense,lazy,0,39899.539877300616,163
037-dense,lazy,1,39571.06748466258,163
037-dense,lazy,2,39647.490797546016,163
037-dense,lazy,3,39666.662576687115,163
037-dense,lazy,4,39185.32515337423,163
037-dense,lazy,5,41763.8036809816,163
037-dense,lazy,6,39413.601226993866,163
037-dense,lazy,7,39208.337423312885,163
037-dense,lazy,8,39234.920245398775,163
070-queue_stress,list,0,31238.583629893237,281
070-queue_stress,list,1,31185.05338078292,281
070-queue_stress,list,2,31152.725978647686,281
070-queue_stress,list,3,31072.21352313167,281
070-queue_stress,list,4,31252.964412811387,281
070-queue_stress,list,5,31128.85409252669,281
070-queue_stress,list,6,30859.725978647686,281
070-queue_stress,list,7,30953.88612099644,281
070-queue_stress,list,8,31236.800711743774,281
088-maze_braided,astar-zero,0,52939.982142857145,168
088-maze_braided,astar-zero,1,53307.78571428572,168
088-maze_braided,astar-zero,2,52743.05357142857,168
088-maze_braided,astar-zero,3,52622.267857142855,168
088-maze_braided,astar-zero,4,53292.90476190476,168
088-maze_braided,astar-zero,5,54013.392857142855,168
088-maze_braided,astar-zero,6,54320.68452380953,168
088-maze_braided,astar-zero,7,53584.32738095238,168
088-maze_braided,astar-zero,8,52894.09523809524,168
019-grid_wall,astar-euclidean,0,210248.2340425532,47
019-grid_wall,astar-euclidean,1,209377.6595744681,47
019-grid_wall,astar-euclidean,2,208921.10638297873,47
019-grid_wall,astar-euclidean,3,211184.40425531915,47
019-grid_wall,astar-euclidean,4,208815.59574468085,47
019-grid_wall,astar-euclidean,5,208272.17021276595,47
019-grid_wall,astar-euclidean,6,209636.53191489363,47
019-grid_wall,astar-euclidean,7,209406.914893617,47
019-grid_wall,astar-euclidean,8,210059.40425531915,47
078-game_dungeon,eager,0,1205736.111111111,9
078-game_dungeon,eager,1,1196513.888888889,9
078-game_dungeon,eager,2,1190166.6666666667,9
078-game_dungeon,eager,3,1178115.7777777778,9
078-game_dungeon,eager,4,1182537.111111111,9
078-game_dungeon,eager,5,1185671.3333333333,9
078-game_dungeon,eager,6,1186245.3333333333,9
078-game_dungeon,eager,7,1180078.6666666667,9
078-game_dungeon,eager,8,1184537.0,9
083-grid_open,astar-manhattan,0,17849.352150537634,372
083-grid_open,astar-manhattan,1,17669.354838709678,372
083-grid_open,astar-manhattan,2,17559.698924731183,372
083-grid_open,astar-manhattan,3,17469.870967741936,372
083-grid_open,astar-manhattan,4,17491.712365591397,372
083-grid_open,astar-manhattan,5,17556.674731182797,372
083-grid_open,astar-manhattan,6,17617.607526881722,372
083-grid_open,astar-manhattan,7,17838.932795698925,372
083-grid_open,astar-manhattan,8,17804.994623655915,372
077-game_dungeon,list,0,203002.8409090909,44
077-game_dungeon,list,1,199888.27272727274,44
077-game_dungeon,list,2,199401.52272727274,44
077-game_dungeon,list,3,198097.54545454544,44
077-game_dungeon,list,4,196762.29545454544,44
077-game_dungeon,list,5,198566.29545454544,44
077-game_dungeon,list,6,197607.95454545456,44
077-game_dungeon,list,7,198240.54545454544,44
077-game_dungeon,list,8,197495.25,44
026-grid_terrain,lazy,0,1281588.5,8
026-grid_terrain,lazy,1,1241859.375,8
026-grid_terrain,lazy,2,1253239.625,8
026-grid_terrain,lazy,3,1233026.125,8
026-grid_terrain,lazy,4,1235093.75,8
026-grid_terrain,lazy,5,1244656.25,8
026-grid_terrain,lazy,6,1237067.625,8
026-grid_terrain,lazy,7,1235078.125,8
026-grid_terrain,lazy,8,1235364.5,8
002-reopening,depth_first,0,1487.584,1000
002-reopening,depth_first,1,1125.0,1000
002-reopening,depth_first,2,1471.333,1000
002-reopening,depth_first,3,1477.667,1000
002-reopening,depth_first,4,1521.542,1000
002-reopening,depth_first,5,1110.125,1000
002-reopening,depth_first,6,1091.625,1000
002-reopening,depth_first,7,1116.5,1000
002-reopening,depth_first,8,1107.375,1000
051-maze_braided,lazy,0,403361.125,24
051-maze_braided,lazy,1,403154.5,24
051-maze_braided,lazy,2,404916.6666666667,24
051-maze_braided,lazy,3,401951.4166666667,24
051-maze_braided,lazy,4,399750.0,24
051-maze_braided,lazy,5,399413.1666666667,24
051-maze_braided,lazy,6,401189.25,24
051-maze_braided,lazy,7,403795.125,24
051-maze_braided,lazy,8,415567.7083333333,24
088-maze_braided,astar-manhattan,0,31393.24096385542,249
088-maze_braided,astar-manhattan,1,31211.5140562249,249
088-maze_braided,astar-manhattan,2,31413.819277108432,249
088-maze_braided,astar-manhattan,3,30959.50200803213,249
088-maze_braided,astar-manhattan,4,30991.967871485944,249
088-maze_braided,astar-manhattan,5,31069.779116465863,249
088-maze_braided,astar-manhattan,6,31231.092369477912,249
088-maze_braided,astar-manhattan,7,31112.614457831325,249
088-maze_braided,astar-manhattan,8,31389.558232931726,249
072-queue_stress,lazy,0,1604910.7142857143,7
072-queue_stress,lazy,1,1617404.857142857,7
072-queue_stress,lazy,2,1605541.7142857143,7
072-queue_stress,lazy,3,1609220.2857142857,7
072-queue_stress,lazy,4,1622672.7142857143,7
072-queue_stress,lazy,5,1610101.142857143,7
072-queue_stress,lazy,6,1602279.7142857143,7
072-queue_stress,lazy,7,1609428.5714285714,7
072-queue_stress,lazy,8,1596071.4285714286,7
061-grid_obstacles-diagonal,astar-octile,0,41375.46368715084,179
061-grid_obstacles-diagonal,astar-octile,1,41417.82681564246,179
061-grid_obstacles-diagonal,astar-octile,2,41836.36312849162,179
061-grid_obstacles-diagonal,astar-octile,3,41663.40782122905,179
061-grid_obstacles-diagonal,astar-octile,4,41664.804469273746,179
061-grid_obstacles-diagonal,astar-octile,5,41507.91061452514,179
061-grid_obstacles-diagonal,astar-octile,6,41424.8156424581,179
061-grid_obstacles-diagonal,astar-octile,7,41246.04469273743,179
061-grid_obstacles-diagonal,astar-octile,8,41401.53631284916,179
017-grid_obstacles-diagonal,astar-octile,0,20459.341389728095,331
017-grid_obstacles-diagonal,astar-octile,1,20358.383685800603,331
017-grid_obstacles-diagonal,astar-octile,2,20164.90332326284,331
017-grid_obstacles-diagonal,astar-octile,3,20210.09667673716,331
017-grid_obstacles-diagonal,astar-octile,4,20284.489425981872,331
017-grid_obstacles-diagonal,astar-octile,5,20448.262839879153,331
017-grid_obstacles-diagonal,astar-octile,6,20321.374622356496,331
017-grid_obstacles-diagonal,astar-octile,7,20229.480362537764,331
017-grid_obstacles-diagonal,astar-octile,8,20181.141993957703,331
050-maze_perfect,astar-zero,0,237987.5,40
050-maze_perfect,astar-zero,1,238135.425,40
050-maze_perfect,astar-zero,2,238355.225,40
050-maze_perfect,astar-zero,3,239685.4,40
050-maze_perfect,astar-zero,4,238091.675,40
050-maze_perfect,astar-zero,5,234812.5,40
050-maze_perfect,astar-zero,6,234190.625,40
050-maze_perfect,astar-zero,7,233638.55,40
050-maze_perfect,astar-zero,8,237220.825,40
004-complete,eager,0,4138.584117032393,957
004-complete,eager,1,4163.35736677116,957
004-complete,eager,2,4236.807732497387,957
004-complete,eager,3,4220.480668756531,957
004-complete,eager,4,4067.1368861024034,957
004-complete,eager,5,4041.7972831765937,957
004-complete,eager,6,4090.7345872518285,957
004-complete,eager,7,4087.121212121212,957
004-complete,eager,8,4123.91118077325,957
037-dense,astar-zero,0,42413.00975609756,205
037-dense,astar-zero,1,41527.23414634146,205
037-dense,astar-zero,2,41522.560975609755,205
037-dense,astar-zero,3,41440.243902439026,205
037-dense,astar-zero,4,41374.59512195122,205
037-dense,astar-zero,5,41240.85365853659,205
037-dense,astar-zero,6,41368.49756097561,205
037-dense,astar-zero,7,41163.00975609756,205
037-dense,astar-zero,8,41135.9756097561,205
022-grid_obstacles-diagonal,eager,0,544523.1111111111,18
022-grid_obstacles-diagonal,eager,1,540409.7222222222,18
022-grid_obstacles-diagonal,eager,2,543057.8333333334,18
022-grid_obstacles-diagonal,eager,3,544502.3333333334,18
022-grid_obstacles-diagonal,eager,4,543770.8333333334,18
022-grid_obstacles-diagonal,eager,5,540298.6111111111,18
022-grid_obstacles-diagonal,eager,6,536532.4444444445,18
022-grid_obstacles-diagonal,eager,7,535532.3888888889,18
022-grid_obstacles-diagonal,eager,8,537375.0,18
014-grid_wall,astar-zero,0,50015.797385620914,153
014-grid_wall,astar-zero,1,50696.62745098039,153
014-grid_wall,astar-zero,2,50302.83006535948,153
014-grid_wall,astar-zero,3,50426.74509803922,153
014-grid_wall,astar-zero,4,50507.07843137255,153
014-grid_wall,astar-zero,5,50410.13071895425,153
014-grid_wall,astar-zero,6,50314.54248366013,153
014-grid_wall,astar-zero,7,50280.50326797386,153
014-grid_wall,astar-zero,8,50477.94117647059,153
034-sparse,astar-euclidean,0,27904.372950819674,244
034-sparse,astar-euclidean,1,28113.385245901638,244
034-sparse,astar-euclidean,2,28192.963114754097,244
034-sparse,astar-euclidean,3,28015.200819672133,244
034-sparse,astar-euclidean,4,28094.774590163935,244
034-sparse,astar-euclidean,5,27921.450819672133,244
034-sparse,astar-euclidean,6,27662.909836065573,244
034-sparse,astar-euclidean,7,27737.536885245903,244
034-sparse,astar-euclidean,8,27607.581967213115,244
059-grid_obstacles-diagonal,astar-euclidean,0,28823.501872659177,267
059-grid_obstacles-diagonal,astar-euclidean,1,29129.992509363296,267
059-grid_obstacles-diagonal,astar-euclidean,2,29047.284644194755,267
059-grid_obstacles-diagonal,astar-euclidean,3,28977.21722846442,267
059-grid_obstacles-diagonal,astar-euclidean,4,29026.374531835205,267
059-grid_obstacles-diagonal,astar-euclidean,5,28716.60299625468,267
059-grid_obstacles-diagonal,astar-euclidean,6,28906.524344569287,267
059-grid_obstacles-diagonal,astar-euclidean,7,28628.588014981273,267
059-grid_obstacles-diagonal,astar-euclidean,8,28834.26966292135,267
032-maze_perfect,astar-euclidean,0,169338.84905660377,53
032-maze_perfect,astar-euclidean,1,169536.16981132075,53
032-maze_perfect,astar-euclidean,2,168195.75471698114,53
032-maze_perfect,astar-euclidean,3,169399.37735849057,53
032-maze_perfect,astar-euclidean,4,169270.45283018867,53
032-maze_perfect,astar-euclidean,5,167459.11320754717,53
032-maze_perfect,astar-euclidean,6,167150.15094339623,53
032-maze_perfect,astar-euclidean,7,167686.320754717,53
032-maze_perfect,astar-euclidean,8,167801.88679245283,53
040-grid_obstacles,list,0,36629.36666666667,210
040-grid_obstacles,list,1,36257.3380952381,210
040-grid_obstacles,list,2,36295.833333333336,210
040-grid_obstacles,list,3,36351.19047619047,210
040-grid_obstacles,list,4,36319.642857142855,210
040-grid_obstacles,list,5,36354.76190476191,210
040-grid_obstacles,list,6,36255.95238095238,210
040-grid_obstacles,list,7,36266.26666666667,210
040-grid_obstacles,list,8,36409.723809523806,210
026-grid_terrain,astar-zero,0,1377640.625,8
026-grid_terrain,astar-zero,1,1396192.75,8
026-grid_terrain,astar-zero,2,1383916.625,8
026-grid_terrain,astar-zero,3,1380479.125,8
026-grid_terrain,astar-zero,4,1364963.625,8
026-grid_terrain,astar-zero,5,1378677.0,8
026-grid_terrain,astar-zero,6,1370307.25,8
026-grid_terrain,astar-zero,7,1377380.25,8
026-grid_terrain,astar-zero,8,1373526.125,8
083-grid_open,lazy,0,95656.37078651685,89
083-grid_open,lazy,1,95909.6404494382,89
083-grid_open,lazy,2,96996.7191011236,89
083-grid_open,lazy,3,98488.76404494382,89
083-grid_open,lazy,4,98043.06741573034,89
083-grid_open,lazy,5,98844.10112359551,89
083-grid_open,lazy,6,95582.39325842696,89
083-grid_open,lazy,7,95696.15730337078,89
083-grid_open,lazy,8,96933.05617977527,89
060-grid_obstacles,astar-zero,0,163695.1754385965,57
060-grid_obstacles,astar-zero,1,165608.19298245615,57
060-grid_obstacles,astar-zero,2,163635.9649122807,57
060-grid_obstacles,astar-zero,3,162456.1403508772,57
060-grid_obstacles,astar-zero,4,164594.29824561405,57
060-grid_obstacles,astar-zero,5,164046.77192982455,57
060-grid_obstacles,astar-zero,6,163260.22807017545,57
060-grid_obstacles,astar-zero,7,165891.80701754385,57
060-grid_obstacles,astar-zero,8,164065.05263157896,57
008-sparse,astar-zero,0,140590.16393442624,61
008-sparse,astar-zero,1,141418.03278688525,61
008-sparse,astar-zero,2,140936.47540983607,61
008-sparse,astar-zero,3,142256.83606557376,61
008-sparse,astar-zero,4,141719.95081967214,61
008-sparse,astar-zero,5,140680.32786885247,61
008-sparse,astar-zero,6,140646.16393442624,61
008-sparse,astar-zero,7,140549.8524590164,61
008-sparse,astar-zero,8,140083.34426229508,61
040-grid_obstacles,astar-manhattan,0,11212.71278458844,571
040-grid_obstacles,astar-manhattan,1,11174.329246935202,571
040-grid_obstacles,astar-manhattan,2,11201.108581436078,571
040-grid_obstacles,astar-manhattan,3,11213.077057793345,571
040-grid_obstacles,astar-manhattan,4,11242.411558669002,571
040-grid_obstacles,astar-manhattan,5,11246.642732049037,571
040-grid_obstacles,astar-manhattan,6,11188.266199649737,571
040-grid_obstacles,astar-manhattan,7,11281.450087565674,571
040-grid_obstacles,astar-manhattan,8,11177.903677758319,571
049-maze_braided,astar-zero,0,189755.61538461538,52
049-maze_braided,astar-zero,1,190286.0576923077,52
049-maze_braided,astar-zero,2,187608.17307692306,52
049-maze_braided,astar-zero,3,190643.42307692306,52
049-maze_braided,astar-zero,4,189275.63461538462,52
049-maze_braided,astar-zero,5,189304.5,52
049-maze_braided,astar-zero,6,188167.46153846153,52
049-maze_braided,astar-zero,7,189112.98076923078,52
049-maze_braided,astar-zero,8,189011.21153846153,52
076-game_dungeon,list,0,36635.044642857145,224
076-game_dungeon,list,1,36927.267857142855,224
076-game_dungeon,list,2,36404.017857142855,224
076-game_dungeon,list,3,36508.74107142857,224
076-game_dungeon,list,4,36495.53571428572,224
076-game_dungeon,list,5,36542.96875,224
076-game_dungeon,list,6,36509.30357142857,224
076-game_dungeon,list,7,36446.24553571428,224
076-game_dungeon,list,8,36432.107142857145,224
016-grid_terrain,eager,0,167418.75,60
016-grid_terrain,eager,1,166825.0,60
016-grid_terrain,eager,2,167101.4,60
016-grid_terrain,eager,3,166485.41666666666,60
016-grid_terrain,eager,4,167450.0,60
016-grid_terrain,eager,5,167049.3,60
016-grid_terrain,eager,6,167288.2,60
016-grid_terrain,eager,7,166795.13333333333,60
016-grid_terrain,eager,8,168320.15,60
019-grid_wall,astar-zero,0,237387.88095238095,42
019-grid_wall,astar-zero,1,237700.40476190476,42
019-grid_wall,astar-zero,2,239193.45238095237,42
019-grid_wall,astar-zero,3,236204.38095238095,42
019-grid_wall,astar-zero,4,238030.7380952381,42
019-grid_wall,astar-zero,5,237878.97619047618,42
019-grid_wall,astar-zero,6,237576.40476190476,42
019-grid_wall,astar-zero,7,237194.45238095237,42
019-grid_wall,astar-zero,8,238531.7380952381,42
077-game_dungeon,eager,0,520529.15,20
077-game_dungeon,eager,1,518035.4,20
077-game_dungeon,eager,2,518006.25,20
077-game_dungeon,eager,3,512737.5,20
077-game_dungeon,eager,4,516772.9,20
077-game_dungeon,eager,5,514808.3,20
077-game_dungeon,eager,6,514404.15,20
077-game_dungeon,eager,7,518025.0,20
077-game_dungeon,eager,8,520654.15,20
086-grid_obstacles-diagonal,list,0,100880.37634408602,93
086-grid_obstacles-diagonal,list,1,101009.40860215054,93
086-grid_obstacles-diagonal,list,2,101038.0752688172,93
086-grid_obstacles-diagonal,list,3,101074.82795698925,93
086-grid_obstacles-diagonal,list,4,102396.05376344085,93
086-grid_obstacles-diagonal,list,5,100302.86021505376,93
086-grid_obstacles-diagonal,list,6,101291.21505376344,93
086-grid_obstacles-diagonal,list,7,101634.40860215054,93
086-grid_obstacles-diagonal,list,8,101093.19354838709,93
085-grid_terrain,astar-manhattan,0,78059.21052631579,114
085-grid_terrain,astar-manhattan,1,78291.66666666667,114
085-grid_terrain,astar-manhattan,2,78404.23684210527,114
085-grid_terrain,astar-manhattan,3,78600.14912280702,114
085-grid_terrain,astar-manhattan,4,78652.04385964913,114
085-grid_terrain,astar-manhattan,5,78122.44736842105,114
085-grid_terrain,astar-manhattan,6,77591.74561403508,114
085-grid_terrain,astar-manhattan,7,77716.37719298246,114
085-grid_terrain,astar-manhattan,8,77928.36842105263,114
075-streets,astar-zero,0,193340.14285714287,49
075-streets,astar-zero,1,194213.42857142858,49
075-streets,astar-zero,2,195810.3673469388,49
075-streets,astar-zero,3,202982.97959183675,49
075-streets,astar-zero,4,199049.32653061225,49
075-streets,astar-zero,5,195568.02040816325,49
075-streets,astar-zero,6,196201.5306122449,49
075-streets,astar-zero,7,197471.9387755102,49
075-streets,astar-zero,8,198012.75510204083,49
073-streets,astar-zero,0,590552.0625,16
073-streets,astar-zero,1,592932.3125,16
073-streets,astar-zero,2,606059.9375,16
073-streets,astar-zero,3,624317.75,16
073-streets,astar-zero,4,641333.375,16
073-streets,astar-zero,5,586359.375,16
073-streets,astar-zero,6,581184.875,16
073-streets,astar-zero,7,611575.5,16
073-streets,astar-zero,8,582130.1875,16
082-grid_wall,list,0,110817.71428571429,56
082-grid_wall,list,1,111284.21428571429,56
082-grid_wall,list,2,110811.01785714286,56
082-grid_wall,list,3,111496.26785714286,56
082-grid_wall,list,4,110132.44642857143,56
082-grid_wall,list,5,110615.32142857143,56
082-grid_wall,list,6,113723.21428571429,56
082-grid_wall,list,7,111461.32142857143,56
082-grid_wall,list,8,110706.10714285714,56
017-grid_obstacles-diagonal,astar-zero,0,50627.72619047619,168
017-grid_obstacles-diagonal,astar-zero,1,50868.30357142857,168
017-grid_obstacles-diagonal,astar-zero,2,50947.17261904762,168
017-grid_obstacles-diagonal,astar-zero,3,50893.60119047619,168
017-grid_obstacles-diagonal,astar-zero,4,50786.708333333336,168
017-grid_obstacles-diagonal,astar-zero,5,50613.58928571428,168
017-grid_obstacles-diagonal,astar-zero,6,50870.53571428572,168
017-grid_obstacles-diagonal,astar-zero,7,50912.70238095238,168
017-grid_obstacles-diagonal,astar-zero,8,50879.21428571428,168
078-game_dungeon,list,0,456783.71428571426,21
078-game_dungeon,list,1,460414.6666666667,21
078-game_dungeon,list,2,459220.2380952381,21
078-game_dungeon,list,3,459559.5238095238,21
078-game_dungeon,list,4,457706.3333333333,21
078-game_dungeon,list,5,461740.09523809527,21
078-game_dungeon,list,6,458426.5714285714,21
078-game_dungeon,list,7,454202.38095238095,21
078-game_dungeon,list,8,457789.6666666667,21
009-sparse,list,0,4775902.666666667,3
009-sparse,list,1,4743569.333333333,3
009-sparse,list,2,4780653.0,3
009-sparse,list,3,4753875.0,3
009-sparse,list,4,4737208.333333333,3
009-sparse,list,5,4768055.666666667,3
009-sparse,list,6,4746875.0,3
009-sparse,list,7,4776000.0,3
009-sparse,list,8,4771638.666666667,3
005-complete,list,0,3174.625,1000
005-complete,list,1,3178.833,1000
005-complete,list,2,3200.542,1000
005-complete,list,3,3146.625,1000
005-complete,list,4,3214.625,1000
005-complete,list,5,3172.375,1000
005-complete,list,6,3200.542,1000
005-complete,list,7,3172.083,1000
005-complete,list,8,3191.917,1000
038-dense,lazy,0,140130.0606060606,66
038-dense,lazy,1,140735.48484848486,66
038-dense,lazy,2,140263.87878787878,66
038-dense,lazy,3,140633.21212121213,66
038-dense,lazy,4,140773.36363636365,66
038-dense,lazy,5,140215.9090909091,66
038-dense,lazy,6,140551.13636363635,66
038-dense,lazy,7,140363.0,66
038-dense,lazy,8,140712.12121212122,66
077-game_dungeon,astar-zero,0,194265.5294117647,51
077-game_dungeon,astar-zero,1,255160.96078431373,51
077-game_dungeon,astar-zero,2,194965.6862745098,51
077-game_dungeon,astar-zero,3,196575.98039215687,51
077-game_dungeon,astar-zero,4,196274.50980392157,51
077-game_dungeon,astar-zero,5,197676.4705882353,51
077-game_dungeon,astar-zero,6,196906.03921568627,51
077-game_dungeon,astar-zero,7,203531.0588235294,51
077-game_dungeon,astar-zero,8,272736.9411764706,51
074-streets,lazy,0,514287.05555555556,18
074-streets,lazy,1,513268.55555555556,18
074-streets,lazy,2,506094.8888888889,18
074-streets,lazy,3,510960.6111111111,18
074-streets,lazy,4,499833.3333333333,18
074-streets,lazy,5,505490.72222222225,18
074-streets,lazy,6,521763.8888888889,18
074-streets,lazy,7,568277.7777777778,18
074-streets,lazy,8,508435.22222222225,18
001-unreachable,depth_first,0,1064.083,1000
001-unreachable,depth_first,1,960.334,1000
001-unreachable,depth_first,2,923.167,1000
001-unreachable,depth_first,3,941.5,1000
001-unreachable,depth_first,4,911.5,1000
001-unreachable,depth_first,5,904.084,1000
001-unreachable,depth_first,6,899.834,1000
001-unreachable,depth_first,7,902.041,1000
001-unreachable,depth_first,8,968.542,1000
086-grid_obstacles-diagonal,astar-zero,0,100840.0945945946,74
086-grid_obstacles-diagonal,astar-zero,1,101000.0,74
086-grid_obstacles-diagonal,astar-zero,2,100973.52702702703,74
086-grid_obstacles-diagonal,astar-zero,3,101337.83783783784,74
086-grid_obstacles-diagonal,astar-zero,4,100614.86486486487,74
086-grid_obstacles-diagonal,astar-zero,5,106474.0945945946,74
086-grid_obstacles-diagonal,astar-zero,6,107329.95945945945,74
086-grid_obstacles-diagonal,astar-zero,7,105904.83783783784,74
086-grid_obstacles-diagonal,astar-zero,8,106457.77027027027,74
009-sparse,astar-zero,0,656772.2666666667,15
009-sparse,astar-zero,1,654897.2,15
009-sparse,astar-zero,2,654980.6,15
009-sparse,astar-zero,3,651150.0,15
009-sparse,astar-zero,4,651100.0,15
009-sparse,astar-zero,5,650619.4,15
009-sparse,astar-zero,6,645663.8666666667,15
009-sparse,astar-zero,7,651727.8,15
009-sparse,astar-zero,8,648602.8,15
046-maze_perfect,astar-euclidean,0,28570.039426523297,279
046-maze_perfect,astar-euclidean,1,28379.48028673835,279
046-maze_perfect,astar-euclidean,2,28283.602150537634,279
046-maze_perfect,astar-euclidean,3,28325.2688172043,279
046-maze_perfect,astar-euclidean,4,28320.63799283154,279
046-maze_perfect,astar-euclidean,5,28267.62007168459,279
046-maze_perfect,astar-euclidean,6,28423.537634408603,279
046-maze_perfect,astar-euclidean,7,28284.200716845877,279
046-maze_perfect,astar-euclidean,8,28291.36559139785,279
035-sparse,lazy,0,131765.25352112675,71
035-sparse,lazy,1,131284.61971830987,71
035-sparse,lazy,2,131849.7605633803,71
035-sparse,lazy,3,131525.22535211267,71
035-sparse,lazy,4,131734.74647887325,71
035-sparse,lazy,5,130937.78873239437,71
035-sparse,lazy,6,130761.14084507042,71
035-sparse,lazy,7,131502.9295774648,71
035-sparse,lazy,8,131508.8028169014,71
059-grid_obstacles-diagonal,astar-zero,0,46945.13888888889,180
059-grid_obstacles-diagonal,astar-zero,1,47126.85555555556,180
059-grid_obstacles-diagonal,astar-zero,2,47433.8,180
059-grid_obstacles-diagonal,astar-zero,3,47266.205555555556,180
059-grid_obstacles-diagonal,astar-zero,4,47103.705555555556,180
059-grid_obstacles-diagonal,astar-zero,5,47294.21666666667,180
059-grid_obstacles-diagonal,astar-zero,6,46832.40555555555,180
059-grid_obstacles-diagonal,astar-zero,7,46980.09444444445,180
059-grid_obstacles-diagonal,astar-zero,8,47430.09444444445,180
063-grid_obstacles-diagonal,lazy,0,886958.3333333334,12
063-grid_obstacles-diagonal,lazy,1,884145.8333333334,12
063-grid_obstacles-diagonal,lazy,2,884347.1666666666,12
063-grid_obstacles-diagonal,lazy,3,881718.75,12
063-grid_obstacles-diagonal,lazy,4,878402.8333333334,12
063-grid_obstacles-diagonal,lazy,5,878222.25,12
063-grid_obstacles-diagonal,lazy,6,879187.5,12
063-grid_obstacles-diagonal,lazy,7,882069.4166666666,12
063-grid_obstacles-diagonal,lazy,8,879152.75,12
045-grid_obstacles-diagonal,eager,0,2561875.0,4
045-grid_obstacles-diagonal,eager,1,2549156.25,4
045-grid_obstacles-diagonal,eager,2,2545458.5,4
045-grid_obstacles-diagonal,eager,3,2594541.75,4
045-grid_obstacles-diagonal,eager,4,2674958.25,4
045-grid_obstacles-diagonal,eager,5,2552812.5,4
045-grid_obstacles-diagonal,eager,6,2580114.5,4
045-grid_obstacles-diagonal,eager,7,2551083.25,4
045-grid_obstacles-diagonal,eager,8,2550760.5,4
015-grid_obstacles,astar-euclidean,0,24061.05610561056,303
015-grid_obstacles,astar-euclidean,1,23807.34323432343,303
015-grid_obstacles,astar-euclidean,2,23692.79207920792,303
015-grid_obstacles,astar-euclidean,3,23833.884488448846,303
015-grid_obstacles,astar-euclidean,4,23555.006600660065,303
015-grid_obstacles,astar-euclidean,5,23579.346534653465,303
015-grid_obstacles,astar-euclidean,6,23800.468646864687,303
015-grid_obstacles,astar-euclidean,7,23872.25082508251,303
015-grid_obstacles,astar-euclidean,8,23940.320132013203,303
031-maze_braided,lazy,0,172110.10714285713,56
031-maze_braided,lazy,1,170959.0892857143,56
031-maze_braided,lazy,2,171487.35714285713,56
031-maze_braided,lazy,3,170257.42857142858,56
031-maze_braided,lazy,4,170572.9107142857,56
031-maze_braided,lazy,5,170679.32142857142,56
031-maze_braided,lazy,6,169889.125,56
031-maze_braided,lazy,7,171470.98214285713,56
031-maze_braided,lazy,8,170240.32142857142,56
059-grid_obstacles-diagonal,eager,0,109105.13953488372,86
059-grid_obstacles-diagonal,eager,1,108814.43023255814,86
059-grid_obstacles-diagonal,eager,2,109062.5,86
059-grid_obstacles-diagonal,eager,3,109433.61627906977,86
059-grid_obstacles-diagonal,eager,4,109433.13953488372,86
059-grid_obstacles-diagonal,eager,5,108311.52325581395,86
059-grid_obstacles-diagonal,eager,6,107991.76744186046,86
059-grid_obstacles-diagonal,eager,7,108595.44186046511,86
059-grid_obstacles-diagonal,eager,8,108172.96511627907,86
084-grid_obstacles,list,0,81218.75,112
084-grid_obstacles,list,1,81252.23214285714,112
084-grid_obstacles,list,2,81254.83035714286,112
084-grid_obstacles,list,3,81355.28571428571,112
084-grid_obstacles,list,4,81111.24107142857,112
084-grid_obstacles,list,5,80491.4375,112
084-grid_obstacles,list,6,80505.58035714286,112
084-grid_obstacles,list,7,81316.96428571429,112
084-grid_obstacles,list,8,80675.58928571429,112
028-maze_perfect,astar-euclidean,0,16458.104683195594,363
028-maze_perfect,astar-euclidean,1,16293.617079889807,363
028-maze_perfect,astar-euclidean,2,16063.01652892562,363
028-maze_perfect,astar-euclidean,3,16043.732782369147,363
028-maze_perfect,astar-euclidean,4,16119.490358126723,363
028-maze_perfect,astar-euclidean,5,16256.658402203857,363
028-maze_perfect,astar-euclidean,6,16135.561983471074,363
028-maze_perfect,astar-euclidean,7,16501.60606060606,363
028-maze_perfect,astar-euclidean,8,16412.650137741046,363
085-grid_terrain,astar-euclidean,0,104459.3373493976,83
085-grid_terrain,astar-euclidean,1,104703.31325301205,83
085-grid_terrain,astar-euclidean,2,104483.43373493975,83
085-grid_terrain,astar-euclidean,3,104539.6626506024,83
085-grid_terrain,astar-euclidean,4,104177.2048192771,83
085-grid_terrain,astar-euclidean,5,104526.10843373495,83
085-grid_terrain,astar-euclidean,6,104643.578313253,83
085-grid_terrain,astar-euclidean,7,104335.34939759035,83
085-grid_terrain,astar-euclidean,8,104104.40963855422,83
018-grid_open,lazy,0,201073.86363636365,44
018-grid_open,lazy,1,201321.97727272726,44
018-grid_open,lazy,2,204660.04545454544,44
018-grid_open,lazy,3,201548.29545454544,44
018-grid_open,lazy,4,200936.54545454544,44
018-grid_open,lazy,5,201716.86363636365,44
018-grid_open,lazy,6,200946.95454545456,44
018-grid_open,lazy,7,201890.1590909091,44
018-grid_open,lazy,8,201832.38636363635,44
041-grid_obstacles-diagonal,astar-octile,0,10083.332784184515,607
041-grid_obstacles-diagonal,astar-octile,1,10019.495881383855,607
041-grid_obstacles-diagonal,astar-octile,2,10102.48434925865,607
041-grid_obstacles-diagonal,astar-octile,3,10038.166392092257,607
041-grid_obstacles-diagonal,astar-octile,4,10047.706754530478,607
041-grid_obstacles-diagonal,astar-octile,5,9978.309719934103,607
041-grid_obstacles-diagonal,astar-octile,6,9987.370675453049,607
041-grid_obstacles-diagonal,astar-octile,7,9871.980230642504,607
041-grid_obstacles-diagonal,astar-octile,8,10003.500823723229,607
084-grid_obstacles,astar-manhattan,0,24962.949367088608,316
084-grid_obstacles,astar-manhattan,1,24885.41772151899,316
084-grid_obstacles,astar-manhattan,2,24953.851265822785,316
084-grid_obstacles,astar-manhattan,3,25453.45569620253,316
084-grid_obstacles,astar-manhattan,4,25389.50316455696,316
084-grid_obstacles,astar-manhattan,5,25103.63924050633,316
084-grid_obstacles,astar-manhattan,6,25393.32594936709,316
084-grid_obstacles,astar-manhattan,7,25169.436708860758,316
084-grid_obstacles,astar-manhattan,8,25232.59493670886,316
088-maze_braided,list,0,47355.46875,160
088-maze_braided,list,1,47537.5,160
088-maze_braided,list,2,47187.2375,160
088-maze_braided,list,3,47496.09375,160
088-maze_braided,list,4,47069.53125,160
088-maze_braided,list,5,47471.875,160
088-maze_braided,list,6,47006.25,160
088-maze_braided,list,7,47155.725,160
088-maze_braided,list,8,47009.375,160
073-streets,astar-euclidean,0,320856.3103448276,29
073-streets,astar-euclidean,1,317633.6206896552,29
073-streets,astar-euclidean,2,321818.9655172414,29
073-streets,astar-euclidean,3,317886.4827586207,29
073-streets,astar-euclidean,4,318511.5172413793,29
073-streets,astar-euclidean,5,319038.7931034483,29
073-streets,astar-euclidean,6,319764.3448275862,29
073-streets,astar-euclidean,7,319216.9310344828,29
073-streets,astar-euclidean,8,318166.6896551724,29
016-grid_terrain,list,0,70324.8671875,128
016-grid_terrain,list,1,70233.078125,128
016-grid_terrain,list,2,70181.3203125,128
016-grid_terrain,list,3,69920.8984375,128
016-grid_terrain,list,4,70484.703125,128
016-grid_terrain,list,5,69656.5703125,128
016-grid_terrain,list,6,70110.0234375,128
016-grid_terrain,list,7,70245.1171875,128
016-grid_terrain,list,8,70079.75,128
081-queue_stress,depth_first,0,4275.625,1000
081-queue_stress,depth_first,1,4410.708,1000
081-queue_stress,depth_first,2,4404.875,1000
081-queue_stress,depth_first,3,4438.208,1000
081-queue_stress,depth_first,4,4785.833,1000
081-queue_stress,depth_first,5,4882.875,1000
081-queue_stress,depth_first,6,4893.417,1000
081-queue_stress,depth_first,7,4799.042,1000
081-queue_stress,depth_first,8,4641.041,1000
077-game_dungeon,astar-euclidean,0,131077.05479452055,73
077-game_dungeon,astar-euclidean,1,129879.56164383562,73
077-game_dungeon,astar-euclidean,2,130490.87671232877,73
077-game_dungeon,astar-euclidean,3,129895.54794520549,73
077-game_dungeon,astar-euclidean,4,130335.04109589041,73
077-game_dungeon,astar-euclidean,5,130289.38356164383,73
077-game_dungeon,astar-euclidean,6,129517.69863013699,73
077-game_dungeon,astar-euclidean,7,129852.7397260274,73
077-game_dungeon,astar-euclidean,8,129494.86301369863,73
007-sparse,eager,0,69880.02586206897,116
007-sparse,eager,1,69161.27586206897,116
007-sparse,eager,2,69269.39655172414,116
007-sparse,eager,3,68614.22413793103,116
007-sparse,eager,4,68464.80172413793,116
007-sparse,eager,5,68445.04310344828,116
007-sparse,eager,6,68507.54310344828,116
007-sparse,eager,7,68161.99137931035,116
007-sparse,eager,8,68541.30172413793,116
024-grid_wall,list,0,1380567.625,8
024-grid_wall,list,1,1377270.875,8
024-grid_wall,list,2,1373203.125,8
024-grid_wall,list,3,1375411.5,8
024-grid_wall,list,4,1372500.0,8
024-grid_wall,list,5,1367390.625,8
024-grid_wall,list,6,1367880.25,8
024-grid_wall,list,7,1371187.5,8
024-grid_wall,list,8,1367161.375,8
076-game_dungeon,astar-euclidean,0,35573.529411764706,221
076-game_dungeon,astar-euclidean,1,35609.9185520362,221
076-game_dungeon,astar-euclidean,2,35688.91402714932,221
076-game_dungeon,astar-euclidean,3,35797.5113122172,221
076-game_dungeon,astar-euclidean,4,35583.89592760181,221
076-game_dungeon,astar-euclidean,5,35835.782805429866,221
076-game_dungeon,astar-euclidean,6,35533.371040723985,221
076-game_dungeon,astar-euclidean,7,35700.97737556561,221
076-game_dungeon,astar-euclidean,8,35764.52036199095,221
057-dense,astar-zero,0,530594.3157894737,19
057-dense,astar-zero,1,528146.8947368421,19
057-dense,astar-zero,2,529594.3157894737,19
057-dense,astar-zero,3,527960.5263157894,19
057-dense,astar-zero,4,530493.4210526316,19
057-dense,astar-zero,5,525870.6315789474,19
057-dense,astar-zero,6,529552.6315789474,19
057-dense,astar-zero,7,528146.947368421,19
057-dense,astar-zero,8,532050.4736842106,19
067-maze_braided,astar-manhattan,0,74522.225,120
067-maze_braided,astar-manhattan,1,74269.44166666667,120
067-maze_braided,astar-manhattan,2,73898.25833333333,120
067-maze_braided,astar-manhattan,3,74083.68333333333,120
067-maze_braided,astar-manhattan,4,73964.58333333333,120
067-maze_braided,astar-manhattan,5,73675.69166666667,120
067-maze_braided,astar-manhattan,6,73597.21666666666,120
067-maze_braided,astar-manhattan,7,74168.4,120
067-maze_braided,astar-manhattan,8,73984.025,120
019-grid_wall,astar-manhattan,0,209945.65217391305,46
019-grid_wall,astar-manhattan,1,210096.9347826087,46
019-grid_wall,astar-manhattan,2,209549.8260869565,46
019-grid_wall,astar-manhattan,3,209019.9347826087,46
019-grid_wall,astar-manhattan,4,210236.41304347827,46
019-grid_wall,astar-manhattan,5,209506.3260869565,46
019-grid_wall,astar-manhattan,6,209950.1739130435,46
019-grid_wall,astar-manhattan,7,209470.10869565216,46
019-grid_wall,astar-manhattan,8,210038.95652173914,46
000-small_weighted,depth_first,0,2832.125,1000
000-small_weighted,depth_first,1,2822.416,1000
000-small_weighted,depth_first,2,2802.458,1000
000-small_weighted,depth_first,3,2843.75,1000
000-small_weighted,depth_first,4,2835.083,1000
000-small_weighted,depth_first,5,2845.458,1000
000-small_weighted,depth_first,6,2846.833,1000
000-small_weighted,depth_first,7,2824.084,1000
000-small_weighted,depth_first,8,2805.25,1000
002-reopening,astar-euclidean,0,1079.792,1000
002-reopening,astar-euclidean,1,1082.292,1000
002-reopening,astar-euclidean,2,1041.166,1000
002-reopening,astar-euclidean,3,1086.167,1000
002-reopening,astar-euclidean,4,1121.917,1000
002-reopening,astar-euclidean,5,1137.167,1000
002-reopening,astar-euclidean,6,1086.334,1000
002-reopening,astar-euclidean,7,1099.375,1000
002-reopening,astar-euclidean,8,1108.791,1000
032-maze_perfect,astar-zero,0,208303.125,40
032-maze_perfect,astar-zero,1,215109.375,40
032-maze_perfect,astar-zero,2,202328.125,40
032-maze_perfect,astar-zero,3,253222.925,40
032-maze_perfect,astar-zero,4,220522.925,40
032-maze_perfect,astar-zero,5,215256.25,40
032-maze_perfect,astar-zero,6,216146.875,40
032-maze_perfect,astar-zero,7,208809.375,40
032-maze_perfect,astar-zero,8,213967.7,40
010-dense,astar-euclidean,0,44718.59296482412,199
010-dense,astar-euclidean,1,44964.195979899494,199
010-dense,astar-euclidean,2,44823.49246231156,199
010-dense,astar-euclidean,3,44808.417085427136,199
010-dense,astar-euclidean,4,44500.42211055276,199
010-dense,astar-euclidean,5,44548.1608040201,199
010-dense,astar-euclidean,6,44511.934673366835,199
010-dense,astar-euclidean,7,44875.62814070352,199
010-dense,astar-euclidean,8,44701.211055276384,199
041-grid_obstacles-diagonal,list,0,46099.545945945945,185
041-grid_obstacles-diagonal,list,1,46056.75675675676,185
041-grid_obstacles-diagonal,list,2,46160.362162162164,185
041-grid_obstacles-diagonal,list,3,46140.086486486485,185
041-grid_obstacles-diagonal,list,4,45945.27027027027,185
041-grid_obstacles-diagonal,list,5,46174.545945945945,185
041-grid_obstacles-diagonal,list,6,45972.51891891892,185
041-grid_obstacles-diagonal,list,7,45907.2054054054,185
041-grid_obstacles-diagonal,list,8,45875.67567567567,185
080-dense,list,0,7204.5142857142855,840
080-dense,list,1,7195.436904761905,840
080-dense,list,2,7157.390476190476,840
080-dense,list,3,7203.125,840
080-dense,list,4,7214.136904761905,840
080-dense,list,5,7203.969047619048,840
080-dense,list,6,7185.7642857142855,840
080-dense,list,7,7135.515476190476,840
080-dense,list,8,7201.785714285715,840
061-grid_obstacles-diagonal,lazy,0,171834.05263157896,57
061-grid_obstacles-diagonal,lazy,1,170804.1052631579,57
061-grid_obstacles-diagonal,lazy,2,170565.0701754386,57
061-grid_obstacles-diagonal,lazy,3,170067.24561403508,57
061-grid_obstacles-diagonal,lazy,4,171223.68421052632,57
061-grid_obstacles-diagonal,lazy,5,170331.87719298244,57
061-grid_obstacles-diagonal,lazy,6,171283.63157894736,57
061-grid_obstacles-diagonal,lazy,7,170207.59649122806,57
061-grid_obstacles-diagonal,lazy,8,170815.7894736842,57
064-maze_perfect,astar-euclidean,0,10829.252354048964,531
064-maze_perfect,astar-euclidean,1,10818.661016949152,531
064-maze_perfect,astar-euclidean,2,11912.114877589454,531
064-maze_perfect,astar-euclidean,3,10840.709981167609,531
064-maze_perfect,astar-euclidean,4,11227.007532956686,531
064-maze_perfect,astar-euclidean,5,11082.706214689266,531
064-maze_perfect,astar-euclidean,6,10961.787193973634,531
064-maze_perfect,astar-euclidean,7,10937.382297551789,531
064-maze_perfect,astar-euclidean,8,10841.572504708098,531
083-grid_open,astar-zero,0,110159.71794871795,78
083-grid_open,astar-zero,1,109210.47435897436,78
083-grid_open,astar-zero,2,111317.84615384616,78
083-grid_open,astar-zero,3,108480.23076923077,78
083-grid_open,astar-zero,4,110019.7564102564,78
083-grid_open,astar-zero,5,109317.83333333333,78
083-grid_open,astar-zero,6,109072.65384615384,78
083-grid_open,astar-zero,7,109347.23076923077,78
083-grid_open,astar-zero,8,108971.69230769231,78
028-maze_perfect,lazy,0,14897.538258575198,379
028-maze_perfect,lazy,1,14895.55672823219,379
028-maze_perfect,lazy,2,14875.110817941952,379
028-maze_perfect,lazy,3,14955.255936675461,379
028-maze_perfect,lazy,4,14933.926121372031,379
028-maze_perfect,lazy,5,14905.013192612138,379
028-maze_perfect,lazy,6,14870.160949868074,379
028-maze_perfect,lazy,7,14989.883905013192,379
028-maze_perfect,lazy,8,14907.540897097626,379
064-maze_perfect,list,0,11095.636203866432,569
064-maze_perfect,list,1,11166.813708260106,569
064-maze_perfect,list,2,11038.152899824254,569
064-maze_perfect,list,3,11137.228471001757,569
064-maze_perfect,list,4,11095.710017574693,569
064-maze_perfect,list,5,11100.982425307557,569
064-maze_perfect,list,6,11167.471001757469,569
064-maze_perfect,list,7,11063.488576449912,569
064-maze_perfect,list,8,11017.720562390157,569
031-maze_braided,eager,0,517312.5,20
031-maze_braided,eager,1,516779.15,20
031-maze_braided,eager,2,516554.15,20
031-maze_braided,eager,3,516360.4,20
031-maze_braided,eager,4,514616.65,20
031-maze_braided,eager,5,512416.65,20
031-maze_braided,eager,6,512572.9,20
031-maze_braided,eager,7,514104.2,20
031-maze_braided,eager,8,517197.9,20
083-grid_open,list,0,112199.6046511628,86
083-grid_open,list,1,112296.98837209302,86
083-grid_open,list,2,112103.19767441861,86
083-grid_open,list,3,111366.27906976744,86
083-grid_open,list,4,112266.47674418605,86
083-grid_open,list,5,112032.94186046511,86
083-grid_open,list,6,112646.80232558139,86
083-grid_open,list,7,111561.53488372093,86
083-grid_open,list,8,111799.90697674418,86
082-grid_wall,astar-euclidean,0,99821.4947368421,95
082-grid_wall,astar-euclidean,1,100067.54736842106,95
082-grid_wall,astar-euclidean,2,99507.8947368421,95
082-grid_wall,astar-euclidean,3,99841.23157894737,95
082-grid_wall,astar-euclidean,4,100168.85263157895,95
082-grid_wall,astar-euclidean,5,99431.57894736843,95
082-grid_wall,astar-euclidean,6,99649.56842105264,95
082-grid_wall,astar-euclidean,7,99150.87368421053,95
082-grid_wall,astar-euclidean,8,99279.83157894737,95
013-grid_open,astar-zero,0,48915.983606557376,183
013-grid_open,astar-zero,1,48851.77595628415,183
013-grid_open,astar-zero,2,48669.174863387976,183
013-grid_open,astar-zero,3,48793.49180327869,183
013-grid_open,astar-zero,4,48870.21857923497,183
013-grid_open,astar-zero,5,48951.72677595628,183
013-grid_open,astar-zero,6,48781.19672131148,183
013-grid_open,astar-zero,7,48543.49180327869,183
013-grid_open,astar-zero,8,48727.68306010929,183
055-dense,astar-zero,0,44047.79695431472,197
055-dense,astar-zero,1,44026.22335025381,197
055-dense,astar-zero,2,44158.41624365482,197
055-dense,astar-zero,3,44002.1116751269,197
055-dense,astar-zero,4,43908.84263959391,197
055-dense,astar-zero,5,43915.187817258884,197
055-dense,astar-zero,6,43946.91370558376,197
055-dense,astar-zero,7,43868.446700507615,197
055-dense,astar-zero,8,44052.03045685279,197
059-grid_obstacles-diagonal,lazy,0,42386.42131979695,197
059-grid_obstacles-diagonal,lazy,1,42208.12182741117,197
059-grid_obstacles-diagonal,lazy,2,42146.36040609137,197
059-grid_obstacles-diagonal,lazy,3,42032.78172588832,197
059-grid_obstacles-diagonal,lazy,4,42108.71573604061,197
059-grid_obstacles-diagonal,lazy,5,42178.51269035533,197
059-grid_obstacles-diagonal,lazy,6,42372.88324873096,197
059-grid_obstacles-diagonal,lazy,7,42911.58883248731,197
059-grid_obstacles-diagonal,lazy,8,43860.82741116751,197
010-dense,lazy,0,41696.98591549296,213
010-dense,lazy,1,41583.920187793425,213
010-dense,lazy,2,41522.49765258216,213
010-dense,lazy,3,41576.8779342723,213
010-dense,lazy,4,41326.09389671362,213
010-dense,lazy,5,41620.30516431925,213
010-dense,lazy,6,41316.1220657277,213
010-dense,lazy,7,41187.79342723005,213
010-dense,lazy,8,41358.765258215964,213
036-sparse,list,0,4733097.333333333,3
036-sparse,list,1,4715541.666666667,3
036-sparse,list,2,4752236.0,3
036-sparse,list,3,4718791.666666667,3
036-sparse,list,4,4674930.666666667,3
036-sparse,list,5,4727861.0,3
036-sparse,list,6,4730041.666666667,3
036-sparse,list,7,4725041.666666667,3
036-sparse,list,8,4714555.333333333,3
025-grid_obstacles,astar-euclidean,0,382043.32,25
025-grid_obstacles,astar-euclidean,1,379060.0,25
025-grid_obstacles,astar-euclidean,2,380861.64,25
025-grid_obstacles,astar-euclidean,3,379075.0,25
025-grid_obstacles,astar-euclidean,4,380845.0,25
025-grid_obstacles,astar-euclidean,5,378656.68,25
025-grid_obstacles,astar-euclidean,6,377143.32,25
025-grid_obstacles,astar-euclidean,7,376036.68,25
025-grid_obstacles,astar-euclidean,8,381235.0,25
008-sparse,lazy,0,127032.0945945946,74
008-sparse,lazy,1,126029.83783783784,74
008-sparse,lazy,2,126242.1081081081,74
008-sparse,lazy,3,126617.68918918919,74
008-sparse,lazy,4,125915.54054054055,74
008-sparse,lazy,5,125318.13513513513,74
008-sparse,lazy,6,125936.93243243243,74
008-sparse,lazy,7,126718.47297297297,74
008-sparse,lazy,8,127286.5945945946,74
023-grid_open,list,0,1511261.857142857,7
023-grid_open,list,1,1507952.4285714286,7
023-grid_open,list,2,1507023.857142857,7
023-grid_open,list,3,1505964.2857142857,7
023-grid_open,list,4,1504303.5714285714,7
023-grid_open,list,5,1504994.0,7
023-grid_open,list,6,1501779.7142857143,7
023-grid_open,list,7,1504512.0,7
023-grid_open,list,8,1506250.0,7
000-small_weighted,list,0,3058.791,1000
000-small_weighted,list,1,2847.708,1000
000-small_weighted,list,2,2836.334,1000
000-small_weighted,list,3,2786.625,1000
000-small_weighted,list,4,2825.042,1000
000-small_weighted,list,5,3032.75,1000
000-small_weighted,list,6,3070.833,1000
000-small_weighted,list,7,2756.709,1000
000-small_weighted,list,8,2776.292,1000
021-grid_terrain,eager,0,844566.0,12
021-grid_terrain,eager,1,837552.0833333334,12
021-grid_terrain,eager,2,824017.3333333334,12
021-grid_terrain,eager,3,818611.1666666666,12
021-grid_terrain,eager,4,813597.1666666666,12
021-grid_terrain,eager,5,809451.3333333334,12
021-grid_terrain,eager,6,811142.3333333334,12
021-grid_terrain,eager,7,812895.8333333334,12
021-grid_terrain,eager,8,806486.0833333334,12
029-maze_braided,astar-zero,0,41569.375,200
029-maze_braided,astar-zero,1,41545.835,200
029-maze_braided,astar-zero,2,41744.17,200
029-maze_braided,astar-zero,3,41822.085,200
029-maze_braided,astar-zero,4,41609.585,200
029-maze_braided,astar-zero,5,41578.75,200
029-maze_braided,astar-zero,6,41736.25,200
029-maze_braided,astar-zero,7,41349.585,200
029-maze_braided,astar-zero,8,41672.29,200
074-streets,eager,0,1675944.5,6
074-streets,eager,1,1670520.8333333333,6
074-streets,eager,2,1662284.8333333333,6
074-streets,eager,3,1664173.5,6
074-streets,eager,4,1655312.5,6
074-streets,eager,5,1652604.1666666667,6
074-streets,eager,6,1659444.5,6
074-streets,eager,7,1651284.6666666667,6
074-streets,eager,8,1645777.6666666667,6
034-sparse,list,0,37117.68859649123,228
034-sparse,list,1,37097.587719298244,228
034-sparse,list,2,37209.79385964912,228
034-sparse,list,3,37313.04824561404,228
034-sparse,list,4,37023.20614035088,228
034-sparse,list,5,37127.56140350877,228
034-sparse,list,6,37067.98245614035,228
034-sparse,list,7,37061.03947368421,228
034-sparse,list,8,37076.57456140351,228
036-sparse,lazy,0,593713.5625,16
036-sparse,lazy,1,588286.4375,16
036-sparse,lazy,2,593557.3125,16
036-sparse,lazy,3,593682.25,16
036-sparse,lazy,4,594471.375,16
036-sparse,lazy,5,590088.5,16
036-sparse,lazy,6,591901.0625,16
036-sparse,lazy,7,590372.375,16
036-sparse,lazy,8,588369.8125,16
084-grid_obstacles,lazy,0,74197.49593495936,123
084-grid_obstacles,lazy,1,74837.05691056911,123
084-grid_obstacles,lazy,2,75106.0243902439,123
084-grid_obstacles,lazy,3,74682.9268292683,123
084-grid_obstacles,lazy,4,74785.23577235773,123
084-grid_obstacles,lazy,5,73897.35772357724,123
084-grid_obstacles,lazy,6,74677.84552845529,123
084-grid_obstacles,lazy,7,75126.69105691057,123
084-grid_obstacles,lazy,8,74858.40650406505,123
036-sparse,astar-euclidean,0,608825.5625,16
036-sparse,astar-euclidean,1,603481.75,16
036-sparse,astar-euclidean,2,605299.5,16
036-sparse,astar-euclidean,3,600276.0,16
036-sparse,astar-euclidean,4,598463.5625,16
036-sparse,astar-euclidean,5,600572.875,16
036-sparse,astar-euclidean,6,597330.75,16
036-sparse,astar-euclidean,7,600458.3125,16
036-sparse,astar-euclidean,8,806846.375,16
068-maze_perfect,lazy,0,289422.79411764705,34
068-maze_perfect,lazy,1,290121.32352941175,34
068-maze_perfect,lazy,2,299783.0882352941,34
068-maze_perfect,lazy,3,290631.1176470588,34
068-maze_perfect,lazy,4,292734.0588235294,34
068-maze_perfect,lazy,5,287613.9705882353,34
068-maze_perfect,lazy,6,290046.5882352941,34
068-maze_perfect,lazy,7,289296.5588235294,34
068-maze_perfect,lazy,8,287022.0588235294,34
064-maze_perfect,eager,0,17350.74396135266,414
064-maze_perfect,eager,1,17320.954106280195,414
064-maze_perfect,eager,2,17300.222222222223,414
064-maze_perfect,eager,3,17067.632850241545,414
064-maze_perfect,eager,4,17233.997584541063,414
064-maze_perfect,eager,5,17156.0,414
064-maze_perfect,eager,6,17255.434782608696,414
064-maze_perfect,eager,7,17192.330917874395,414
064-maze_perfect,eager,8,17270.328502415457,414
081-queue_stress,eager,0,7458.063636363637,770
081-queue_stress,eager,1,7489.772727272727,770
081-queue_stress,eager,2,7397.510389610389,770
081-queue_stress,eager,3,7525.594805194805,770
081-queue_stress,eager,4,7552.11038961039,770
081-queue_stress,eager,5,7465.314285714286,770
081-queue_stress,eager,6,7499.242857142857,770
081-queue_stress,eager,7,7491.071428571428,770
081-queue_stress,eager,8,7470.887012987013,770
001-unreachable,astar-euclidean,0,704.0,1000
001-unreachable,astar-euclidean,1,697.625,1000
001-unreachable,astar-euclidean,2,748.708,1000
001-unreachable,astar-euclidean,3,697.417,1000
001-unreachable,astar-euclidean,4,695.416,1000
001-unreachable,astar-euclidean,5,713.625,1000
001-unreachable,astar-euclidean,6,734.75,1000
001-unreachable,astar-euclidean,7,687.292,1000
001-unreachable,astar-euclidean,8,694.375,1000
058-grid_obstacles,lazy,0,34848.338983050846,236
058-grid_obstacles,lazy,1,34803.495762711864,236
058-grid_obstacles,lazy,2,35031.07203389831,236
058-grid_obstacles,lazy,3,34984.63983050847,236
058-grid_obstacles,lazy,4,34883.122881355936,236
058-grid_obstacles,lazy,5,34931.5,236
058-grid_obstacles,lazy,6,34662.07627118644,236
058-grid_obstacles,lazy,7,34803.495762711864,236
058-grid_obstacles,lazy,8,34841.457627118645,236
027-grid_obstacles-diagonal,lazy,0,871822.9166666666,12
027-grid_obstacles-diagonal,lazy,1,871097.1666666666,12
027-grid_obstacles-diagonal,lazy,2,874941.0,12
027-grid_obstacles-diagonal,lazy,3,871965.25,12
027-grid_obstacles-diagonal,lazy,4,865600.6666666666,12
027-grid_obstacles-diagonal,lazy,5,867104.1666666666,12
027-grid_obstacles-diagonal,lazy,6,865680.5,12
027-grid_obstacles-diagonal,lazy,7,860454.9166666666,12
027-grid_obstacles-diagonal,lazy,8,866326.4166666666,12
063-grid_obstacles-diagonal,astar-euclidean,0,461452.38095238095,21
063-grid_obstacles-diagonal,astar-euclidean,1,459664.6666666667,21
063-grid_obstacles-diagonal,astar-euclidean,2,460138.85714285716,21
063-grid_obstacles-diagonal,astar-euclidean,3,458075.38095238095,21
063-grid_obstacles-diagonal,astar-euclidean,4,456613.09523809527,21
063-grid_obstacles-diagonal,astar-euclidean,5,456763.85714285716,21
063-grid_obstacles-diagonal,astar-euclidean,6,458313.4761904762,21
063-grid_obstacles-diagonal,astar-euclidean,7,457301.61904761905,21
063-grid_obstacles-diagonal,astar-euclidean,8,460212.28571428574,21
013-grid_open,lazy,0,42997.89937106918,159
013-grid_open,lazy,1,42693.1320754717,159
013-grid_open,lazy,2,42789.56603773585,159
013-grid_open,lazy,3,42807.654088050316,159
013-grid_open,lazy,4,42885.48427672956,159
013-grid_open,lazy,5,42841.71698113208,159
013-grid_open,lazy,6,42855.345911949684,159
013-grid_open,lazy,7,43156.18238993711,159
013-grid_open,lazy,8,42746.85534591195,159
061-grid_obstacles-diagonal,list,0,224029.7619047619,42
061-grid_obstacles-diagonal,list,1,220907.7380952381,42
061-grid_obstacles-diagonal,list,2,221539.69047619047,42
061-grid_obstacles-diagonal,list,3,221488.09523809524,42
061-grid_obstacles-diagonal,list,4,221284.7380952381,42
061-grid_obstacles-diagonal,list,5,225726.19047619047,42
061-grid_obstacles-diagonal,list,6,221540.69047619047,42
061-grid_obstacles-diagonal,list,7,220441.45238095237,42
061-grid_obstacles-diagonal,list,8,224519.85714285713,42
082-grid_wall,eager,0,287765.9411764706,34
082-grid_wall,eager,1,289268.3823529412,34
082-grid_wall,eager,2,286015.9411764706,34
082-grid_wall,eager,3,285659.29411764705,34
082-grid_wall,eager,4,286540.4411764706,34
082-grid_wall,eager,5,287962.0294117647,34
082-grid_wall,eager,6,290379.9117647059,34
082-grid_wall,eager,7,290951.0,34
082-grid_wall,eager,8,295403.20588235295,34
086-grid_obstacles-diagonal,eager,0,248278.5,38
086-grid_obstacles-diagonal,eager,1,246168.86842105264,38
086-grid_obstacles-diagonal,eager,2,249998.8947368421,38
086-grid_obstacles-diagonal,eager,3,249940.7894736842,38
086-grid_obstacles-diagonal,eager,4,247660.07894736843,38
086-grid_obstacles-diagonal,eager,5,245918.86842105264,38
086-grid_obstacles-diagonal,eager,6,248039.47368421053,38
086-grid_obstacles-diagonal,eager,7,248243.42105263157,38
086-grid_obstacles-diagonal,eager,8,246781.7894736842,38
030-maze_perfect,list,0,57881.48148148148,135
030-maze_perfect,list,1,58237.96296296296,135
030-maze_perfect,list,2,58229.94074074074,135
030-maze_perfect,list,3,57645.05925925926,135
030-maze_perfect,list,4,57649.69629629629,135
030-maze_perfect,list,5,57662.65185185185,135
030-maze_perfect,list,6,58163.57777777778,135
030-maze_perfect,list,7,57809.25925925926,135
030-maze_perfect,list,8,57825.311111111114,135
082-grid_wall,astar-manhattan,0,96882.10227272728,88
082-grid_wall,astar-manhattan,1,96952.18181818182,88
082-grid_wall,astar-manhattan,2,97553.5,88
082-grid_wall,astar-manhattan,3,97978.21590909091,88
082-grid_wall,astar-manhattan,4,97535.51136363637,88
082-grid_wall,astar-manhattan,5,97631.15909090909,88
082-grid_wall,astar-manhattan,6,98034.09090909091,88
082-grid_wall,astar-manhattan,7,98419.03409090909,88
082-grid_wall,astar-manhattan,8,98160.98863636363,88
043-grid_obstacles-diagonal,astar-euclidean,0,44663.17365269461,167
043-grid_obstacles-diagonal,astar-euclidean,1,44045.155688622755,167
043-grid_obstacles-diagonal,astar-euclidean,2,44318.113772455086,167
043-grid_obstacles-diagonal,astar-euclidean,3,43925.40119760479,167
043-grid_obstacles-diagonal,astar-euclidean,4,44263.22155688623,167
043-grid_obstacles-diagonal,astar-euclidean,5,43849.55089820359,167
043-grid_obstacles-diagonal,astar-euclidean,6,44154.44311377245,167
043-grid_obstacles-diagonal,astar-euclidean,7,43780.934131736525,167
043-grid_obstacles-diagonal,astar-euclidean,8,43889.22155688623,167
047-maze_braided,eager,0,107908.67123287672,73
047-maze_braided,eager,1,108613.01369863014,73
047-maze_braided,eager,2,106545.65753424658,73
047-maze_braided,eager,3,104760.8493150685,73
047-maze_braided,eager,4,105272.82191780822,73
047-maze_braided,eager,5,104403.53424657535,73
047-maze_braided,eager,6,105355.5890410959,73
047-maze_braided,eager,7,104948.6301369863,73
047-maze_braided,eager,8,104941.20547945205,73
084-grid_obstacles,astar-zero,0,86746.28712871287,101
084-grid_obstacles,astar-zero,1,86965.34653465346,101
084-grid_obstacles,astar-zero,2,86945.9603960396,101
084-grid_obstacles,astar-zero,3,87804.45544554456,101
084-grid_obstacles,astar-zero,4,86569.30693069307,101
084-grid_obstacles,astar-zero,5,86984.73267326732,101
084-grid_obstacles,astar-zero,6,86302.81188118811,101
084-grid_obstacles,astar-zero,7,86404.28712871287,101
084-grid_obstacles,astar-zero,8,86341.17821782178,101
050-maze_perfect,lazy,0,202320.02127659574,47
050-maze_perfect,lazy,1,202145.3829787234,47
050-maze_perfect,lazy,2,201276.59574468085,47
050-maze_perfect,lazy,3,200682.63829787233,47
050-maze_perfect,lazy,4,201695.914893617,47
050-maze_perfect,lazy,5,201590.4255319149,47
050-maze_perfect,lazy,6,201103.72340425532,47
050-maze_perfect,lazy,7,201727.82978723405,47
050-maze_perfect,lazy,8,201294.31914893616,47
047-maze_braided,list,0,40218.75,212
047-maze_braided,list,1,40564.66509433962,212
047-maze_braided,list,2,39998.42924528302,212
047-maze_braided,list,3,39637.97169811321,212
047-maze_braided,list,4,39673.15566037736,212
047-maze_braided,list,5,39430.42452830189,212
047-maze_braided,list,6,39499.014150943396,212
047-maze_braided,list,7,39462.660377358494,212
047-maze_braided,list,8,39479.561320754714,212
079-sparse,list,0,5938.119957537155,942
079-sparse,list,1,5890.4819532908705,942
079-sparse,list,2,5904.370488322717,942
079-sparse,list,3,5933.829087048833,942
079-sparse,list,4,5948.15923566879,942
079-sparse,list,5,5898.619957537155,942
079-sparse,list,6,5895.347133757962,942
079-sparse,list,7,5973.328025477707,942
079-sparse,list,8,5890.127388535032,942
018-grid_open,list,0,251477.075,40
018-grid_open,list,1,252734.375,40
018-grid_open,list,2,252063.525,40
018-grid_open,list,3,251105.2,40
018-grid_open,list,4,251281.25,40
018-grid_open,list,5,252036.45,40
018-grid_open,list,6,251472.9,40
018-grid_open,list,7,250321.875,40
018-grid_open,list,8,251406.25,40
042-grid_obstacles,astar-manhattan,0,43121.192893401014,197
042-grid_obstacles,astar-manhattan,1,43307.31979695432,197
042-grid_obstacles,astar-manhattan,2,43100.8883248731,197
042-grid_obstacles,astar-manhattan,3,43282.56852791878,197
042-grid_obstacles,astar-manhattan,4,42928.08629441624,197
042-grid_obstacles,astar-manhattan,5,43254.233502538074,197
042-grid_obstacles,astar-manhattan,6,43085.238578680204,197
042-grid_obstacles,astar-manhattan,7,43242.812182741116,197
042-grid_obstacles,astar-manhattan,8,42868.654822335026,197
050-maze_perfect,list,0,215183.33333333334,45
050-maze_perfect,list,1,216524.06666666668,45
050-maze_perfect,list,2,214829.6222222222,45
050-maze_perfect,list,3,213634.24444444446,45
050-maze_perfect,list,4,215100.93333333332,45
050-maze_perfect,list,5,214742.57777777777,45
050-maze_perfect,list,6,215267.6,45
050-maze_perfect,list,7,215385.2,45
050-maze_perfect,list,8,214265.73333333334,45
024-grid_wall,astar-euclidean,0,940904.1,10
024-grid_wall,astar-euclidean,1,936812.5,10
024-grid_wall,astar-euclidean,2,936550.0,10
024-grid_wall,astar-euclidean,3,930191.6,10
024-grid_wall,astar-euclidean,4,929241.7,10
024-grid_wall,astar-euclidean,5,935125.0,10
024-grid_wall,astar-euclidean,6,932966.6,10
024-grid_wall,astar-euclidean,7,932879.1,10
024-grid_wall,astar-euclidean,8,931970.8,10
064-maze_perfect,astar-manhattan,0,11428.850943396226,530
064-maze_perfect,astar-manhattan,1,11398.269811320755,530
064-maze_perfect,astar-manhattan,2,11268.475471698113,530
064-maze_perfect,astar-manhattan,3,11477.437735849056,530
064-maze_perfect,astar-manhattan,4,11510.377358490567,530
064-maze_perfect,astar-manhattan,5,11291.903773584905,530
064-maze_perfect,astar-manhattan,6,11349.292452830188,530
064-maze_perfect,astar-manhattan,7,11355.501886792454,530
064-maze_perfect,astar-manhattan,8,11375.315094339623,530
042-grid_obstacles,astar-zero,0,178551.6851851852,54
042-grid_obstacles,astar-zero,1,178540.12962962964,54
042-grid_obstacles,astar-zero,2,178480.72222222222,54
042-grid_obstacles,astar-zero,3,178248.46296296295,54
042-grid_obstacles,astar-zero,4,178425.92592592593,54
042-grid_obstacles,astar-zero,5,177891.96296296295,54
042-grid_obstacles,astar-zero,6,178369.59259259258,54
042-grid_obstacles,astar-zero,7,177992.27777777778,54
042-grid_obstacles,astar-zero,8,177514.66666666666,54
056-dense,eager,0,200225.54347826086,46
056-dense,eager,1,206153.97826086957,46
056-dense,eager,2,193209.23913043478,46
056-dense,eager,3,194333.3260869565,46
056-dense,eager,4,192715.58695652173,46
056-dense,eager,5,199067.04347826086,46
056-dense,eager,6,196233.69565217392,46
056-dense,eager,7,191625.91304347827,46
056-dense,eager,8,190737.3260869565,46
048-maze_perfect,astar-euclidean,0,79714.28571428571,112
048-maze_perfect,astar-euclidean,1,79479.91071428571,112
048-maze_perfect,astar-euclidean,2,79665.17857142857,112
048-maze_perfect,astar-euclidean,3,79833.70535714286,112
048-maze_perfect,astar-euclidean,4,79296.13392857143,112
048-maze_perfect,astar-euclidean,5,78958.70535714286,112
048-maze_perfect,astar-euclidean,6,79188.61607142857,112
048-maze_perfect,astar-euclidean,7,81049.48214285714,112
048-maze_perfect,astar-euclidean,8,79795.00892857143,112
038-dense,eager,0,192403.64583333334,48
038-dense,eager,1,198983.5,48
038-dense,eager,2,194736.10416666666,48
038-dense,eager,3,193511.29166666666,48
038-dense,eager,4,195434.04166666666,48
038-dense,eager,5,189949.64583333334,48
038-dense,eager,6,190863.70833333334,48
038-dense,eager,7,207424.47916666666,48
038-dense,eager,8,196533.85416666666,48
067-maze_braided,astar-euclidean,0,116347.23076923077,78
067-maze_braided,astar-euclidean,1,118131.94871794872,78
067-maze_braided,astar-euclidean,2,120683.7564102564,78
067-maze_braided,astar-euclidean,3,116694.44871794872,78
067-maze_braided,astar-euclidean,4,115824.78205128205,78
067-maze_braided,astar-euclidean,5,116158.11538461539,78
067-maze_braided,astar-euclidean,6,117228.6282051282,78
067-maze_braided,astar-euclidean,7,116675.20512820513,78
067-maze_braided,astar-euclidean,8,119986.11538461539,78
069-maze_braided,eager,0,1295385.375,8
069-maze_braided,eager,1,1299625.0,8
069-maze_braided,eager,2,1293718.75,8
069-maze_braided,eager,3,1283109.375,8
069-maze_braided,eager,4,1279260.5,8
069-maze_braided,eager,5,1289281.25,8
069-maze_braided,eager,6,1285130.25,8
069-maze_braided,eager,7,1280578.125,8
069-maze_braided,eager,8,1278239.5,8
006-complete,list,0,4675.458,1000
006-complete,list,1,4679.167,1000
006-complete,list,2,4644.833,1000
006-complete,list,3,4675.125,1000
006-complete,list,4,4596.375,1000
006-complete,list,5,4592.167,1000
006-complete,list,6,4592.833,1000
006-complete,list,7,4613.5,1000
006-complete,list,8,4625.0,1000
072-queue_stress,list,0,97156750.0,1
072-queue_stress,list,1,108384000.0,1
072-queue_stress,list,2,97436208.0,1
072-queue_stress,list,3,97626208.0,1
072-queue_stress,list,4,98378750.0,1
072-queue_stress,list,5,98369750.0,1
072-queue_stress,list,6,99100500.0,1
072-queue_stress,list,7,98674250.0,1
072-queue_stress,list,8,99094625.0,1
043-grid_obstacles-diagonal,eager,0,503179.2,20
043-grid_obstacles-diagonal,eager,1,501318.75,20
043-grid_obstacles-diagonal,eager,2,501641.65,20
043-grid_obstacles-diagonal,eager,3,498922.95,20
043-grid_obstacles-diagonal,eager,4,498764.6,20
043-grid_obstacles-diagonal,eager,5,497097.9,20
043-grid_obstacles-diagonal,eager,6,498893.75,20
043-grid_obstacles-diagonal,eager,7,496964.6,20
043-grid_obstacles-diagonal,eager,8,497175.0,20
006-complete,lazy,0,4473.25,1000
006-complete,lazy,1,4727.5,1000
006-complete,lazy,2,4508.166,1000
006-complete,lazy,3,4497.542,1000
006-complete,lazy,4,4453.791,1000
006-complete,lazy,5,4453.708,1000
006-complete,lazy,6,4433.125,1000
006-complete,lazy,7,4504.542,1000
006-complete,lazy,8,4418.083,1000
087-maze_perfect,lazy,0,23484.062695924764,319
087-maze_perfect,lazy,1,23495.166144200626,319
087-maze_perfect,lazy,2,23347.833855799374,319
087-maze_perfect,lazy,3,23412.880877742948,319
087-maze_perfect,lazy,4,23317.398119122256,319
087-maze_perfect,lazy,5,23324.84326018809,319
087-maze_perfect,lazy,6,23367.686520376177,319
087-maze_perfect,lazy,7,23201.278996865203,319
087-maze_perfect,lazy,8,23325.498432601882,319
040-grid_obstacles,astar-euclidean,0,10714.731239092496,573
040-grid_obstacles,astar-euclidean,1,10660.195462478185,573
040-grid_obstacles,astar-euclidean,2,10634.452006980802,573
040-grid_obstacles,astar-euclidean,3,10671.102966841187,573
040-grid_obstacles,astar-euclidean,4,10733.493891797556,573
040-grid_obstacles,astar-euclidean,5,10619.038394415358,573
040-grid_obstacles,astar-euclidean,6,10574.171029668412,573
040-grid_obstacles,astar-euclidean,7,10542.610820244328,573
040-grid_obstacles,astar-euclidean,8,10687.68237347295,573
037-dense,eager,0,59894.19078947369,152
037-dense,eager,1,60234.65131578947,152
037-dense,eager,2,59544.68421052631,152
037-dense,eager,3,59614.58552631579,152
037-dense,eager,4,59641.72368421053,152
037-dense,eager,5,59233.55263157895,152
037-dense,eager,6,59885.42105263158,152
037-dense,eager,7,59472.31578947369,152
037-dense,eager,8,59625.55263157895,152
020-grid_obstacles,astar-zero,0,193496.44680851063,47
020-grid_obstacles,astar-zero,1,193252.6595744681,47
020-grid_obstacles,astar-zero,2,192882.97872340426,47
020-grid_obstacles,astar-zero,3,192986.70212765958,47
020-grid_obstacles,astar-zero,4,191588.63829787233,47
020-grid_obstacles,astar-zero,5,191609.04255319148,47
020-grid_obstacles,astar-zero,6,191612.59574468085,47
020-grid_obstacles,astar-zero,7,191292.55319148937,47
020-grid_obstacles,astar-zero,8,191579.78723404257,47
029-maze_braided,lazy,0,35732.043103448275,232
029-maze_braided,lazy,1,35659.120689655174,232
029-maze_braided,lazy,2,35588.900862068964,232
029-maze_braided,lazy,3,35622.668103448275,232
029-maze_braided,lazy,4,35653.375,232
029-maze_braided,lazy,5,35544.362068965514,232
029-maze_braided,lazy,6,35672.05172413793,232
029-maze_braided,lazy,7,35537.53448275862,232
029-maze_braided,lazy,8,35514.72844827586,232
024-grid_wall,lazy,0,993454.2,10
024-grid_wall,lazy,1,966225.0,10
024-grid_wall,lazy,2,970545.8,10
024-grid_wall,lazy,3,963312.5,10
024-grid_wall,lazy,4,988462.5,10
024-grid_wall,lazy,5,967387.5,10
024-grid_wall,lazy,6,963679.2,10
024-grid_wall,lazy,7,960891.7,10
024-grid_wall,lazy,8,1177945.9,10
081-queue_stress,lazy,0,4300.0,1000
081-queue_stress,lazy,1,4309.875,1000
081-queue_stress,lazy,2,4385.916,1000
081-queue_stress,lazy,3,4344.792,1000
081-queue_stress,lazy,4,4373.041,1000
081-queue_stress,lazy,5,4389.542,1000
081-queue_stress,lazy,6,4352.291,1000
081-queue_stress,lazy,7,4370.0,1000
081-queue_stress,lazy,8,4366.666,1000
085-grid_terrain,astar-zero,0,143478.23880597015,67
085-grid_terrain,astar-zero,1,143125.62686567163,67
085-grid_terrain,astar-zero,2,144051.61194029852,67
085-grid_terrain,astar-zero,3,143712.68656716417,67
085-grid_terrain,astar-zero,4,142465.1791044776,67
085-grid_terrain,astar-zero,5,143097.64179104476,67
085-grid_terrain,astar-zero,6,143180.3432835821,67
085-grid_terrain,astar-zero,7,143386.19402985074,67
085-grid_terrain,astar-zero,8,143125.61194029852,67
021-grid_terrain,astar-euclidean,0,225913.81818181818,44
021-grid_terrain,astar-euclidean,1,224694.13636363635,44
021-grid_terrain,astar-euclidean,2,225153.4090909091,44
021-grid_terrain,astar-euclidean,3,224253.77272727274,44
021-grid_terrain,astar-euclidean,4,225108.88636363635,44
021-grid_terrain,astar-euclidean,5,224043.54545454544,44
021-grid_terrain,astar-euclidean,6,224478.22727272726,44
021-grid_terrain,astar-euclidean,7,224341.8409090909,44
021-grid_terrain,astar-euclidean,8,224596.5909090909,44
018-grid_open,astar-euclidean,0,26208.950495049507,202
018-grid_open,astar-euclidean,1,26258.455445544554,202
018-grid_open,astar-euclidean,2,25998.762376237624,202
018-grid_open,astar-euclidean,3,25993.19306930693,202
018-grid_open,astar-euclidean,4,25962.049504950493,202
018-grid_open,astar-euclidean,5,25717.61386138614,202
018-grid_open,astar-euclidean,6,26083.747524752474,202
018-grid_open,astar-euclidean,7,26033.00495049505,202
018-grid_open,astar-euclidean,8,26014.851485148516,202
052-sparse,list,0,41063.50602409639,166
052-sparse,list,1,40036.65060240964,166
052-sparse,list,2,39688.00602409639,166
052-sparse,list,3,39754.77108433735,166
052-sparse,list,4,39908.132530120485,166
052-sparse,list,5,39934.23493975904,166
052-sparse,list,6,40081.07831325301,166
052-sparse,list,7,39718.3734939759,166
052-sparse,list,8,39876.75903614458,166
022-grid_obstacles-diagonal,astar-octile,0,163452.49122807017,57
022-grid_obstacles-diagonal,astar-octile,1,164073.84210526315,57
022-grid_obstacles-diagonal,astar-octile,2,163730.98245614034,57
022-grid_obstacles-diagonal,astar-octile,3,162684.94736842104,57
022-grid_obstacles-diagonal,astar-octile,4,163663.73684210525,57
022-grid_obstacles-diagonal,astar-octile,5,162666.66666666666,57
022-grid_obstacles-diagonal,astar-octile,6,162208.33333333334,57
022-grid_obstacles-diagonal,astar-octile,7,163240.49122807017,57
022-grid_obstacles-diagonal,astar-octile,8,162324.56140350876,57
033-maze_braided,astar-manhattan,0,216700.77272727274,44
033-maze_braided,astar-manhattan,1,218720.63636363635,44
033-maze_braided,astar-manhattan,2,213232.95454545456,44
033-maze_braided,astar-manhattan,3,214037.88636363635,44
033-maze_braided,astar-manhattan,4,212214.02272727274,44
033-maze_braided,astar-manhattan,5,211853.22727272726,44
033-maze_braided,astar-manhattan,6,214125.0,44
033-maze_braided,astar-manhattan,7,212989.5909090909,44
033-maze_braided,astar-manhattan,8,212046.38636363635,44
087-maze_perfect,list,0,26807.46896551724,290
087-maze_perfect,list,1,26904.024137931036,290
087-maze_perfect,list,2,26874.568965517243,290
087-maze_perfect,list,3,27127.875862068966,290
087-maze_perfect,list,4,26837.068965517243,290
087-maze_perfect,list,5,26973.706896551725,290
087-maze_perfect,list,6,27756.755172413792,290
087-maze_perfect,list,7,26950.572413793103,290
087-maze_perfect,list,8,26875.28620689655,290
053-sparse,lazy,0,125435.98550724638,69
053-sparse,lazy,1,125128.62318840579,69
053-sparse,lazy,2,125561.59420289854,69
053-sparse,lazy,3,125510.27536231885,69
053-sparse,lazy,4,124810.39130434782,69
053-sparse,lazy,5,125274.7536231884,69
053-sparse,lazy,6,125164.2463768116,69
053-sparse,lazy,7,124310.39130434782,69
053-sparse,lazy,8,124351.44927536232,69
045-grid_obstacles-diagonal,astar-zero,0,981137.5,10
045-grid_obstacles-diagonal,astar-zero,1,974725.0,10
045-grid_obstacles-diagonal,astar-zero,2,977575.0,10
045-grid_obstacles-diagonal,astar-zero,3,966116.7,10
045-grid_obstacles-diagonal,astar-zero,4,956325.0,10
045-grid_obstacles-diagonal,astar-zero,5,968650.0,10
045-grid_obstacles-diagonal,astar-zero,6,966654.1,10
045-grid_obstacles-diagonal,astar-zero,7,962229.1,10
045-grid_obstacles-diagonal,astar-zero,8,963458.3,10
078-game_dungeon,astar-euclidean,0,328294.5517241379,29
078-game_dungeon,astar-euclidean,1,327267.2413793103,29
078-game_dungeon,astar-euclidean,2,322961.2068965517,29
078-game_dungeon,astar-euclidean,3,315818.9655172414,29
078-game_dungeon,astar-euclidean,4,317439.6551724138,29
078-game_dungeon,astar-euclidean,5,323510.0689655172,29
078-game_dungeon,astar-euclidean,6,329629.3103448276,29
078-game_dungeon,astar-euclidean,7,320573.275862069,29
078-game_dungeon,astar-euclidean,8,321722.6896551724,29
074-streets,astar-euclidean,0,150170.25862068965,58
074-streets,astar-euclidean,1,149122.8448275862,58
074-streets,astar-euclidean,2,148737.77586206896,58
074-streets,astar-euclidean,3,149052.44827586206,58
074-streets,astar-euclidean,4,149262.2068965517,58
074-streets,astar-euclidean,5,148613.5,58
074-streets,astar-euclidean,6,148029.44827586206,58
074-streets,astar-euclidean,7,148641.5172413793,58
074-streets,astar-euclidean,8,148963.3620689655,58
079-sparse,astar-euclidean,0,6016.778402699662,889
079-sparse,astar-euclidean,1,6058.070866141732,889
079-sparse,astar-euclidean,2,6103.674915635545,889
079-sparse,astar-euclidean,3,6084.3644544431945,889
079-sparse,astar-euclidean,4,6038.1518560179975,889
079-sparse,astar-euclidean,5,6008.9516310461195,889
079-sparse,astar-euclidean,6,6058.726659167604,889
079-sparse,astar-euclidean,7,6098.940382452193,889
079-sparse,astar-euclidean,8,6121.29696287964,889
033-maze_braided,list,0,462240.04761904763,21
033-maze_braided,list,1,459946.4285714286,21
033-maze_braided,list,2,462718.2380952381,21
033-maze_braided,list,3,458740.09523809527,21
033-maze_braided,list,4,459105.1904761905,21
033-maze_braided,list,5,458658.71428571426,21
033-maze_braided,list,6,459152.7619047619,21
033-maze_braided,list,7,457847.2380952381,21
033-maze_braided,list,8,459041.6666666667,21
076-game_dungeon,eager,0,98815.54166666667,96
076-game_dungeon,eager,1,98700.09375,96
076-game_dungeon,eager,2,99029.94791666667,96
076-game_dungeon,eager,3,98325.52083333333,96
076-game_dungeon,eager,4,98263.45833333333,96
076-game_dungeon,eager,5,98096.35416666667,96
076-game_dungeon,eager,6,98544.70833333333,96
076-game_dungeon,eager,7,98650.60416666667,96
076-game_dungeon,eager,8,98503.03125,96
060-grid_obstacles,list,0,165732.75862068965,58
060-grid_obstacles,list,1,166063.2068965517,58
060-grid_obstacles,list,2,166320.39655172414,58
060-grid_obstacles,list,3,165000.72413793104,58
060-grid_obstacles,list,4,165591.24137931035,58
060-grid_obstacles,list,5,183706.89655172414,58
060-grid_obstacles,list,6,165900.8620689655,58
060-grid_obstacles,list,7,166205.44827586206,58
060-grid_obstacles,list,8,165015.08620689655,58
058-grid_obstacles,eager,0,97381.13684210526,95
058-grid_obstacles,eager,1,98121.4947368421,95
058-grid_obstacles,eager,2,98092.98947368421,95
058-grid_obstacles,eager,3,98055.69473684211,95
058-grid_obstacles,eager,4,96973.24210526315,95
058-grid_obstacles,eager,5,97327.2,95
058-grid_obstacles,eager,6,97980.7052631579,95
058-grid_obstacles,eager,7,97235.52631578948,95
058-grid_obstacles,eager,8,96904.3894736842,95
088-maze_braided,eager,0,119198.55555555556,81
088-maze_braided,eager,1,119974.8024691358,81
088-maze_braided,eager,2,119724.28395061729,81
088-maze_braided,eager,3,120158.43209876544,81
088-maze_braided,eager,4,119606.98765432098,81
088-maze_braided,eager,5,119287.03703703704,81
088-maze_braided,eager,6,119340.54320987655,81
088-maze_braided,eager,7,119748.45679012345,81
088-maze_braided,eager,8,119393.51851851853,81
007-sparse,list,0,36403.31196581197,234
007-sparse,list,1,36311.07692307692,234
007-sparse,list,2,36546.653846153844,234
007-sparse,list,3,36435.717948717946,234
007-sparse,list,4,36121.26068376069,234
007-sparse,list,5,36191.594017094016,234
007-sparse,list,6,36315.705128205125,234
007-sparse,list,7,36382.30341880342,234
007-sparse,list,8,37062.8547008547,234
065-maze_braided,eager,0,99407.98958333333,96
065-maze_braided,eager,1,99499.5625,96
065-maze_braided,eager,2,99758.23958333333,96
065-maze_braided,eager,3,99683.59375,96
065-maze_braided,eager,4,98901.04166666667,96
065-maze_braided,eager,5,99238.28125,96
065-maze_braided,eager,6,98902.34375,96
065-maze_braided,eager,7,98693.57291666667,96
065-maze_braided,eager,8,99907.55208333333,96
028-maze_perfect,astar-manhattan,0,17769.246192893403,394
028-maze_perfect,astar-manhattan,1,16949.55583756345,394
028-maze_perfect,astar-manhattan,2,16700.086294416244,394
028-maze_perfect,astar-manhattan,3,16724.408629441623,394
028-maze_perfect,astar-manhattan,4,16800.44416243655,394
028-maze_perfect,astar-manhattan,5,16752.010152284263,394
028-maze_perfect,astar-manhattan,6,17460.977157360405,394
028-maze_perfect,astar-manhattan,7,17739.951776649745,394
028-maze_perfect,astar-manhattan,8,16919.84010152284,394
054-sparse,eager,0,1844395.8333333333,6
054-sparse,eager,1,1841965.1666666667,6
054-sparse,eager,2,1840812.5,6
054-sparse,eager,3,1836881.8333333333,6
054-sparse,eager,4,1826569.5,6
054-sparse,eager,5,1832701.3333333333,6
054-sparse,eager,6,1822354.1666666667,6
054-sparse,eager,7,1830333.3333333333,6
054-sparse,eager,8,1824166.6666666667,6
089-game_dungeon,list,0,47262.29508196721,183
089-game_dungeon,list,1,47135.0218579235,183
089-game_dungeon,list,2,47315.57377049181,183
089-game_dungeon,list,3,47068.30601092896,183
089-game_dungeon,list,4,46888.20765027322,183
089-game_dungeon,list,5,47178.502732240435,183
089-game_dungeon,list,6,47148.67759562842,183
089-game_dungeon,list,7,47054.86885245902,183
089-game_dungeon,list,8,47098.360655737706,183
042-grid_obstacles,list,0,183208.33333333334,54
042-grid_obstacles,list,1,182755.38888888888,54
042-grid_obstacles,list,2,183199.85185185185,54
042-grid_obstacles,list,3,183345.6851851852,54
042-grid_obstacles,list,4,181475.3148148148,54
042-grid_obstacles,list,5,184524.6851851852,54
042-grid_obstacles,list,6,183942.12962962964,54
042-grid_obstacles,list,7,182955.24074074073,54
042-grid_obstacles,list,8,184519.2962962963,54
001-unreachable,eager,0,1192.875,1000
001-unreachable,eager,1,1187.625,1000
001-unreachable,eager,2,1173.084,1000
001-unreachable,eager,3,1206.541,1000
001-unreachable,eager,4,1210.0,1000
001-unreachable,eager,5,1228.334,1000
001-unreachable,eager,6,1204.125,1000
001-unreachable,eager,7,1204.583,1000
001-unreachable,eager,8,1222.333,1000
064-maze_perfect,astar-zero,0,11629.14691943128,422
064-maze_perfect,astar-zero,1,11306.082938388625,422
064-maze_perfect,astar-zero,2,11303.317535545024,422
064-maze_perfect,astar-zero,3,11400.670616113744,422
064-maze_perfect,astar-zero,4,11312.104265402844,422
064-maze_perfect,astar-zero,5,11304.502369668246,422
064-maze_perfect,astar-zero,6,11461.097156398104,422
064-maze_perfect,astar-zero,7,11253.654028436018,422
064-maze_perfect,astar-zero,8,11112.45971563981,422
075-streets,lazy,0,167572.5185185185,54
075-streets,lazy,1,167269.2962962963,54
075-streets,lazy,2,165729.94444444444,54
075-streets,lazy,3,166528.53703703705,54
075-streets,lazy,4,166819.44444444444,54
075-streets,lazy,5,166414.35185185185,54
075-streets,lazy,6,166166.66666666666,54
075-streets,lazy,7,166966.05555555556,54
075-streets,lazy,8,166526.24074074073,54
066-maze_perfect,astar-euclidean,0,49703.52307692308,130
066-maze_perfect,astar-euclidean,1,44984.93846153846,130
066-maze_perfect,astar-euclidean,2,44408.653846153844,130
066-maze_perfect,astar-euclidean,3,44303.846153846156,130
066-maze_perfect,astar-euclidean,4,44682.053846153845,130
066-maze_perfect,astar-euclidean,5,43811.21538461538,130
066-maze_perfect,astar-euclidean,6,44388.13846153846,130
066-maze_perfect,astar-euclidean,7,44062.18461538461,130
066-maze_perfect,astar-euclidean,8,43955.769230769234,130
028-maze_perfect,eager,0,28409.60593220339,236
028-maze_perfect,eager,1,28275.25,236
028-maze_perfect,eager,2,28189.792372881355,236
028-maze_perfect,eager,3,28247.70338983051,236
028-maze_perfect,eager,4,28072.915254237287,236
028-maze_perfect,eager,5,28128.177966101695,236
028-maze_perfect,eager,6,28198.800847457627,236
028-maze_perfect,eager,7,28017.122881355932,236
028-maze_perfect,eager,8,28118.292372881355,236
053-sparse,eager,0,413081.25,20
053-sparse,eager,1,463677.1,20
053-sparse,eager,2,440593.75,20
053-sparse,eager,3,385675.0,20
053-sparse,eager,4,360639.6,20
053-sparse,eager,5,360508.3,20
053-sparse,eager,6,359462.5,20
053-sparse,eager,7,358181.25,20
053-sparse,eager,8,359612.5,20
049-maze_braided,astar-euclidean,0,172533.61403508772,57
049-maze_braided,astar-euclidean,1,173585.52631578947,57
049-maze_braided,astar-euclidean,2,173474.42105263157,57
049-maze_braided,astar-euclidean,3,171845.01754385966,57
049-maze_braided,astar-euclidean,4,173000.73684210525,57
049-maze_braided,astar-euclidean,5,172560.66666666666,57
049-maze_braided,astar-euclidean,6,173796.05263157896,57
049-maze_braided,astar-euclidean,7,172706.87719298244,57
049-maze_braided,astar-euclidean,8,172673.98245614034,57
002-reopening,lazy,0,827.584,1000
002-reopening,lazy,1,827.583,1000
002-reopening,lazy,2,806.833,1000
002-reopening,lazy,3,818.792,1000
002-reopening,lazy,4,830.542,1000
002-reopening,lazy,5,842.125,1000
002-reopening,lazy,6,820.75,1000
002-reopening,lazy,7,846.542,1000
002-reopening,lazy,8,838.875,1000
076-game_dungeon,astar-zero,0,41440.563725490196,204
076-game_dungeon,astar-zero,1,41254.49509803922,204
076-game_dungeon,astar-zero,2,41343.955882352944,204
076-game_dungeon,astar-zero,3,41417.07843137255,204
076-game_dungeon,astar-zero,4,40858.455882352944,204
076-game_dungeon,astar-zero,5,41382.35294117647,204
076-game_dungeon,astar-zero,6,41347.833333333336,204
076-game_dungeon,astar-zero,7,41513.07352941176,204
076-game_dungeon,astar-zero,8,41237.333333333336,204
024-grid_wall,astar-zero,0,1103574.111111111,9
024-grid_wall,astar-zero,1,1107574.111111111,9
024-grid_wall,astar-zero,2,1109157.4444444445,9
024-grid_wall,astar-zero,3,1091143.5555555555,9
024-grid_wall,astar-zero,4,1095574.111111111,9
024-grid_wall,astar-zero,5,1097916.6666666667,9
024-grid_wall,astar-zero,6,1102986.111111111,9
024-grid_wall,astar-zero,7,1099027.7777777778,9
024-grid_wall,astar-zero,8,1090620.3333333333,9
044-grid_obstacles,astar-euclidean,0,408565.9583333333,24
044-grid_obstacles,astar-euclidean,1,406401.0416666667,24
044-grid_obstacles,astar-euclidean,2,407571.1666666667,24
044-grid_obstacles,astar-euclidean,3,405307.2916666667,24
044-grid_obstacles,astar-euclidean,4,403199.625,24
044-grid_obstacles,astar-euclidean,5,405743.0416666667,24
044-grid_obstacles,astar-euclidean,6,403861.125,24
044-grid_obstacles,astar-euclidean,7,401543.4166666667,24
044-grid_obstacles,astar-euclidean,8,405409.75,24
003-complete,astar-euclidean,0,975.917,1000
003-complete,astar-euclidean,1,980.958,1000
003-complete,astar-euclidean,2,992.667,1000
003-complete,astar-euclidean,3,993.459,1000
003-complete,astar-euclidean,4,979.583,1000
003-complete,astar-euclidean,5,1024.875,1000
003-complete,astar-euclidean,6,991.417,1000
003-complete,astar-euclidean,7,977.459,1000
003-complete,astar-euclidean,8,981.958,1000
020-grid_obstacles,lazy,0,169600.76363636364,55
020-grid_obstacles,lazy,1,169209.85454545455,55
020-grid_obstacles,lazy,2,173030.29090909092,55
020-grid_obstacles,lazy,3,173067.43636363637,55
020-grid_obstacles,lazy,4,173439.4,55
020-grid_obstacles,lazy,5,173947.72727272726,55
020-grid_obstacles,lazy,6,169831.81818181818,55
020-grid_obstacles,lazy,7,173859.0909090909,55
020-grid_obstacles,lazy,8,175515.9090909091,55
051-maze_braided,astar-euclidean,0,403453.125,24
051-maze_braided,astar-euclidean,1,405859.375,24
051-maze_braided,astar-euclidean,2,406307.2916666667,24
051-maze_braided,astar-euclidean,3,405857.6666666667,24
051-maze_braided,astar-euclidean,4,401661.4583333333,24
051-maze_braided,astar-euclidean,5,406961.7916666667,24
051-maze_braided,astar-euclidean,6,405425.375,24
051-maze_braided,astar-euclidean,7,401272.5416666667,24
051-maze_braided,astar-euclidean,8,404793.4166666667,24
003-complete,astar-zero,0,1415.959,1000
003-complete,astar-zero,1,1413.458,1000
003-complete,astar-zero,2,1397.875,1000
003-complete,astar-zero,3,1400.542,1000
003-complete,astar-zero,4,1406.458,1000
003-complete,astar-zero,5,1406.916,1000
003-complete,astar-zero,6,1424.334,1000
003-complete,astar-zero,7,1423.041,1000
003-complete,astar-zero,8,1401.042,1000
066-maze_perfect,astar-manhattan,0,44735.44086021505,186
066-maze_perfect,astar-manhattan,1,44702.284946236556,186
066-maze_perfect,astar-manhattan,2,44669.80107526882,186
066-maze_perfect,astar-manhattan,3,44659.720430107525,186
066-maze_perfect,astar-manhattan,4,44412.18817204301,186
066-maze_perfect,astar-manhattan,5,44240.36559139785,186
066-maze_perfect,astar-manhattan,6,44382.39247311828,186
066-maze_perfect,astar-manhattan,7,44366.48924731183,186
066-maze_perfect,astar-manhattan,8,44528.22580645161,186
065-maze_braided,astar-zero,0,42545.83157894737,190
065-maze_braided,astar-zero,1,42662.05789473684,190
065-maze_braided,astar-zero,2,42747.8052631579,190
065-maze_braided,astar-zero,3,42684.426315789475,190
065-maze_braided,astar-zero,4,42639.91052631579,190
065-maze_braided,astar-zero,5,43382.89473684211,190
065-maze_braided,astar-zero,6,43449.55789473684,190
065-maze_braided,astar-zero,7,43164.03684210526,190
065-maze_braided,astar-zero,8,43002.18947368421,190
039-dense,list,0,1019350.0,10
039-dense,list,1,1019937.5,10
039-dense,list,2,1015787.5,10
039-dense,list,3,1011454.2,10
039-dense,list,4,1011245.8,10
039-dense,list,5,1017608.3,10
039-dense,list,6,1011658.4,10
039-dense,list,7,1012091.6,10
039-dense,list,8,1012587.5,10
039-dense,astar-zero,0,540902.7777777778,18
039-dense,astar-zero,1,538963.0,18
039-dense,astar-zero,2,536669.0,18
039-dense,astar-zero,3,535597.2222222222,18
039-dense,astar-zero,4,538826.3888888889,18
039-dense,astar-zero,5,536502.3333333334,18
039-dense,astar-zero,6,534939.7777777778,18
039-dense,astar-zero,7,537490.7777777778,18
039-dense,astar-zero,8,535761.5555555555,18
040-grid_obstacles,lazy,0,34689.05726872247,227
040-grid_obstacles,lazy,1,34495.779735682816,227
040-grid_obstacles,lazy,2,34348.3832599119,227
040-grid_obstacles,lazy,3,34566.26431718062,227
040-grid_obstacles,lazy,4,34611.96916299559,227
040-grid_obstacles,lazy,5,34506.60792951542,227
040-grid_obstacles,lazy,6,34354.07488986784,227
040-grid_obstacles,lazy,7,34607.00881057269,227
040-grid_obstacles,lazy,8,34581.31718061674,227
039-dense,lazy,0,530508.7894736842,19
039-dense,lazy,1,534995.6315789474,19
039-dense,lazy,2,535276.3157894737,19
039-dense,lazy,3,532986.8421052631,19
039-dense,lazy,4,529975.8947368421,19
039-dense,lazy,5,531557.0,19
039-dense,lazy,6,534592.1052631579,19
039-dense,lazy,7,529839.947368421,19
039-dense,lazy,8,532195.2105263158,19
005-complete,astar-euclidean,0,1530.916,1000
005-complete,astar-euclidean,1,1565.125,1000
005-complete,astar-euclidean,2,1497.625,1000
005-complete,astar-euclidean,3,1507.25,1000
005-complete,astar-euclidean,4,1552.0,1000
005-complete,astar-euclidean,5,1510.041,1000
005-complete,astar-euclidean,6,1511.083,1000
005-complete,astar-euclidean,7,1551.25,1000
005-complete,astar-euclidean,8,1527.708,1000
027-grid_obstacles-diagonal,astar-euclidean,0,409371.39130434784,23
027-grid_obstacles-diagonal,astar-euclidean,1,412552.5652173913,23
027-grid_obstacles-diagonal,astar-euclidean,2,411402.17391304346,23
027-grid_obstacles-diagonal,astar-euclidean,3,409827.9130434783,23
027-grid_obstacles-diagonal,astar-euclidean,4,408608.6956521739,23
027-grid_obstacles-diagonal,astar-euclidean,5,410144.95652173914,23
027-grid_obstacles-diagonal,astar-euclidean,6,405952.9130434783,23
027-grid_obstacles-diagonal,astar-euclidean,7,407742.7826086957,23
027-grid_obstacles-diagonal,astar-euclidean,8,409007.26086956525,23
056-dense,list,0,242758.35,40
056-dense,list,1,242972.925,40
056-dense,list,2,242688.525,40
056-dense,list,3,242218.75,40
056-dense,list,4,243030.2,40
056-dense,list,5,243042.725,40
056-dense,list,6,248541.65,40
056-dense,list,7,245435.4,40
056-dense,list,8,242637.5,40
079-sparse,lazy,0,4933.958,1000
079-sparse,lazy,1,4900.917,1000
079-sparse,lazy,2,5248.375,1000
079-sparse,lazy,3,5294.583,1000
079-sparse,lazy,4,4936.917,1000
079-sparse,lazy,5,4959.375,1000
079-sparse,lazy,6,4945.334,1000
079-sparse,lazy,7,4952.833,1000
079-sparse,lazy,8,4927.25,1000
085-grid_terrain,lazy,0,126578.33333333333,75
085-grid_terrain,lazy,1,126567.21333333333,75
085-grid_terrain,lazy,2,126781.12,75
085-grid_terrain,lazy,3,125313.89333333333,75
085-grid_terrain,lazy,4,126016.12,75
085-grid_terrain,lazy,5,126662.21333333333,75
085-grid_terrain,lazy,6,126148.89333333333,75
085-grid_terrain,lazy,7,125823.89333333333,75
085-grid_terrain,lazy,8,126213.33333333333,75
044-grid_obstacles,astar-zero,0,851375.0,12
044-grid_obstacles,astar-zero,1,852777.8333333334,12
044-grid_obstacles,astar-zero,2,849250.0,12
044-grid_obstacles,astar-zero,3,843197.9166666666,12
044-grid_obstacles,astar-zero,4,840586.8333333334,12
044-grid_obstacles,astar-zero,5,844204.8333333334,12
044-grid_obstacles,astar-zero,6,847156.25,12
044-grid_obstacles,astar-zero,7,844076.4166666666,12
044-grid_obstacles,astar-zero,8,849486.0833333334,12
004-complete,astar-zero,0,2306.417,1000
004-complete,astar-zero,1,2329.875,1000
004-complete,astar-zero,2,2320.0,1000
004-complete,astar-zero,3,2311.875,1000
004-complete,astar-zero,4,2304.125,1000
004-complete,astar-zero,5,2314.083,1000
004-complete,astar-zero,6,2338.791,1000
004-complete,astar-zero,7,2319.75,1000
004-complete,astar-zero,8,2340.292,1000
012-dense,astar-zero,0,549027.7777777778,18
012-dense,astar-zero,1,548004.6111111111,18
012-dense,astar-zero,2,548493.0555555555,18
012-dense,astar-zero,3,546777.7777777778,18
012-dense,astar-zero,4,546032.4444444445,18
012-dense,astar-zero,5,546516.2222222222,18
012-dense,astar-zero,6,544141.2222222222,18
012-dense,astar-zero,7,544465.2777777778,18
012-dense,astar-zero,8,546972.2222222222,18
047-maze_braided,lazy,0,38370.52336448598,214
047-maze_braided,lazy,1,38412.57476635514,214
047-maze_braided,lazy,2,38271.61214953271,214
047-maze_braided,lazy,3,38239.67757009346,214
047-maze_braided,lazy,4,38004.285046728975,214
047-maze_braided,lazy,5,38117.990654205605,214
047-maze_braided,lazy,6,38146.02803738318,214
047-maze_braided,lazy,7,38152.2570093458,214
047-maze_braided,lazy,8,38226.831775700935,214
054-sparse,list,0,4920500.0,3
054-sparse,list,1,4842652.666666667,3
054-sparse,list,2,4866903.0,3
054-sparse,list,3,4878847.0,3
054-sparse,list,4,4861764.0,3
054-sparse,list,5,4863277.666666667,3
054-sparse,list,6,4887416.666666667,3
054-sparse,list,7,4854916.666666667,3
054-sparse,list,8,4929486.0,3
047-maze_braided,astar-manhattan,0,25196.745033112584,302
047-maze_braided,astar-manhattan,1,25200.6059602649,302
047-maze_braided,astar-manhattan,2,25076.433774834437,302
047-maze_braided,astar-manhattan,3,25114.51324503311,302
047-maze_braided,astar-manhattan,4,25039.735099337748,302
047-maze_braided,astar-manhattan,5,25074.08940397351,302
047-maze_braided,astar-manhattan,6,24898.453642384105,302
047-maze_braided,astar-manhattan,7,24963.576158940396,302
047-maze_braided,astar-manhattan,8,24940.39735099338,302
061-grid_obstacles-diagonal,eager,0,473448.4285714286,21
061-grid_obstacles-diagonal,eager,1,473738.09523809527,21
061-grid_obstacles-diagonal,eager,2,474886.90476190473,21
061-grid_obstacles-diagonal,eager,3,469805.5714285714,21
061-grid_obstacles-diagonal,eager,4,471668.6666666667,21
061-grid_obstacles-diagonal,eager,5,471627.0,21
061-grid_obstacles-diagonal,eager,6,471569.4285714286,21
061-grid_obstacles-diagonal,eager,7,470593.2380952381,21
061-grid_obstacles-diagonal,eager,8,472460.3333333333,21
089-game_dungeon,astar-manhattan,0,30957.513725490197,255
089-game_dungeon,astar-manhattan,1,31005.066666666666,255
089-game_dungeon,astar-manhattan,2,31010.133333333335,255
089-game_dungeon,astar-manhattan,3,30936.6,255
089-game_dungeon,astar-manhattan,4,30983.498039215687,255
089-game_dungeon,astar-manhattan,5,30999.019607843136,255
089-game_dungeon,astar-manhattan,6,30824.670588235294,255
089-game_dungeon,astar-manhattan,7,30938.725490196077,255
089-game_dungeon,astar-manhattan,8,31094.772549019606,255
000-small_weighted,eager,0,5033.417,1000
000-small_weighted,eager,1,5005.292,1000
000-small_weighted,eager,2,5067.75,1000
000-small_weighted,eager,3,5084.375,1000
000-small_weighted,eager,4,5036.709,1000
000-small_weighted,eager,5,5127.458,1000
000-small_weighted,eager,6,5099.666,1000
000-small_weighted,eager,7,5088.667,1000
000-small_weighted,eager,8,5087.834,1000
025-grid_obstacles,list,0,1047908.4,10
025-grid_obstacles,list,1,1051166.7,10
025-grid_obstacles,list,2,1051883.3,10
025-grid_obstacles,list,3,1043029.2,10
025-grid_obstacles,list,4,1040795.8,10
025-grid_obstacles,list,5,1045208.3,10
025-grid_obstacles,list,6,1045058.3,10
025-grid_obstacles,list,7,1040387.5,10
025-grid_obstacles,list,8,1044091.7,10
063-grid_obstacles-diagonal,astar-zero,0,1001983.4,10
063-grid_obstacles-diagonal,astar-zero,1,995925.0,10
063-grid_obstacles-diagonal,astar-zero,2,992854.2,10
063-grid_obstacles-diagonal,astar-zero,3,989287.5,10
063-grid_obstacles-diagonal,astar-zero,4,986945.8,10
063-grid_obstacles-diagonal,astar-zero,5,992175.0,10
063-grid_obstacles-diagonal,astar-zero,6,985591.7,10
063-grid_obstacles-diagonal,astar-zero,7,987958.3,10
063-grid_obstacles-diagonal,astar-zero,8,990087.5,10
052-sparse,astar-euclidean,0,28861.256140350877,285
052-sparse,astar-euclidean,1,28886.112280701753,285
052-sparse,astar-euclidean,2,28759.35789473684,285
052-sparse,astar-euclidean,3,28828.65614035088,285
052-sparse,astar-euclidean,4,29002.63157894737,285
052-sparse,astar-euclidean,5,28848.392982456142,285
052-sparse,astar-euclidean,6,28863.305263157894,285
052-sparse,astar-euclidean,7,28843.129824561405,285
052-sparse,astar-euclidean,8,28967.687719298247,285
078-game_dungeon,astar-zero,0,452577.6818181818,22
078-game_dungeon,astar-zero,1,451092.8181818182,22
078-game_dungeon,astar-zero,2,450087.13636363635,22
078-game_dungeon,astar-zero,3,448011.36363636365,22
078-game_dungeon,astar-zero,4,446854.1818181818,22
078-game_dungeon,astar-zero,5,450263.2727272727,22
078-game_dungeon,astar-zero,6,446943.1818181818,22
078-game_dungeon,astar-zero,7,448094.6818181818,22
078-game_dungeon,astar-zero,8,449036.0,22
070-queue_stress,astar-zero,0,20005.951573849878,413
070-queue_stress,astar-zero,1,19976.290556900727,413
070-queue_stress,astar-zero,2,20040.55690072639,413
070-queue_stress,astar-zero,3,20084.242130750605,413
070-queue_stress,astar-zero,4,19960.753026634382,413
070-queue_stress,astar-zero,5,20033.79661016949,413
070-queue_stress,astar-zero,6,20109.261501210654,413
070-queue_stress,astar-zero,7,19964.990314769977,413
070-queue_stress,astar-zero,8,19933.31234866828,413
007-sparse,astar-euclidean,0,27305.119298245612,285
007-sparse,astar-euclidean,1,27315.498245614035,285
007-sparse,astar-euclidean,2,27271.929824561405,285
007-sparse,astar-euclidean,3,27133.77192982456,285
007-sparse,astar-euclidean,4,27110.817543859648,285
007-sparse,astar-euclidean,5,27214.912280701756,285
007-sparse,astar-euclidean,6,27219.150877192984,285
007-sparse,astar-euclidean,7,27178.508771929824,285
007-sparse,astar-euclidean,8,27152.63157894737,285
049-maze_braided,astar-manhattan,0,148155.59375,64
049-maze_braided,astar-manhattan,1,147988.9375,64
049-maze_braided,astar-manhattan,2,148032.546875,64
049-maze_braided,astar-manhattan,3,147244.796875,64
049-maze_braided,astar-manhattan,4,148418.625,64
049-maze_braided,astar-manhattan,5,147712.234375,64
049-maze_braided,astar-manhattan,6,148145.171875,64
049-maze_braided,astar-manhattan,7,147671.875,64
049-maze_braided,astar-manhattan,8,148076.171875,64
008-sparse,astar-euclidean,0,131175.47887323942,71
008-sparse,astar-euclidean,1,130565.73239436619,71
008-sparse,astar-euclidean,2,130875.57746478873,71
008-sparse,astar-euclidean,3,130715.38028169014,71
008-sparse,astar-euclidean,4,129998.8309859155,71
008-sparse,astar-euclidean,5,130288.73239436619,71
008-sparse,astar-euclidean,6,130324.5352112676,71
008-sparse,astar-euclidean,7,130173.12676056338,71
008-sparse,astar-euclidean,8,130295.77464788733,71
025-grid_obstacles,lazy,0,758416.6923076923,13
025-grid_obstacles,lazy,1,765833.3076923077,13
025-grid_obstacles,lazy,2,763221.1538461539,13
025-grid_obstacles,lazy,3,757929.4615384615,13
025-grid_obstacles,lazy,4,760567.3076923077,13
025-grid_obstacles,lazy,5,751685.9230769231,13
025-grid_obstacles,lazy,6,758115.3846153846,13
025-grid_obstacles,lazy,7,759445.5384615385,13
025-grid_obstacles,lazy,8,757400.6153846154,13
059-grid_obstacles-diagonal,list,0,46362.092391304344,184
059-grid_obstacles-diagonal,list,1,46112.092391304344,184
059-grid_obstacles-diagonal,list,2,46063.858695652176,184
059-grid_obstacles-diagonal,list,3,46094.42934782609,184
059-grid_obstacles-diagonal,list,4,46121.60326086957,184
059-grid_obstacles-diagonal,list,5,45995.70108695652,184
059-grid_obstacles-diagonal,list,6,46014.49456521739,184
059-grid_obstacles-diagonal,list,7,46019.92391304348,184
059-grid_obstacles-diagonal,list,8,46185.913043478264,184
052-sparse,astar-zero,0,30628.18181818182,275
052-sparse,astar-zero,1,30415.603636363638,275
052-sparse,astar-zero,2,30322.876363636362,275
052-sparse,astar-zero,3,30261.97090909091,275
052-sparse,astar-zero,4,30084.545454545456,275
052-sparse,astar-zero,5,30349.69818181818,275
052-sparse,astar-zero,6,30233.483636363635,275
052-sparse,astar-zero,7,30222.425454545453,275
052-sparse,astar-zero,8,30442.421818181818,275
016-grid_terrain,astar-zero,0,64289.90140845071,142
016-grid_terrain,astar-zero,1,64483.27464788732,142
016-grid_terrain,astar-zero,2,64850.35211267605,142
016-grid_terrain,astar-zero,3,64741.19718309859,142
016-grid_terrain,astar-zero,4,64500.58450704225,142
016-grid_terrain,astar-zero,5,64178.98591549296,142
016-grid_terrain,astar-zero,6,64089.49295774648,142
016-grid_terrain,astar-zero,7,64583.33802816901,142
016-grid_terrain,astar-zero,8,64443.957746478874,142
012-dense,eager,0,649309.875,16
012-dense,eager,1,638947.875,16
012-dense,eager,2,637966.1875,16
012-dense,eager,3,641487.0,16
012-dense,eager,4,639278.6875,16
012-dense,eager,5,638880.1875,16
012-dense,eager,6,639059.875,16
012-dense,eager,7,640018.25,16
012-dense,eager,8,638153.6875,16
038-dense,list,0,219004.6222222222,45
038-dense,list,1,218408.33333333334,45
038-dense,list,2,218801.84444444443,45
038-dense,list,3,217637.95555555556,45
038-dense,list,4,218425.0,45
038-dense,list,5,218662.97777777776,45
038-dense,list,6,218934.26666666666,45
038-dense,list,7,218503.7111111111,45
038-dense,list,8,219256.48888888888,45
001-unreachable,lazy,0,544.917,1000
001-unreachable,lazy,1,543.0,1000
001-unreachable,lazy,2,553.125,1000
001-unreachable,lazy,3,528.25,1000
001-unreachable,lazy,4,546.25,1000
001-unreachable,lazy,5,556.084,1000
001-unreachable,lazy,6,551.625,1000
001-unreachable,lazy,7,556.25,1000
001-unreachable,lazy,8,569.667,1000
052-sparse,eager,0,68990.5303030303,132
052-sparse,eager,1,69070.39393939394,132
052-sparse,eager,2,69159.7196969697,132
052-sparse,eager,3,68892.99242424243,132
052-sparse,eager,4,68932.13636363637,132
052-sparse,eager,5,68363.63636363637,132
052-sparse,eager,6,68576.38636363637,132
052-sparse,eager,7,68627.84090909091,132
052-sparse,eager,8,68664.14393939394,132
069-maze_braided,astar-zero,0,474605.1904761905,21
069-maze_braided,astar-zero,1,471210.3333333333,21
069-maze_braided,astar-zero,2,473942.4285714286,21
069-maze_braided,astar-zero,3,468660.71428571426,21
069-maze_braided,astar-zero,4,473069.4285714286,21
069-maze_braided,astar-zero,5,472059.5238095238,21
069-maze_braided,astar-zero,6,470011.90476190473,21
069-maze_braided,astar-zero,7,470134.90476190473,21
069-maze_braided,astar-zero,8,472732.14285714284,21
015-grid_obstacles,astar-zero,0,42437.39267015707,191
015-grid_obstacles,astar-zero,1,42487.13089005236,191
015-grid_obstacles,astar-zero,2,42439.575916230366,191
015-grid_obstacles,astar-zero,3,42241.931937172776,191
015-grid_obstacles,astar-zero,4,42093.3664921466,191
015-grid_obstacles,astar-zero,5,42244.549738219896,191
015-grid_obstacles,astar-zero,6,42227.094240837694,191
015-grid_obstacles,astar-zero,7,42147.25130890052,191
015-grid_obstacles,astar-zero,8,42125.43455497382,191
073-streets,lazy,0,504796.05263157893,19
073-streets,lazy,1,531151.3157894737,19
073-streets,lazy,2,530096.4736842106,19
073-streets,lazy,3,501811.4210526316,19
073-streets,lazy,4,511671.05263157893,19
073-streets,lazy,5,507616.2631578947,19
073-streets,lazy,6,504578.94736842107,19
073-streets,lazy,7,505572.36842105264,19
073-streets,lazy,8,504736.84210526315,19
040-grid_obstacles,eager,0,98167.1052631579,95
040-grid_obstacles,eager,1,98262.28421052631,95
040-grid_obstacles,eager,2,98103.94736842105,95
040-grid_obstacles,eager,3,97246.05263157895,95
040-grid_obstacles,eager,4,96776.31578947368,95
040-grid_obstacles,eager,5,97043.42105263157,95
040-grid_obstacles,eager,6,97432.45263157894,95
040-grid_obstacles,eager,7,97235.08421052631,95
040-grid_obstacles,eager,8,97055.26315789473,95
082-grid_wall,lazy,0,99820.3125,96
082-grid_wall,lazy,1,100223.52083333333,96
082-grid_wall,lazy,2,100484.375,96
082-grid_wall,lazy,3,99462.23958333333,96
082-grid_wall,lazy,4,100250.4375,96
082-grid_wall,lazy,5,100094.17708333333,96
082-grid_wall,lazy,6,100027.34375,96
082-grid_wall,lazy,7,100246.96875,96
082-grid_wall,lazy,8,100040.36458333333,96
023-grid_open,eager,0,2879573.0,4
023-grid_open,eager,1,2870552.0,4
023-grid_open,eager,2,2851739.75,4
023-grid_open,eager,3,2863156.25,4
023-grid_open,eager,4,2848718.75,4
023-grid_open,eager,5,2861947.75,4
023-grid_open,eager,6,2851406.25,4
023-grid_open,eager,7,2852614.75,4
023-grid_open,eager,8,2841531.25,4
026-grid_terrain,astar-manhattan,0,801538.1666666666,12
026-grid_terrain,astar-manhattan,1,798541.6666666666,12
026-grid_terrain,astar-manhattan,2,799902.8333333334,12
026-grid_terrain,astar-manhattan,3,798565.9166666666,12
026-grid_terrain,astar-manhattan,4,788628.5,12
026-grid_terrain,astar-manhattan,5,793816.0,12
026-grid_terrain,astar-manhattan,6,794965.25,12
026-grid_terrain,astar-manhattan,7,793826.3333333334,12
026-grid_terrain,astar-manhattan,8,797104.1666666666,12
077-game_dungeon,astar-manhattan,0,111776.96470588235,85
077-game_dungeon,astar-manhattan,1,111835.78823529412,85
077-game_dungeon,astar-manhattan,2,111287.25882352941,85
077-game_dungeon,astar-manhattan,3,111256.85882352942,85
077-game_dungeon,astar-manhattan,4,111964.22352941177,85
077-game_dungeon,astar-manhattan,5,111356.85882352942,85
077-game_dungeon,astar-manhattan,6,111285.78823529412,85
077-game_dungeon,astar-manhattan,7,111402.44705882353,85
077-game_dungeon,astar-manhattan,8,111001.4705882353,85
016-grid_terrain,astar-euclidean,0,48371.75555555556,180
016-grid_terrain,astar-euclidean,1,47771.294444444444,180
016-grid_terrain,astar-euclidean,2,48118.28888888889,180
016-grid_terrain,astar-euclidean,3,47913.88888888889,180
016-grid_terrain,astar-euclidean,4,47583.1,180
016-grid_terrain,astar-euclidean,5,47658.8,180
016-grid_terrain,astar-euclidean,6,47618.51666666667,180
016-grid_terrain,astar-euclidean,7,47736.11111111111,180
016-grid_terrain,astar-euclidean,8,47682.41111111111,180
066-maze_perfect,astar-zero,0,50600.969325153375,163
066-maze_perfect,astar-zero,1,50833.84049079755,163
066-maze_perfect,astar-zero,2,50747.19018404908,163
066-maze_perfect,astar-zero,3,50644.68098159509,163
066-maze_perfect,astar-zero,4,50427.1472392638,163
066-maze_perfect,astar-zero,5,50544.73619631902,163
066-maze_perfect,astar-zero,6,50753.58282208589,163
066-maze_perfect,astar-zero,7,50790.128834355826,163
066-maze_perfect,astar-zero,8,50828.73006134969,163
042-grid_obstacles,eager,0,463164.7727272727,22
042-grid_obstacles,eager,1,463744.3181818182,22
042-grid_obstacles,eager,2,464206.4090909091,22
042-grid_obstacles,eager,3,460861.7272727273,22
042-grid_obstacles,eager,4,462774.5909090909,22
042-grid_obstacles,eager,5,463505.6818181818,22
042-grid_obstacles,eager,6,458994.3181818182,22
042-grid_obstacles,eager,7,463047.36363636365,22
042-grid_obstacles,eager,8,462742.45454545453,22
003-complete,lazy,0,1136.208,1000
003-complete,lazy,1,1144.625,1000
003-complete,lazy,2,1112.834,1000
003-complete,lazy,3,1131.167,1000
003-complete,lazy,4,1153.875,1000
003-complete,lazy,5,1171.792,1000
003-complete,lazy,6,1146.417,1000
003-complete,lazy,7,1151.792,1000
003-complete,lazy,8,1186.375,1000
074-streets,list,0,762925.0,10
074-streets,list,1,761129.1,10
074-streets,list,2,768341.7,10
074-streets,list,3,741041.7,10
074-streets,list,4,1040041.6,10
074-streets,list,5,762408.4,10
074-streets,list,6,771045.8,10
074-streets,list,7,769562.5,10
074-streets,list,8,779300.0,10
033-maze_braided,lazy,0,401210.17391304346,23
033-maze_braided,lazy,1,397233.6956521739,23
033-maze_braided,lazy,2,400101.4347826087,23
033-maze_braided,lazy,3,401036.2173913043,23
033-maze_braided,lazy,4,407063.39130434784,23
033-maze_braided,lazy,5,404103.26086956525,23
033-maze_braided,lazy,6,413434.7826086957,23
033-maze_braided,lazy,7,409755.4347826087,23
033-maze_braided,lazy,8,412755.4347826087,23
048-maze_perfect,lazy,0,71446.62809917355,121
048-maze_perfect,lazy,1,70397.03305785124,121
048-maze_perfect,lazy,2,71654.26446280992,121
048-maze_perfect,lazy,3,70103.65289256198,121
048-maze_perfect,lazy,4,69545.45454545454,121
048-maze_perfect,lazy,5,70004.81818181818,121
048-maze_perfect,lazy,6,70847.79338842975,121
048-maze_perfect,lazy,7,70836.09090909091,121
048-maze_perfect,lazy,8,71228.65289256198,121
032-maze_perfect,eager,0,373823.6923076923,26
032-maze_perfect,eager,1,372980.76923076925,26
032-maze_perfect,eager,2,372516.0,26
032-maze_perfect,eager,3,369863.8076923077,26
032-maze_perfect,eager,4,368794.8461538461,26
032-maze_perfect,eager,5,369807.6923076923,26
032-maze_perfect,eager,6,369320.53846153844,26
032-maze_perfect,eager,7,367514.42307692306,26
032-maze_perfect,eager,8,368846.1538461539,26
024-grid_wall,eager,0,2992468.75,4
024-grid_wall,eager,1,2991750.0,4
024-grid_wall,eager,2,2969520.75,4
024-grid_wall,eager,3,2974447.75,4
024-grid_wall,eager,4,2973177.0,4
024-grid_wall,eager,5,2961677.0,4
024-grid_wall,eager,6,2962385.5,4
024-grid_wall,eager,7,2947823.0,4
024-grid_wall,eager,8,2961041.75,4
010-dense,list,0,61584.98026315789,152
010-dense,list,1,61581.41447368421,152
010-dense,list,2,61608.27631578947,152
010-dense,list,3,62131.85526315789,152
010-dense,list,4,63190.51315789474,152
010-dense,list,5,62408.98684210526,152
010-dense,list,6,61786.73684210526,152
010-dense,list,7,61612.94078947369,152
010-dense,list,8,61649.94078947369,152
030-maze_perfect,lazy,0,50074.15476190476,168
030-maze_perfect,lazy,1,50239.833333333336,168
030-maze_perfect,lazy,2,50298.11309523809,168
030-maze_perfect,lazy,3,50055.05952380953,168
030-maze_perfect,lazy,4,49979.41071428572,168
030-maze_perfect,lazy,5,49882.93452380953,168
030-maze_perfect,lazy,6,49996.52380952381,168
030-maze_perfect,lazy,7,49655.505952380954,168
030-maze_perfect,lazy,8,49806.04761904762,168
060-grid_obstacles,astar-manhattan,0,43771.42857142857,175
060-grid_obstacles,astar-manhattan,1,44142.857142857145,175
060-grid_obstacles,astar-manhattan,2,44321.90285714286,175
060-grid_obstacles,astar-manhattan,3,43118.811428571425,175
060-grid_obstacles,astar-manhattan,4,43219.76,175
060-grid_obstacles,astar-manhattan,5,44152.61714285714,175
060-grid_obstacles,astar-manhattan,6,44323.33714285714,175
060-grid_obstacles,astar-manhattan,7,43602.37714285714,175
060-grid_obstacles,astar-manhattan,8,43796.90285714286,175
043-grid_obstacles-diagonal,astar-octile,0,44742.816091954024,174
043-grid_obstacles-diagonal,astar-octile,1,44611.58620689655,174
043-grid_obstacles-diagonal,astar-octile,2,44758.38505747126,174
043-grid_obstacles-diagonal,astar-octile,3,44613.98275862069,174
043-grid_obstacles-diagonal,astar-octile,4,44418.10344827586,174
043-grid_obstacles-diagonal,astar-octile,5,44895.11494252874,174
043-grid_obstacles-diagonal,astar-octile,6,44419.29885057471,174
043-grid_obstacles-diagonal,astar-octile,7,44435.1091954023,174
043-grid_obstacles-diagonal,astar-octile,8,44361.35057471264,174
047-maze_braided,astar-zero,0,44240.33505154639,194
047-maze_braided,astar-zero,1,44194.58762886598,194
047-maze_braided,astar-zero,2,44240.11855670103,194
047-maze_braided,astar-zero,3,44275.345360824744,194
047-maze_braided,astar-zero,4,44102.87628865979,194
047-maze_braided,astar-zero,5,44037.37113402062,194
047-maze_braided,astar-zero,6,43971.00515463918,194
047-maze_braided,astar-zero,7,43971.21649484536,194
047-maze_braided,astar-zero,8,43951.030927835054,194
038-dense,astar-zero,0,143370.6567164179,67
038-dense,astar-zero,1,143417.28358208956,67
038-dense,astar-zero,2,143014.2985074627,67
038-dense,astar-zero,3,142618.14925373133,67
038-dense,astar-zero,4,142472.62686567163,67
038-dense,astar-zero,5,142141.79104477612,67
038-dense,astar-zero,6,143013.05970149254,67
038-dense,astar-zero,7,143281.71641791044,67
038-dense,astar-zero,8,143059.7014925373,67
050-maze_perfect,astar-euclidean,0,223091.2619047619,42
050-maze_perfect,astar-euclidean,1,222918.64285714287,42
050-maze_perfect,astar-euclidean,2,222134.92857142858,42
050-maze_perfect,astar-euclidean,3,222052.57142857142,42
050-maze_perfect,astar-euclidean,4,220981.14285714287,42
050-maze_perfect,astar-euclidean,5,221571.42857142858,42
050-maze_perfect,astar-euclidean,6,222156.7619047619,42
050-maze_perfect,astar-euclidean,7,222007.92857142858,42
050-maze_perfect,astar-euclidean,8,221571.42857142858,42
025-grid_obstacles,astar-zero,0,855927.0833333334,12
025-grid_obstacles,astar-zero,1,856975.6666666666,12
025-grid_obstacles,astar-zero,2,858065.9166666666,12
025-grid_obstacles,astar-zero,3,851566.0,12
025-grid_obstacles,astar-zero,4,862274.3333333334,12
025-grid_obstacles,astar-zero,5,855184.0,12
025-grid_obstacles,astar-zero,6,851343.75,12
025-grid_obstacles,astar-zero,7,853392.3333333334,12
025-grid_obstacles,astar-zero,8,848076.4166666666,12
066-maze_perfect,lazy,0,42958.97435897436,195
066-maze_perfect,lazy,1,43162.179487179485,195
066-maze_perfect,lazy,2,43066.45641025641,195
066-maze_perfect,lazy,3,43066.666666666664,195
066-maze_perfect,lazy,4,42913.88717948718,195
066-maze_perfect,lazy,5,43019.446153846155,195
066-maze_perfect,lazy,6,43016.666666666664,195
066-maze_perfect,lazy,7,42885.256410256414,195
066-maze_perfect,lazy,8,42976.282051282054,195
043-grid_obstacles-diagonal,list,0,225335.22727272726,44
043-grid_obstacles-diagonal,list,1,224216.86363636365,44
043-grid_obstacles-diagonal,list,2,223906.25,44
043-grid_obstacles-diagonal,list,3,222499.04545454544,44
043-grid_obstacles-diagonal,list,4,223749.04545454544,44
043-grid_obstacles-diagonal,list,5,224080.47727272726,44
043-grid_obstacles-diagonal,list,6,223316.27272727274,44
043-grid_obstacles-diagonal,list,7,223414.77272727274,44
043-grid_obstacles-diagonal,list,8,223492.4090909091,44
070-queue_stress,astar-euclidean,0,19102.668213457076,431
070-queue_stress,astar-euclidean,1,19078.49883990719,431
070-queue_stress,astar-euclidean,2,19025.522041763343,431
070-queue_stress,astar-euclidean,3,19005.800464037122,431
070-queue_stress,astar-euclidean,4,18901.584686774942,431
070-queue_stress,astar-euclidean,5,18956.979118329466,431
070-queue_stress,astar-euclidean,6,19021.171693735498,431
070-queue_stress,astar-euclidean,7,19063.610208816706,431
070-queue_stress,astar-euclidean,8,19029.679814385152,431
041-grid_obstacles-diagonal,eager,0,107874.48148148147,81
041-grid_obstacles-diagonal,eager,1,107500.0,81
041-grid_obstacles-diagonal,eager,2,107285.49382716049,81
041-grid_obstacles-diagonal,eager,3,107637.86419753087,81
041-grid_obstacles-diagonal,eager,4,106430.55555555556,81
041-grid_obstacles-diagonal,eager,5,107084.87654320987,81
041-grid_obstacles-diagonal,eager,6,106633.23456790124,81
041-grid_obstacles-diagonal,eager,7,106885.29629629629,81
041-grid_obstacles-diagonal,eager,8,108002.56790123456,81
075-streets,eager,0,519076.7368421053,19
075-streets,eager,1,522429.7894736842,19
075-streets,eager,2,518964.8947368421,19
075-streets,eager,3,515381.5789473684,19
075-streets,eager,4,514818.0,19
075-streets,eager,5,512265.36842105264,19
075-streets,eager,6,513940.7894736842,19
075-streets,eager,7,514712.7368421053,19
075-streets,eager,8,516008.7894736842,19
046-maze_perfect,lazy,0,25450.837370242214,289
046-maze_perfect,lazy,1,25535.754325259517,289
046-maze_perfect,lazy,2,25668.83044982699,289
046-maze_perfect,lazy,3,25598.470588235294,289
046-maze_perfect,lazy,4,25426.612456747403,289
046-maze_perfect,lazy,5,25378.892733564015,289
046-maze_perfect,lazy,6,25311.56401384083,289
046-maze_perfect,lazy,7,25209.484429065746,289
046-maze_perfect,lazy,8,25597.46366782007,289
024-grid_wall,astar-manhattan,0,990195.9,10
024-grid_wall,astar-manhattan,1,978920.8,10
024-grid_wall,astar-manhattan,2,972512.5,10
024-grid_wall,astar-manhattan,3,999304.2,10
024-grid_wall,astar-manhattan,4,976937.5,10
024-grid_wall,astar-manhattan,5,977779.2,10
024-grid_wall,astar-manhattan,6,970687.5,10
024-grid_wall,astar-manhattan,7,977641.6,10
024-grid_wall,astar-manhattan,8,1001312.5,10
049-maze_braided,list,0,186276.96078431373,51
049-maze_braided,list,1,187416.66666666666,51
049-maze_braided,list,2,185915.8431372549,51
049-maze_braided,list,3,184563.72549019608,51
049-maze_braided,list,4,185495.0980392157,51
049-maze_braided,list,5,185924.01960784313,51
049-maze_braided,list,6,185262.25490196078,51
049-maze_braided,list,7,184532.66666666666,51
049-maze_braided,list,8,184685.45098039217,51
031-maze_braided,list,0,198330.77551020408,49
031-maze_braided,list,1,198906.4693877551,49
031-maze_braided,list,2,197454.08163265305,49
031-maze_braided,list,3,197245.73469387754,49
031-maze_braided,list,4,197750.0,49
031-maze_braided,list,5,197185.3673469388,49
031-maze_braided,list,6,197579.08163265305,49
031-maze_braided,list,7,197134.3469387755,49
031-maze_braided,list,8,195899.67346938775,49
023-grid_open,lazy,0,928227.2727272727,11
023-grid_open,lazy,1,931625.0,11
023-grid_open,lazy,2,929613.6363636364,11
023-grid_open,lazy,3,922147.7272727273,11
023-grid_open,lazy,4,924750.0,11
023-grid_open,lazy,5,927666.6363636364,11
023-grid_open,lazy,6,923829.5454545454,11
023-grid_open,lazy,7,926799.2727272727,11
023-grid_open,lazy,8,923503.8181818182,11
053-sparse,list,0,311595.0625,32
053-sparse,list,1,312593.75,32
053-sparse,list,2,311541.65625,32
053-sparse,list,3,312091.125,32
053-sparse,list,4,311872.375,32
053-sparse,list,5,311962.21875,32
053-sparse,list,6,311201.84375,32
053-sparse,list,7,311149.75,32
053-sparse,list,8,311602.875,32
006-complete,depth_first,0,288778958.0,1
006-complete,depth_first,1,287539459.0,1
006-complete,depth_first,2,286099250.0,1
006-complete,depth_first,3,285234625.0,1
006-complete,depth_first,4,286812083.0,1
006-complete,depth_first,5,282003875.0,1
006-complete,depth_first,6,281336042.0,1
006-complete,depth_first,7,281006333.0,1
006-complete,depth_first,8,283661250.0,1
027-grid_obstacles-diagonal,eager,0,2572177.0,4
027-grid_obstacles-diagonal,eager,1,2569885.5,4
027-grid_obstacles-diagonal,eager,2,2549229.0,4
027-grid_obstacles-diagonal,eager,3,2570760.25,4
027-grid_obstacles-diagonal,eager,4,2555010.5,4
027-grid_obstacles-diagonal,eager,5,2548656.25,4
027-grid_obstacles-diagonal,eager,6,2541937.5,4
027-grid_obstacles-diagonal,eager,7,2547885.5,4
027-grid_obstacles-diagonal,eager,8,2552000.0,4
078-game_dungeon,astar-manhattan,0,213610.2,45
078-game_dungeon,astar-manhattan,1,212824.06666666668,45
078-game_dungeon,astar-manhattan,2,211974.06666666668,45
078-game_dungeon,astar-manhattan,3,211801.84444444443,45
078-game_dungeon,astar-manhattan,4,212949.06666666668,45
078-game_dungeon,astar-manhattan,5,212220.35555555555,45
078-game_dungeon,astar-manhattan,6,212837.97777777776,45
078-game_dungeon,astar-manhattan,7,212530.55555555556,45
078-game_dungeon,astar-manhattan,8,212122.22222222222,45
045-grid_obstacles-diagonal,astar-euclidean,0,473335.45,20
045-grid_obstacles-diagonal,astar-euclidean,1,477627.1,20
045-grid_obstacles-diagonal,astar-euclidean,2,474431.25,20
045-grid_obstacles-diagonal,astar-euclidean,3,473164.55,20
045-grid_obstacles-diagonal,astar-euclidean,4,474477.1,20
045-grid_obstacles-diagonal,astar-euclidean,5,473135.45,20
045-grid_obstacles-diagonal,astar-euclidean,6,474127.05,20
045-grid_obstacles-diagonal,astar-euclidean,7,473952.1,20
045-grid_obstacles-diagonal,astar-euclidean,8,475395.85,20
034-sparse,eager,0,91871.04310344828,116
034-sparse,eager,1,93043.10344827586,116
034-sparse,eager,2,86959.77586206897,116
034-sparse,eager,3,87350.93965517242,116
034-sparse,eager,4,93224.13793103448,116
034-sparse,eager,5,84593.02586206897,116
034-sparse,eager,6,69117.45689655172,116
034-sparse,eager,7,71644.39655172414,116
034-sparse,eager,8,68192.52586206897,116
072-queue_stress,astar-euclidean,0,1626645.8333333333,6
072-queue_stress,astar-euclidean,1,1619597.1666666667,6
072-queue_stress,astar-euclidean,2,1627159.6666666667,6
072-queue_stress,astar-euclidean,3,1622819.5,6
072-queue_stress,astar-euclidean,4,1617784.8333333333,6
072-queue_stress,astar-euclidean,5,1623368.1666666667,6
072-queue_stress,astar-euclidean,6,1626875.0,6
072-queue_stress,astar-euclidean,7,1630062.5,6
072-queue_stress,astar-euclidean,8,1616006.8333333333,6
030-maze_perfect,astar-euclidean,0,73025.33333333333,102
030-maze_perfect,astar-euclidean,1,61866.833333333336,102
030-maze_perfect,astar-euclidean,2,59277.36274509804,102
030-maze_perfect,astar-euclidean,3,59359.48039215686,102
030-maze_perfect,astar-euclidean,4,58770.42156862745,102
030-maze_perfect,astar-euclidean,5,58433.0,102
030-maze_perfect,astar-euclidean,6,58724.67647058824,102
030-maze_perfect,astar-euclidean,7,58981.21568627451,102
030-maze_perfect,astar-euclidean,8,58948.93137254902,102
083-grid_open,astar-euclidean,0,16626.06993006993,429
083-grid_open,astar-euclidean,1,16633.645687645687,429
083-grid_open,astar-euclidean,2,16563.617715617715,429
083-grid_open,astar-euclidean,3,16517.191142191143,429
083-grid_open,astar-euclidean,4,16457.946386946387,429
083-grid_open,astar-euclidean,5,16610.722610722612,429
083-grid_open,astar-euclidean,6,16409.480186480185,429
083-grid_open,astar-euclidean,7,16540.88811188811,429
083-grid_open,astar-euclidean,8,16580.90442890443,429
009-sparse,lazy,0,596541.625,16
009-sparse,lazy,1,590773.4375,16
009-sparse,lazy,2,598692.6875,16
009-sparse,lazy,3,591739.5625,16
009-sparse,lazy,4,593484.375,16
009-sparse,lazy,5,593208.3125,16
009-sparse,lazy,6,593763.0,16
009-sparse,lazy,7,595140.625,16
009-sparse,lazy,8,590281.25,16
082-grid_wall,astar-zero,0,114063.025,80
082-grid_wall,astar-zero,1,113944.275,80
082-grid_wall,astar-zero,2,113918.75,80
082-grid_wall,astar-zero,3,114644.7875,80
082-grid_wall,astar-zero,4,115555.7375,80
082-grid_wall,astar-zero,5,113966.675,80
082-grid_wall,astar-zero,6,113683.3375,80
082-grid_wall,astar-zero,7,114030.2125,80
082-grid_wall,astar-zero,8,113465.1,80
029-maze_braided,eager,0,99074.74226804124,97
029-maze_braided,eager,1,99049.82474226804,97
029-maze_braided,eager,2,97893.47422680413,97
029-maze_braided,eager,3,98634.45360824742,97
029-maze_braided,eager,4,98391.75257731958,97
029-maze_braided,eager,5,97304.1237113402,97
029-maze_braided,eager,6,98012.88659793814,97
029-maze_braided,eager,7,97636.1649484536,97
029-maze_braided,eager,8,97385.30927835051,97
076-game_dungeon,astar-manhattan,0,34081.20425531915,235
076-game_dungeon,astar-manhattan,1,33995.391489361704,235
076-game_dungeon,astar-manhattan,2,33909.574468085106,235
076-game_dungeon,astar-manhattan,3,33859.4,235
076-game_dungeon,astar-manhattan,4,33757.62553191489,235
076-game_dungeon,astar-manhattan,5,33865.24680851064,235
076-game_dungeon,astar-manhattan,6,33979.96595744681,235
076-game_dungeon,astar-manhattan,7,33917.37446808511,235
076-game_dungeon,astar-manhattan,8,34065.778723404255,235
054-sparse,astar-zero,0,664400.0,15
054-sparse,astar-zero,1,655363.8666666667,15
054-sparse,astar-zero,2,661422.2,15
054-sparse,astar-zero,3,652611.1333333333,15
054-sparse,astar-zero,4,661550.0,15
054-sparse,astar-zero,5,655397.2,15
054-sparse,astar-zero,6,652094.4,15
054-sparse,astar-zero,7,649888.8666666667,15
054-sparse,astar-zero,8,656169.4666666667,15
070-queue_stress,lazy,0,17717.794759825327,458
070-queue_stress,lazy,1,17701.4192139738,458
070-queue_stress,lazy,2,17704.056768558952,458
070-queue_stress,lazy,3,17704.9672489083,458
070-queue_stress,lazy,4,17778.930131004367,458
070-queue_stress,lazy,5,17655.11135371179,458
070-queue_stress,lazy,6,17675.491266375546,458
070-queue_stress,lazy,7,17688.13755458515,458
070-queue_stress,lazy,8,17639.100436681223,458
017-grid_obstacles-diagonal,lazy,0,45258.290322580644,186
017-grid_obstacles-diagonal,lazy,1,45290.32258064516,186
017-grid_obstacles-diagonal,lazy,2,45010.52688172043,186
017-grid_obstacles-diagonal,lazy,3,45154.56989247312,186
017-grid_obstacles-diagonal,lazy,4,45137.7688172043,186
017-grid_obstacles-diagonal,lazy,5,45156.36021505376,186
017-grid_obstacles-diagonal,lazy,6,44992.16129032258,186
017-grid_obstacles-diagonal,lazy,7,44844.532258064515,186
017-grid_obstacles-diagonal,lazy,8,44954.30107526882,186
021-grid_terrain,astar-manhattan,0,167269.0,57
021-grid_terrain,astar-manhattan,1,166288.73684210525,57
021-grid_terrain,astar-manhattan,2,166414.47368421053,57
021-grid_terrain,astar-manhattan,3,165871.33333333334,57
021-grid_terrain,astar-manhattan,4,166103.0701754386,57
021-grid_terrain,astar-manhattan,5,165614.75438596492,57
021-grid_terrain,astar-manhattan,6,165427.63157894736,57
021-grid_terrain,astar-manhattan,7,165800.43859649124,57
021-grid_terrain,astar-manhattan,8,165717.84210526315,57
073-streets,list,0,788269.2307692308,13
073-streets,list,1,780538.4615384615,13
073-streets,list,2,778519.2307692308,13
073-streets,list,3,773298.0769230769,13
073-streets,list,4,774467.9230769231,13
073-streets,list,5,772631.3846153846,13
073-streets,list,6,771993.6153846154,13
073-streets,list,7,768153.8461538461,13
073-streets,list,8,772410.2307692308,13
033-maze_braided,astar-euclidean,0,320162.037037037,27
033-maze_braided,astar-euclidean,1,320257.7037037037,27
033-maze_braided,astar-euclidean,2,319574.0740740741,27
033-maze_braided,astar-euclidean,3,319206.77777777775,27
033-maze_braided,astar-euclidean,4,323844.1111111111,27
033-maze_braided,astar-euclidean,5,320191.3703703704,27
033-maze_braided,astar-euclidean,6,320157.4074074074,27
033-maze_braided,astar-euclidean,7,320535.48148148146,27
033-maze_braided,astar-euclidean,8,319506.18518518517,27
068-maze_perfect,astar-zero,0,334219.57692307694,26
068-maze_perfect,astar-zero,1,330439.1153846154,26
068-maze_perfect,astar-zero,2,329250.0,26
068-maze_perfect,astar-zero,3,329581.73076923075,26
068-maze_perfect,astar-zero,4,328584.92307692306,26
068-maze_perfect,astar-zero,5,328695.53846153844,26
068-maze_perfect,astar-zero,6,328674.6923076923,26
068-maze_perfect,astar-zero,7,328722.76923076925,26
068-maze_perfect,astar-zero,8,329458.3461538461,26
014-grid_wall,lazy,0,44532.068062827224,191
014-grid_wall,lazy,1,44546.46596858639,191
014-grid_wall,lazy,2,44405.319371727746,191
014-grid_wall,lazy,3,44802.575916230366,191
014-grid_wall,lazy,4,44507.6387434555,191
014-grid_wall,lazy,5,44428.66492146597,191
014-grid_wall,lazy,6,44616.2722513089,191
014-grid_wall,lazy,7,44299.08376963351,191
014-grid_wall,lazy,8,44365.1832460733,191
042-grid_obstacles,astar-euclidean,0,46749.33155080214,187
042-grid_obstacles,astar-euclidean,1,46257.57219251337,187
042-grid_obstacles,astar-euclidean,2,47760.69518716577,187
042-grid_obstacles,astar-euclidean,3,47704.09625668449,187
042-grid_obstacles,astar-euclidean,4,47173.35294117647,187
042-grid_obstacles,astar-euclidean,5,46482.40106951872,187
042-grid_obstacles,astar-euclidean,6,45319.74331550802,187
042-grid_obstacles,astar-euclidean,7,49870.76470588235,187
042-grid_obstacles,astar-euclidean,8,48868.54010695187,187
015-grid_obstacles,lazy,0,37443.81447963801,221
015-grid_obstacles,lazy,1,37391.58823529412,221
015-grid_obstacles,lazy,2,37484.35294117647,221
015-grid_obstacles,lazy,3,38279.03167420814,221
015-grid_obstacles,lazy,4,37464.55203619909,221
015-grid_obstacles,lazy,5,37266.21266968326,221
015-grid_obstacles,lazy,6,37341.25339366516,221
015-grid_obstacles,lazy,7,37314.66968325792,221
015-grid_obstacles,lazy,8,37284.8778280543,221
020-grid_obstacles,astar-manhattan,0,108897.03448275862,87
020-grid_obstacles,astar-manhattan,1,109055.55172413793,87
020-grid_obstacles,astar-manhattan,2,109134.58620689655,87
020-grid_obstacles,astar-manhattan,3,108271.55172413793,87
020-grid_obstacles,astar-manhattan,4,108568.0,87
020-grid_obstacles,astar-manhattan,5,108206.89655172414,87
020-grid_obstacles,astar-manhattan,6,108752.8735632184,87
020-grid_obstacles,astar-manhattan,7,108554.59770114943,87
020-grid_obstacles,astar-manhattan,8,108318.96551724138,87
072-queue_stress,eager,0,859982.5833333334,12
072-queue_stress,eager,1,858972.1666666666,12
072-queue_stress,eager,2,869482.6666666666,12
072-queue_stress,eager,3,860100.6666666666,12
072-queue_stress,eager,4,865506.9166666666,12
072-queue_stress,eager,5,862586.75,12
072-queue_stress,eager,6,868666.6666666666,12
072-queue_stress,eager,7,852566.0,12
072-queue_stress,eager,8,861489.5833333334,12
067-maze_braided,astar-zero,0,193860.84,50
067-maze_braided,astar-zero,1,193354.18,50
067-maze_braided,astar-zero,2,192794.16,50
067-maze_braided,astar-zero,3,192355.0,50
067-maze_braided,astar-zero,4,192768.34,50
067-maze_braided,astar-zero,5,192002.5,50
067-maze_braided,astar-zero,6,192676.68,50
067-maze_braided,astar-zero,7,192173.34,50
067-maze_braided,astar-zero,8,192416.68,50
080-dense,lazy,0,6205.362603305785,968
080-dense,lazy,1,6144.240702479339,968
080-dense,lazy,2,6151.988636363636,968
080-dense,lazy,3,6207.81714876033,968
080-dense,lazy,4,6229.038223140496,968
080-dense,lazy,5,6167.398760330579,968
080-dense,lazy,6,6172.434917355372,968
080-dense,lazy,7,6146.865702479339,968
080-dense,lazy,8,6170.023760330579,968
080-dense,astar-zero,0,6882.540664375716,873
080-dense,astar-zero,1,6872.756013745705,873
080-dense,astar-zero,2,7013.029782359679,873
080-dense,astar-zero,3,6941.72394043528,873
080-dense,astar-zero,4,7013.077892325315,873
080-dense,astar-zero,5,7019.616265750286,873
080-dense,astar-zero,6,6988.450171821306,873
080-dense,astar-zero,7,7000.524627720504,873
080-dense,astar-zero,8,6988.1156930126,873
011-dense,list,0,251741.46153846153,39
011-dense,list,1,250188.02564102566,39
011-dense,list,2,248429.4871794872,39
011-dense,list,3,246663.46153846153,39
011-dense,list,4,244519.23076923078,39
011-dense,list,5,247455.12820512822,39
011-dense,list,6,247165.58974358975,39
011-dense,list,7,242963.6923076923,39
011-dense,list,8,242455.12820512822,39
075-streets,list,0,229097.23076923078,39
075-streets,list,1,229428.41025641025,39
075-streets,list,2,227363.2564102564,39
075-streets,list,3,222654.89743589744,39
075-streets,list,4,221720.10256410256,39
075-streets,list,5,221501.05128205128,39
075-streets,list,6,222085.4871794872,39
075-streets,list,7,222444.46153846153,39
075-streets,list,8,220780.97435897434,39
026-grid_terrain,list,0,2657437.5,4
026-grid_terrain,list,1,2656406.25,4
026-grid_terrain,list,2,2643458.5,4
026-grid_terrain,list,3,2643698.0,4
026-grid_terrain,list,4,2635218.75,4
026-grid_terrain,list,5,2636083.25,4
026-grid_terrain,list,6,2637458.5,4
026-grid_terrain,list,7,2635406.25,4
026-grid_terrain,list,8,2635916.75,4
030-maze_perfect,astar-zero,0,59383.620689655174,145
030-maze_perfect,astar-zero,1,59480.46206896552,145
030-maze_perfect,astar-zero,2,59712.64827586207,145
030-maze_perfect,astar-zero,3,59481.61379310345,145
030-maze_perfect,astar-zero,4,59440.51724137931,145
030-maze_perfect,astar-zero,5,59200.862068965514,145
030-maze_perfect,astar-zero,6,59375.862068965514,145
030-maze_perfect,astar-zero,7,59577.29655172414,145
030-maze_perfect,astar-zero,8,58874.137931034486,145
013-grid_open,list,0,47575.50276243094,181
013-grid_open,list,1,47646.6408839779,181
013-grid_open,list,2,47822.97790055248,181
013-grid_open,list,3,47644.56906077348,181
013-grid_open,list,4,47416.4364640884,181
013-grid_open,list,5,47575.96685082873,181
013-grid_open,list,6,47561.6906077348,181
013-grid_open,list,7,47596.22651933702,181
013-grid_open,list,8,47740.331491712706,181
060-grid_obstacles,lazy,0,147670.03225806452,62
060-grid_obstacles,lazy,1,145968.4193548387,62
060-grid_obstacles,lazy,2,146134.4193548387,62
060-grid_obstacles,lazy,3,145877.01612903227,62
060-grid_obstacles,lazy,4,144610.88709677418,62
060-grid_obstacles,lazy,5,145317.87096774194,62
060-grid_obstacles,lazy,6,147635.75806451612,62
060-grid_obstacles,lazy,7,146447.5806451613,62
060-grid_obstacles,lazy,8,145553.75806451612,62
084-grid_obstacles,eager,0,223198.15555555557,45
084-grid_obstacles,eager,1,220924.06666666668,45
084-grid_obstacles,eager,2,221972.22222222222,45
084-grid_obstacles,eager,3,218755.55555555556,45
084-grid_obstacles,eager,4,219158.33333333334,45
084-grid_obstacles,eager,5,220629.6222222222,45
084-grid_obstacles,eager,6,219937.04444444444,45
084-grid_obstacles,eager,7,223776.84444444443,45
084-grid_obstacles,eager,8,220535.2,45
067-maze_braided,lazy,0,171916.65454545454,55
067-maze_braided,lazy,1,171709.85454545455,55
067-maze_braided,lazy,2,171806.81818181818,55
067-maze_braided,lazy,3,169749.23636363636,55
067-maze_braided,lazy,4,169571.21818181817,55
067-maze_braided,lazy,5,170418.18181818182,55
067-maze_braided,lazy,6,170359.85454545455,55
067-maze_braided,lazy,7,171509.85454545455,55
067-maze_braided,lazy,8,170541.65454545454,55
046-maze_perfect,astar-zero,0,31013.887596899225,258
046-maze_perfect,astar-zero,1,30946.062015503878,258
046-maze_perfect,astar-zero,2,30846.41472868217,258
046-maze_perfect,astar-zero,3,30826.387596899225,258
046-maze_perfect,astar-zero,4,30750.0,258
046-maze_perfect,astar-zero,5,30831.07364341085,258
046-maze_perfect,astar-zero,6,30873.383720930233,258
046-maze_perfect,astar-zero,7,30861.112403100775,258
046-maze_perfect,astar-zero,8,30704.298449612405,258
062-grid_obstacles,eager,0,2346700.0,5
062-grid_obstacles,eager,1,2357216.6,5
062-grid_obstacles,eager,2,2323491.8,5
062-grid_obstacles,eager,3,2342516.6,5
062-grid_obstacles,eager,4,2333141.8,5
062-grid_obstacles,eager,5,2322633.4,5
062-grid_obstacles,eager,6,2325725.0,5
062-grid_obstacles,eager,7,2328800.0,5
062-grid_obstacles,eager,8,2322791.6,5
011-dense,astar-euclidean,0,151588.03773584907,53
011-dense,astar-euclidean,1,151724.83018867925,53
011-dense,astar-euclidean,2,153046.37735849057,53
011-dense,astar-euclidean,3,151855.3396226415,53
011-dense,astar-euclidean,4,153553.45283018867,53
011-dense,astar-euclidean,5,151401.7358490566,53
011-dense,astar-euclidean,6,150756.30188679244,53
011-dense,astar-euclidean,7,151775.16981132075,53
011-dense,astar-euclidean,8,150473.2641509434,53
054-sparse,astar-euclidean,0,606421.875,16
054-sparse,astar-euclidean,1,605130.1875,16
054-sparse,astar-euclidean,2,605307.25,16
054-sparse,astar-euclidean,3,600835.9375,16
054-sparse,astar-euclidean,4,603468.75,16
054-sparse,astar-euclidean,5,603023.4375,16
054-sparse,astar-euclidean,6,601601.5625,16
054-sparse,astar-euclidean,7,601080.75,16
054-sparse,astar-euclidean,8,600320.3125,16
020-grid_obstacles,list,0,191183.82352941178,51
020-grid_obstacles,list,1,191202.6274509804,51
020-grid_obstacles,list,2,191382.35294117648,51
020-grid_obstacles,list,3,191469.76470588235,51
020-grid_obstacles,list,4,190544.11764705883,51
020-grid_obstacles,list,5,191035.96078431373,51
020-grid_obstacles,list,6,190449.35294117648,51
020-grid_obstacles,list,7,190427.29411764705,51
020-grid_obstacles,list,8,189364.39215686274,51
048-maze_perfect,list,0,78958.69298245614,114
048-maze_perfect,list,1,79076.38596491228,114
048-maze_perfect,list,2,79199.20175438597,114
048-maze_perfect,list,3,78907.5350877193,114
048-maze_perfect,list,4,78705.77192982456,114
048-maze_perfect,list,5,78433.84210526316,114
048-maze_perfect,list,6,79050.43859649122,114
048-maze_perfect,list,7,79061.0350877193,114
048-maze_perfect,list,8,78828.21929824562,114
062-grid_obstacles,astar-manhattan,0,331306.53571428574,28
062-grid_obstacles,astar-manhattan,1,328668.14285714284,28
062-grid_obstacles,astar-manhattan,2,332727.6785714286,28
062-grid_obstacles,astar-manhattan,3,328779.75,28
062-grid_obstacles,astar-manhattan,4,329049.10714285716,28
062-grid_obstacles,astar-manhattan,5,329123.5,28
062-grid_obstacles,astar-manhattan,6,328729.1785714286,28
062-grid_obstacles,astar-manhattan,7,329563.96428571426,28
062-grid_obstacles,astar-manhattan,8,329755.96428571426,28
037-dense,astar-euclidean,0,38080.268398268396,231
037-dense,astar-euclidean,1,38450.580086580085,231
037-dense,astar-euclidean,2,38242.06060606061,231
037-dense,astar-euclidean,3,38210.1341991342,231
037-dense,astar-euclidean,4,38060.78787878788,231
037-dense,astar-euclidean,5,38065.2987012987,231
037-dense,astar-euclidean,6,38218.43722943723,231
037-dense,astar-euclidean,7,38026.69264069264,231
037-dense,astar-euclidean,8,38297.25541125541,231
078-game_dungeon,lazy,0,396363.32,25
078-game_dungeon,lazy,1,395205.0,25
078-game_dungeon,lazy,2,395360.0,25
078-game_dungeon,lazy,3,392308.32,25
078-game_dungeon,lazy,4,393086.64,25
078-game_dungeon,lazy,5,392811.68,25
078-game_dungeon,lazy,6,393208.36,25
078-game_dungeon,lazy,7,394041.68,25
078-game_dungeon,lazy,8,393431.68,25
062-grid_obstacles,astar-euclidean,0,425206.45454545453,22
062-grid_obstacles,astar-euclidean,1,421115.5,22
062-grid_obstacles,astar-euclidean,2,424119.3181818182,22
062-grid_obstacles,astar-euclidean,3,420456.45454545453,22
062-grid_obstacles,astar-euclidean,4,423500.0,22
062-grid_obstacles,astar-euclidean,5,423416.63636363635,22
062-grid_obstacles,astar-euclidean,6,422128.7727272727,22
062-grid_obstacles,astar-euclidean,7,422170.45454545453,22
062-grid_obstacles,astar-euclidean,8,422697.0,22
061-grid_obstacles-diagonal,astar-euclidean,0,49506.16568047337,169
061-grid_obstacles-diagonal,astar-euclidean,1,49463.01775147929,169
061-grid_obstacles-diagonal,astar-euclidean,2,49452.66272189349,169
061-grid_obstacles-diagonal,astar-euclidean,3,49427.514792899405,169
061-grid_obstacles-diagonal,astar-euclidean,4,49393.491124260356,169
061-grid_obstacles-diagonal,astar-euclidean,5,49316.56804733728,169
061-grid_obstacles-diagonal,astar-euclidean,6,49371.79289940828,169
061-grid_obstacles-diagonal,astar-euclidean,7,49373.27218934911,169
061-grid_obstacles-diagonal,astar-euclidean,8,49493.83431952663,169
053-sparse,astar-zero,0,138751.7857142857,70
053-sparse,astar-zero,1,138687.5,70
053-sparse,astar-zero,2,138439.2857142857,70
053-sparse,astar-zero,3,138114.2857142857,70
053-sparse,astar-zero,4,137897.0285714286,70
053-sparse,astar-zero,5,137573.2142857143,70
053-sparse,astar-zero,6,137756.55714285714,70
053-sparse,astar-zero,7,137738.6857142857,70
053-sparse,astar-zero,8,137522.01428571428,70
087-maze_perfect,astar-zero,0,27968.87966804979,241
087-maze_perfect,astar-zero,1,27460.92531120332,241
087-maze_perfect,astar-zero,2,27694.85062240664,241
087-maze_perfect,astar-zero,3,27743.087136929462,241
087-maze_perfect,astar-zero,4,27697.09543568465,241
087-maze_perfect,astar-zero,5,27828.31950207469,241
087-maze_perfect,astar-zero,6,27351.141078838173,241
087-maze_perfect,astar-zero,7,27214.55601659751,241
087-maze_perfect,astar-zero,8,28186.377593360994,241
051-maze_braided,astar-zero,0,477698.4285714286,21
051-maze_braided,astar-zero,1,463277.8095238095,21
051-maze_braided,astar-zero,2,455573.38095238095,21
051-maze_braided,astar-zero,3,458710.28571428574,21
051-maze_braided,astar-zero,4,460827.38095238095,21
051-maze_braided,astar-zero,5,456192.4285714286,21
051-maze_braided,astar-zero,6,456565.4761904762,21
051-maze_braided,astar-zero,7,457363.09523809527,21
051-maze_braided,astar-zero,8,457535.71428571426,21
055-dense,eager,0,61624.71428571428,147
055-dense,eager,1,61524.65986394558,147
055-dense,eager,2,61174.034013605444,147
055-dense,eager,3,61224.204081632655,147
055-dense,eager,4,61049.884353741494,147
055-dense,eager,5,61070.013605442175,147
055-dense,eager,6,61200.39455782313,147
055-dense,eager,7,61162.4149659864,147
055-dense,eager,8,61049.319727891154,147
083-grid_open,eager,0,287435.71428571426,35
083-grid_open,eager,1,286279.77142857143,35
083-grid_open,eager,2,286234.54285714286,35
083-grid_open,eager,3,285954.77142857143,35
083-grid_open,eager,4,285042.85714285716,35
083-grid_open,eager,5,285530.97142857144,35
083-grid_open,eager,6,285823.82857142854,35
083-grid_open,eager,7,283991.65714285715,35
083-grid_open,eager,8,285579.7428571429,35
055-dense,list,0,56769.26875,160
055-dense,list,1,56968.23125,160
055-dense,list,2,56989.0625,160
055-dense,list,3,56937.75625,160
055-dense,list,4,56482.55625,160
055-dense,list,5,56649.48125,160
055-dense,list,6,56264.58125,160
055-dense,list,7,56734.63125,160
055-dense,list,8,56518.23125,160
032-maze_perfect,list,0,186124.19607843139,51
032-maze_perfect,list,1,186562.07843137256,51
032-maze_perfect,list,2,186577.60784313726,51
032-maze_perfect,list,3,185864.3725490196,51
032-maze_perfect,list,4,186638.88235294117,51
032-maze_perfect,list,5,186237.74509803922,51
032-maze_perfect,list,6,186200.98039215687,51
032-maze_perfect,list,7,189888.0588235294,51
032-maze_perfect,list,8,198967.3137254902,51
003-complete,list,0,1403.292,1000
003-complete,list,1,1408.208,1000
003-complete,list,2,1434.791,1000
003-complete,list,3,1422.542,1000
003-complete,list,4,1411.25,1000
003-complete,list,5,1412.125,1000
003-complete,list,6,1396.042,1000
003-complete,list,7,1413.834,1000
003-complete,list,8,1399.75,1000
035-sparse,astar-zero,0,148670.5625,64
035-sparse,astar-zero,1,147936.1875,64
035-sparse,astar-zero,2,147962.890625,64
035-sparse,astar-zero,3,146923.171875,64
035-sparse,astar-zero,4,147880.859375,64
035-sparse,astar-zero,5,147921.875,64
035-sparse,astar-zero,6,147593.75,64
035-sparse,astar-zero,7,147793.625,64
035-sparse,astar-zero,8,148229.171875,64
058-grid_obstacles,astar-zero,0,40305.49289099526,211
058-grid_obstacles,astar-zero,1,40253.156398104264,211
058-grid_obstacles,astar-zero,2,40506.516587677725,211
058-grid_obstacles,astar-zero,3,40229.65876777251,211
058-grid_obstacles,astar-zero,4,40348.34123222749,211
058-grid_obstacles,astar-zero,5,40264.611374407585,211
058-grid_obstacles,astar-zero,6,40289.49289099526,211
058-grid_obstacles,astar-zero,7,40496.24644549763,211
058-grid_obstacles,astar-zero,8,40106.04265402844,211
062-grid_obstacles,list,0,1070695.8,10
062-grid_obstacles,list,1,1068545.8,10
062-grid_obstacles,list,2,1066870.8,10
062-grid_obstacles,list,3,1062508.3,10
062-grid_obstacles,list,4,1061383.4,10
062-grid_obstacles,list,5,1063791.6,10
062-grid_obstacles,list,6,1066258.3,10
062-grid_obstacles,list,7,1062533.3,10
062-grid_obstacles,list,8,1065137.5,10
036-sparse,astar-zero,0,647061.0666666667,15
036-sparse,astar-zero,1,645294.4666666667,15
036-sparse,astar-zero,2,647538.8666666667,15
036-sparse,astar-zero,3,641077.7333333333,15
036-sparse,astar-zero,4,643886.1333333333,15
036-sparse,astar-zero,5,642536.1333333333,15
036-sparse,astar-zero,6,640452.8,15
036-sparse,astar-zero,7,640000.0,15
036-sparse,astar-zero,8,644230.5333333333,15
001-unreachable,astar-zero,0,707.5,1000
001-unreachable,astar-zero,1,713.584,1000
001-unreachable,astar-zero,2,760.042,1000
001-unreachable,astar-zero,3,720.25,1000
001-unreachable,astar-zero,4,720.625,1000
001-unreachable,astar-zero,5,724.333,1000
001-unreachable,astar-zero,6,762.959,1000
001-unreachable,astar-zero,7,711.0,1000
001-unreachable,astar-zero,8,704.666,1000
021-grid_terrain,list,0,404362.8333333333,24
021-grid_terrain,list,1,405588.5416666667,24
021-grid_terrain,list,2,405218.75,24
021-grid_terrain,list,3,403925.375,24
021-grid_terrain,list,4,403361.125,24
021-grid_terrain,list,5,404092.0,24
021-grid_terrain,list,6,404737.8333333333,24
021-grid_terrain,list,7,403050.3333333333,24
021-grid_terrain,list,8,405750.0,24
069-maze_braided,lazy,0,417762.6956521739,23
069-maze_braided,lazy,1,414878.60869565216,23
069-maze_braided,lazy,2,418159.4347826087,23
069-maze_braided,lazy,3,417268.0869565217,23
069-maze_braided,lazy,4,415300.73913043475,23
069-maze_braided,lazy,5,417722.82608695654,23
069-maze_braided,lazy,6,419193.8695652174,23
069-maze_braided,lazy,7,435367.73913043475,23
069-maze_braided,lazy,8,415731.8695652174,23
029-maze_braided,astar-manhattan,0,34276.5625,240
029-maze_braided,astar-manhattan,1,34071.17916666667,240
029-maze_braided,astar-manhattan,2,34086.458333333336,240
029-maze_braided,astar-manhattan,3,33925.69583333333,240
029-maze_braided,astar-manhattan,4,33925.86666666667,240
029-maze_braided,astar-manhattan,5,34157.98333333333,240
029-maze_braided,astar-manhattan,6,34121.183333333334,240
029-maze_braided,astar-manhattan,7,33885.7625,240
029-maze_braided,astar-manhattan,8,33808.15833333333,240
025-grid_obstacles,eager,0,2337800.0,5
025-grid_obstacles,eager,1,2337716.8,5
025-grid_obstacles,eager,2,2314225.0,5
025-grid_obstacles,eager,3,2333150.0,5
025-grid_obstacles,eager,4,2318583.4,5
025-grid_obstacles,eager,5,2323350.0,5
025-grid_obstacles,eager,6,2313691.6,5
025-grid_obstacles,eager,7,2314875.0,5
025-grid_obstacles,eager,8,2312816.6,5
046-maze_perfect,astar-manhattan,0,29700.827205882353,272
046-maze_perfect,astar-manhattan,1,29659.77573529412,272
046-maze_perfect,astar-manhattan,2,29773.742647058825,272
046-maze_perfect,astar-manhattan,3,29711.85661764706,272
046-maze_perfect,astar-manhattan,4,29506.738970588234,272
046-maze_perfect,astar-manhattan,5,30051.930147058825,272
046-maze_perfect,astar-manhattan,6,29746.323529411766,272
046-maze_perfect,astar-manhattan,7,29511.948529411766,272
046-maze_perfect,astar-manhattan,8,29576.28676470588,272
035-sparse,eager,0,368796.2962962963,27
035-sparse,eager,1,369449.0740740741,27
035-sparse,eager,2,368996.9259259259,27
035-sparse,eager,3,366824.0740740741,27
035-sparse,eager,4,366879.6296296296,27
035-sparse,eager,5,369276.22222222225,27
035-sparse,eager,6,369141.962962963,27
035-sparse,eager,7,366498.44444444444,27
035-sparse,eager,8,367770.0740740741,27
088-maze_braided,lazy,0,45162.4251497006,167
088-maze_braided,lazy,1,45374.0,167
088-maze_braided,lazy,2,45122.00598802395,167
088-maze_braided,lazy,3,44865.76646706587,167
088-maze_braided,lazy,4,44715.568862275446,167
088-maze_braided,lazy,5,44917.4131736527,167
088-maze_braided,lazy,6,44765.71856287425,167
088-maze_braided,lazy,7,45002.245508982036,167
088-maze_braided,lazy,8,44138.473053892216,167
081-queue_stress,list,0,5424.5,1000
081-queue_stress,list,1,5465.833,1000
081-queue_stress,list,2,5447.583,1000
081-queue_stress,list,3,5404.458,1000
081-queue_stress,list,4,5379.083,1000
081-queue_stress,list,5,5414.5,1000
081-queue_stress,list,6,5392.75,1000
081-queue_stress,list,7,5432.75,1000
081-queue_stress,list,8,5382.167,1000
019-grid_wall,eager,0,615512.2352941176,17
019-grid_wall,eager,1,614799.0588235294,17
019-grid_wall,eager,2,616252.4705882353,17
019-grid_wall,eager,3,610813.7058823529,17
019-grid_wall,eager,4,613029.4117647059,17
019-grid_wall,eager,5,611803.8823529412,17
019-grid_wall,eager,6,613068.6470588235,17
019-grid_wall,eager,7,614955.8823529412,17
019-grid_wall,eager,8,611860.2941176471,17
015-grid_obstacles,eager,0,106081.19230769231,78
015-grid_obstacles,eager,1,106035.79487179487,78
015-grid_obstacles,eager,2,105253.73076923077,78
015-grid_obstacles,eager,3,105461.0,78
015-grid_obstacles,eager,4,105419.34615384616,78
015-grid_obstacles,eager,5,105078.0,78
015-grid_obstacles,eager,6,106284.17948717948,78
015-grid_obstacles,eager,7,105160.2564102564,78
015-grid_obstacles,eager,8,104946.57692307692,78
065-maze_braided,astar-euclidean,0,31654.605263157893,228
065-maze_braided,astar-euclidean,1,31284.719298245614,228
065-maze_braided,astar-euclidean,2,30922.333333333332,228
065-maze_braided,astar-euclidean,3,31192.25,228
065-maze_braided,astar-euclidean,4,31096.675438596492,228
065-maze_braided,astar-euclidean,5,31215.824561403508,228
065-maze_braided,astar-euclidean,6,31388.890350877195,228
065-maze_braided,astar-euclidean,7,31501.280701754386,228
065-maze_braided,astar-euclidean,8,31344.84649122807,228
035-sparse,astar-euclidean,0,139880.3015873016,63
035-sparse,astar-euclidean,1,139986.77777777778,63
035-sparse,astar-euclidean,2,139897.49206349207,63
035-sparse,astar-euclidean,3,139280.42857142858,63
035-sparse,astar-euclidean,4,138934.52380952382,63
035-sparse,astar-euclidean,5,139616.39682539683,63
035-sparse,astar-euclidean,6,139514.55555555556,63
035-sparse,astar-euclidean,7,139290.3492063492,63
035-sparse,astar-euclidean,8,139746.68253968254,63
068-maze_perfect,astar-manhattan,0,314764.77419354836,31
068-maze_perfect,astar-manhattan,1,316423.3870967742,31
068-maze_perfect,astar-manhattan,2,315544.3548387097,31
068-maze_perfect,astar-manhattan,3,312719.0967741936,31
068-maze_perfect,astar-manhattan,4,314918.0,31
068-maze_perfect,astar-manhattan,5,313584.67741935485,31
068-maze_perfect,astar-manhattan,6,313686.8387096774,31
068-maze_perfect,astar-manhattan,7,313443.5483870968,31
068-maze_perfect,astar-manhattan,8,315310.48387096776,31
014-grid_wall,astar-manhattan,0,42161.18048780488,205
014-grid_wall,astar-manhattan,1,42210.770731707315,205
014-grid_wall,astar-manhattan,2,42581.30243902439,205
014-grid_wall,astar-manhattan,3,42343.49268292683,205
014-grid_wall,astar-manhattan,4,42756.50731707317,205
014-grid_wall,astar-manhattan,5,42592.47804878049,205
014-grid_wall,astar-manhattan,6,42492.68292682927,205
014-grid_wall,astar-manhattan,7,42207.72682926829,205
014-grid_wall,astar-manhattan,8,42353.65853658537,205
057-dense,astar-euclidean,0,524081.15789473685,19
057-dense,astar-euclidean,1,523300.4210526316,19
057-dense,astar-euclidean,2,523473.6842105263,19
057-dense,astar-euclidean,3,521298.2631578947,19
057-dense,astar-euclidean,4,521995.5789473684,19
057-dense,astar-euclidean,5,524241.2105263158,19
057-dense,astar-euclidean,6,524469.3157894737,19
057-dense,astar-euclidean,7,524747.8421052631,19
057-dense,astar-euclidean,8,521997.7894736842,19
044-grid_obstacles,list,0,1047258.4,10
044-grid_obstacles,list,1,1048266.7,10
044-grid_obstacles,list,2,1044491.7,10
044-grid_obstacles,list,3,1036862.5,10
044-grid_obstacles,list,4,1037716.6,10
044-grid_obstacles,list,5,1039512.5,10
044-grid_obstacles,list,6,1036708.3,10
044-grid_obstacles,list,7,1041316.7,10
044-grid_obstacles,list,8,1033733.4,10
060-grid_obstacles,astar-euclidean,0,50673.53048780488,164
060-grid_obstacles,astar-euclidean,1,50774.14024390244,164
060-grid_obstacles,astar-euclidean,2,52044.46341463415,164
060-grid_obstacles,astar-euclidean,3,50826.21951219512,164
060-grid_obstacles,astar-euclidean,4,50639.73170731707,164
060-grid_obstacles,astar-euclidean,5,50603.90853658537,164
060-grid_obstacles,astar-euclidean,6,50563.51829268293,164
060-grid_obstacles,astar-euclidean,7,50546.493902439026,164
060-grid_obstacles,astar-euclidean,8,51565.80487804878,164
088-maze_braided,astar-euclidean,0,33378.45414847162,229
088-maze_braided,astar-euclidean,1,33773.10917030567,229
088-maze_braided,astar-euclidean,2,33308.406113537116,229
088-maze_braided,astar-euclidean,3,33554.76419213974,229
088-maze_braided,astar-euclidean,4,33370.99563318778,229
088-maze_braided,astar-euclidean,5,33191.23144104803,229
088-maze_braided,astar-euclidean,6,33332.60698689956,229
088-maze_braided,astar-euclidean,7,33300.5807860262,229
088-maze_braided,astar-euclidean,8,33130.45851528384,229
018-grid_open,astar-manhattan,0,27121.80487804878,287
018-grid_open,astar-manhattan,1,27122.82229965157,287
018-grid_open,astar-manhattan,2,27104.965156794424,287
018-grid_open,astar-manhattan,3,27091.174216027874,287
018-grid_open,astar-manhattan,4,26928.8606271777,287
018-grid_open,astar-manhattan,5,27126.017421602788,287
018-grid_open,astar-manhattan,6,27216.317073170732,287
018-grid_open,astar-manhattan,7,27075.205574912892,287
018-grid_open,astar-manhattan,8,27086.526132404182,287
070-queue_stress,eager,0,21958.104395604394,364
070-queue_stress,eager,1,22072.0,364
070-queue_stress,eager,2,22425.824175824175,364
070-queue_stress,eager,3,21997.365384615383,364
070-queue_stress,eager,4,22248.74175824176,364
070-queue_stress,eager,5,22083.447802197803,364
070-queue_stress,eager,6,22001.03021978022,364
070-queue_stress,eager,7,22003.777472527472,364
070-queue_stress,eager,8,21920.0989010989,364
000-small_weighted,lazy,0,2369.708,1000
000-small_weighted,lazy,1,2409.917,1000
000-small_weighted,lazy,2,2384.75,1000
000-small_weighted,lazy,3,2415.208,1000
000-small_weighted,lazy,4,2352.667,1000
000-small_weighted,lazy,5,2387.583,1000
000-small_weighted,lazy,6,2376.542,1000
000-small_weighted,lazy,7,2395.917,1000
000-small_weighted,lazy,8,2448.541,1000
034-sparse,astar-zero,0,28287.920415224915,289
034-sparse,astar-zero,1,28138.40830449827,289
034-sparse,astar-zero,2,28187.429065743945,289
034-sparse,astar-zero,3,28311.70588235294,289
034-sparse,astar-zero,4,28139.41868512111,289
034-sparse,astar-zero,5,28207.32525951557,289
034-sparse,astar-zero,6,28158.162629757786,289
034-sparse,astar-zero,7,28117.06920415225,289
034-sparse,astar-zero,8,28272.7785467128,289
041-grid_obstacles-diagonal,astar-euclidean,0,10645.368782161235,583
041-grid_obstacles-diagonal,astar-euclidean,1,10574.185248713551,583
041-grid_obstacles-diagonal,astar-euclidean,2,10560.392795883361,583
041-grid_obstacles-diagonal,astar-euclidean,3,10648.941680960548,583
041-grid_obstacles-diagonal,astar-euclidean,4,10626.571183533448,583
041-grid_obstacles-diagonal,astar-euclidean,5,10589.694682675814,583
041-grid_obstacles-diagonal,astar-euclidean,6,10620.497427101202,583
041-grid_obstacles-diagonal,astar-euclidean,7,10528.516295025729,583
041-grid_obstacles-diagonal,astar-euclidean,8,10667.73756432247,583
005-complete,lazy,0,2938.375,1000
005-complete,lazy,1,2968.834,1000
005-complete,lazy,2,2961.041,1000
005-complete,lazy,3,3003.791,1000
005-complete,lazy,4,2959.583,1000
005-complete,lazy,5,2986.667,1000
005-complete,lazy,6,2926.458,1000
005-complete,lazy,7,2965.75,1000
005-complete,lazy,8,2938.416,1000
087-maze_perfect,astar-manhattan,0,24956.369565217392,276
087-maze_perfect,astar-manhattan,1,25072.16304347826,276
087-maze_perfect,astar-manhattan,2,25282.155797101448,276
087-maze_perfect,astar-manhattan,3,24579.409420289856,276
087-maze_perfect,astar-manhattan,4,24582.427536231884,276
087-maze_perfect,astar-manhattan,5,24388.739130434784,276
087-maze_perfect,astar-manhattan,6,25148.398550724636,276
087-maze_perfect,astar-manhattan,7,25016.0,276
087-maze_perfect,astar-manhattan,8,24562.347826086956,276
014-grid_wall,eager,0,122833.3375,80
014-grid_wall,eager,1,122852.6,80
014-grid_wall,eager,2,123451.5625,80
014-grid_wall,eager,3,122862.5,80
014-grid_wall,eager,4,122364.575,80
014-grid_wall,eager,5,122607.3,80
014-grid_wall,eager,6,122496.875,80
014-grid_wall,eager,7,122565.1,80
014-grid_wall,eager,8,122169.275,80
022-grid_obstacles-diagonal,astar-euclidean,0,164925.2931034483,58
022-grid_obstacles-diagonal,astar-euclidean,1,165143.6896551724,58
022-grid_obstacles-diagonal,astar-euclidean,2,164066.8103448276,58
022-grid_obstacles-diagonal,astar-euclidean,3,163590.5172413793,58
022-grid_obstacles-diagonal,astar-euclidean,4,164295.25862068965,58
022-grid_obstacles-diagonal,astar-euclidean,5,163003.58620689655,58
022-grid_obstacles-diagonal,astar-euclidean,6,163584.05172413794,58
022-grid_obstacles-diagonal,astar-euclidean,7,164184.6379310345,58
022-grid_obstacles-diagonal,astar-euclidean,8,163522.25862068965,58
021-grid_terrain,astar-zero,0,299333.3333333333,33
021-grid_terrain,astar-zero,1,298702.0,33
021-grid_terrain,astar-zero,2,299388.8787878788,33
021-grid_terrain,astar-zero,3,299785.36363636365,33
021-grid_terrain,astar-zero,4,298967.1818181818,33
021-grid_terrain,astar-zero,5,300625.0,33
021-grid_terrain,astar-zero,6,299795.45454545453,33
021-grid_terrain,astar-zero,7,296113.63636363635,33
021-grid_terrain,astar-zero,8,298559.3333333333,33
003-complete,eager,0,2363.25,1000
003-complete,eager,1,2431.542,1000
003-complete,eager,2,2400.583,1000
003-complete,eager,3,2438.167,1000
003-complete,eager,4,2376.416,1000
003-complete,eager,5,2386.208,1000
003-complete,eager,6,2368.875,1000
003-complete,eager,7,2384.875,1000
003-complete,eager,8,2406.667,1000
010-dense,astar-zero,0,45601.52284263959,197
010-dense,astar-zero,1,45585.02538071066,197
010-dense,astar-zero,2,45576.77664974619,197
010-dense,astar-zero,3,45604.269035533,197
010-dense,astar-zero,4,45550.97461928934,197
010-dense,astar-zero,5,45543.14720812183,197
010-dense,astar-zero,6,45430.62436548223,197
010-dense,astar-zero,7,45523.68527918782,197
010-dense,astar-zero,8,45401.0152284264,197
050-maze_perfect,astar-manhattan,0,237228.65853658537,41
050-maze_perfect,astar-manhattan,1,235326.21951219512,41
050-maze_perfect,astar-manhattan,2,235070.1219512195,41
050-maze_perfect,astar-manhattan,3,233527.43902439025,41
050-maze_perfect,astar-manhattan,4,234510.17073170733,41
050-maze_perfect,astar-manhattan,5,235206.31707317074,41
050-maze_perfect,astar-manhattan,6,234710.36585365853,41
050-maze_perfect,astar-manhattan,7,235216.46341463414,41
050-maze_perfect,astar-manhattan,8,234395.31707317074,41
084-grid_obstacles,astar-euclidean,0,35457.23348017621,227
084-grid_obstacles,astar-euclidean,1,35324.339207048455,227
084-grid_obstacles,astar-euclidean,2,35611.78414096916,227
084-grid_obstacles,astar-euclidean,3,35878.66960352423,227
084-grid_obstacles,astar-euclidean,4,36328.55947136564,227
084-grid_obstacles,astar-euclidean,5,35242.290748898675,227
084-grid_obstacles,astar-euclidean,6,35482.00881057269,227
084-grid_obstacles,astar-euclidean,7,35401.06167400881,227
084-grid_obstacles,astar-euclidean,8,35503.48898678414,227
023-grid_open,astar-euclidean,0,73201.32710280374,107
023-grid_open,astar-euclidean,1,73125.39252336448,107
023-grid_open,astar-euclidean,2,72878.11214953271,107
023-grid_open,astar-euclidean,3,72975.85981308411,107
023-grid_open,astar-euclidean,4,72503.88785046729,107
023-grid_open,astar-euclidean,5,72772.98130841121,107
023-grid_open,astar-euclidean,6,72282.31775700934,107
023-grid_open,astar-euclidean,7,72389.01869158879,107
023-grid_open,astar-euclidean,8,72044.39252336448,107
019-grid_wall,list,0,248905.225,40
019-grid_wall,list,1,248990.625,40
019-grid_wall,list,2,248815.625,40
019-grid_wall,list,3,247677.075,40
019-grid_wall,list,4,248690.625,40
019-grid_wall,list,5,248277.1,40
019-grid_wall,list,6,248648.95,40
019-grid_wall,list,7,247314.575,40
019-grid_wall,list,8,248495.825,40
027-grid_obstacles-diagonal,astar-octile,0,349720.6666666667,27
027-grid_obstacles-diagonal,astar-octile,1,333228.3703703704,27
027-grid_obstacles-diagonal,astar-octile,2,335904.3333333333,27
027-grid_obstacles-diagonal,astar-octile,3,332268.51851851854,27
027-grid_obstacles-diagonal,astar-octile,4,332509.25925925927,27
027-grid_obstacles-diagonal,astar-octile,5,332799.3703703704,27
027-grid_obstacles-diagonal,astar-octile,6,338007.7037037037,27
027-grid_obstacles-diagonal,astar-octile,7,337851.85185185185,27
027-grid_obstacles-diagonal,astar-octile,8,339462.962962963,27
035-sparse,list,0,339066.1034482759,29
035-sparse,list,1,341188.2068965517,29
035-sparse,list,2,338505.724137931,29
035-sparse,list,3,338771.5517241379,29
035-sparse,list,4,336034.4827586207,29
035-sparse,list,5,338038.7931034483,29
035-sparse,list,6,339149.4482758621,29
035-sparse,list,7,339109.1724137931,29
035-sparse,list,8,338208.3448275862,29
011-dense,lazy,0,145681.640625,64
011-dense,lazy,1,144470.703125,64
011-dense,lazy,2,145256.5,64
011-dense,lazy,3,143580.078125,64
011-dense,lazy,4,143771.484375,64
011-dense,lazy,5,143656.90625,64
011-dense,lazy,6,143904.9375,64
011-dense,lazy,7,143615.890625,64
011-dense,lazy,8,143289.703125,64
048-maze_perfect,astar-zero,0,81721.25,100
048-maze_perfect,astar-zero,1,82092.5,100
048-maze_perfect,astar-zero,2,82285.42,100
048-maze_perfect,astar-zero,3,82796.67,100
048-maze_perfect,astar-zero,4,85149.17,100
048-maze_perfect,astar-zero,5,108718.33,100
048-maze_perfect,astar-zero,6,108491.66,100
048-maze_perfect,astar-zero,7,106185.42,100
048-maze_perfect,astar-zero,8,81575.0,100
064-maze_perfect,lazy,0,9659.655577299412,511
064-maze_perfect,lazy,1,9416.420743639921,511
064-maze_perfect,lazy,2,9364.56360078278,511
064-maze_perfect,lazy,3,9402.641878669276,511
064-maze_perfect,lazy,4,9528.947162426615,511
064-maze_perfect,lazy,5,9405.412915851271,511
064-maze_perfect,lazy,6,9511.497064579256,511
064-maze_perfect,lazy,7,9240.866927592955,511
064-maze_perfect,lazy,8,9383.317025440314,511
015-grid_obstacles,astar-manhattan,0,21044.753086419754,324
015-grid_obstacles,astar-manhattan,1,21165.895061728395,324
015-grid_obstacles,astar-manhattan,2,21090.021604938273,324
015-grid_obstacles,astar-manhattan,3,20648.66049382716,324
015-grid_obstacles,astar-manhattan,4,20514.01851851852,324
015-grid_obstacles,astar-manhattan,5,20509.003086419754,324
015-grid_obstacles,astar-manhattan,6,20521.864197530864,324
015-grid_obstacles,astar-manhattan,7,20631.172839506173,324
015-grid_obstacles,astar-manhattan,8,20504.62962962963,324
051-maze_braided,astar-manhattan,0,310571.8275862069,29
051-maze_braided,astar-manhattan,1,310975.5862068966,29
051-maze_braided,astar-manhattan,2,324676.724137931,29
051-maze_braided,astar-manhattan,3,317989.9655172414,29
051-maze_braided,astar-manhattan,4,313265.7931034483,29
051-maze_braided,astar-manhattan,5,310357.7586206897,29
051-maze_braided,astar-manhattan,6,309564.6551724138,29
051-maze_braided,astar-manhattan,7,309681.0344827586,29
051-maze_braided,astar-manhattan,8,308071.8275862069,29
011-dense,eager,0,202091.66666666666,45
011-dense,eager,1,201940.73333333334,45
011-dense,eager,2,200903.7111111111,45
011-dense,eager,3,201668.53333333333,45
011-dense,eager,4,201429.6222222222,45
011-dense,eager,5,201171.3111111111,45
011-dense,eager,6,201764.82222222222,45
011-dense,eager,7,202147.22222222222,45
011-dense,eager,8,262376.84444444446,45
068-maze_perfect,eager,0,673694.4666666667,15
068-maze_perfect,eager,1,692002.7333333333,15
068-maze_perfect,eager,2,685297.2,15
068-maze_perfect,eager,3,684219.4,15
068-maze_perfect,eager,4,685169.4666666667,15
068-maze_perfect,eager,5,684294.4,15
068-maze_perfect,eager,6,684380.5333333333,15
068-maze_perfect,eager,7,684122.2,15
068-maze_perfect,eager,8,695991.6666666666,15
004-complete,depth_first,0,79841.66923076923,130
004-complete,depth_first,1,81883.33846153846,130
004-complete,depth_first,2,80826.27692307692,130
004-complete,depth_first,3,80973.4,130
004-complete,depth_first,4,81266.98461538462,130
004-complete,depth_first,5,81872.43076923076,130
004-complete,depth_first,6,81128.52307692308,130
004-complete,depth_first,7,81477.88461538461,130
004-complete,depth_first,8,81723.07692307692,130
057-dense,lazy,0,516311.4210526316,19
057-dense,lazy,1,516190.7894736842,19
057-dense,lazy,2,511524.1052631579,19
057-dense,lazy,3,512050.4210526316,19
057-dense,lazy,4,516322.36842105264,19
057-dense,lazy,5,515000.0,19
057-dense,lazy,6,511006.5789473684,19
057-dense,lazy,7,516817.94736842107,19
057-dense,lazy,8,514967.1052631579,19
039-dense,eager,0,634364.5625,16
039-dense,eager,1,653812.5,16
039-dense,eager,2,646789.0625,16
039-dense,eager,3,641807.3125,16
039-dense,eager,4,639179.6875,16
039-dense,eager,5,648481.75,16
039-dense,eager,6,695833.3125,16
039-dense,eager,7,637804.6875,16
039-dense,eager,8,633346.375,16
057-dense,list,0,984025.0,10
057-dense,list,1,986083.4,10
057-dense,list,2,982104.2,10
057-dense,list,3,978925.0,10
057-dense,list,4,980366.6,10
057-dense,list,5,981829.1,10
057-dense,list,6,985616.7,10
057-dense,list,7,984829.2,10
057-dense,list,8,983908.3,10
052-sparse,lazy,0,26306.147540983606,305
052-sparse,lazy,1,26184.288524590163,305
052-sparse,lazy,2,26090.708196721313,305
052-sparse,lazy,3,26133.47213114754,305
052-sparse,lazy,4,25995.354098360654,305
052-sparse,lazy,5,26099.180327868853,305
052-sparse,lazy,6,26169.80655737705,305
052-sparse,lazy,7,26072.67868852459,305
052-sparse,lazy,8,26170.21967213115,305
071-queue_stress,lazy,0,186153.30188679244,53
071-queue_stress,lazy,1,185313.679245283,53
071-queue_stress,lazy,2,185769.64150943398,53
071-queue_stress,lazy,3,185207.54716981133,53
071-queue_stress,lazy,4,185580.18867924527,53
071-queue_stress,lazy,5,185995.28301886792,53
071-queue_stress,lazy,6,185158.81132075473,53
071-queue_stress,lazy,7,185531.45283018867,53
071-queue_stress,lazy,8,185219.3396226415,53
085-grid_terrain,list,0,166482.35593220338,59
085-grid_terrain,list,1,166383.4745762712,59
085-grid_terrain,list,2,166884.89830508476,59
085-grid_terrain,list,3,165769.06779661018,59
085-grid_terrain,list,4,166026.13559322033,59
085-grid_terrain,list,5,166350.2711864407,59
085-grid_terrain,list,6,166286.71186440677,59
085-grid_terrain,list,7,166626.40677966102,59
085-grid_terrain,list,8,165462.57627118644,59
031-maze_braided,astar-zero,0,196423.4693877551,49
031-maze_braided,astar-zero,1,195829.08163265305,49
031-maze_braided,astar-zero,2,195999.14285714287,49
031-maze_braided,astar-zero,3,195039.95918367346,49
031-maze_braided,astar-zero,4,195280.61224489796,49
031-maze_braided,astar-zero,5,195721.08163265305,49
031-maze_braided,astar-zero,6,195670.0612244898,49
031-maze_braided,astar-zero,7,197633.51020408163,49
031-maze_braided,astar-zero,8,195338.44897959183,49
065-maze_braided,list,0,37635.273542600895,223
065-maze_braided,list,1,37978.88340807175,223
065-maze_braided,list,2,38002.991031390135,223
065-maze_braided,list,3,37803.81165919283,223
065-maze_braided,list,4,37902.27802690583,223
065-maze_braided,list,5,37866.2197309417,223
065-maze_braided,list,6,37806.991031390135,223
065-maze_braided,list,7,37711.69955156951,223
065-maze_braided,list,8,37681.61434977579,223
031-maze_braided,astar-euclidean,0,133797.21666666667,60
031-maze_braided,astar-euclidean,1,133676.38333333333,60
031-maze_braided,astar-euclidean,2,133342.36666666667,60
031-maze_braided,astar-euclidean,3,132849.3,60
031-maze_braided,astar-euclidean,4,133063.88333333333,60
031-maze_braided,astar-euclidean,5,131770.83333333334,60
031-maze_braided,astar-euclidean,6,132045.15,60
031-maze_braided,astar-euclidean,7,131238.9,60
031-maze_braided,astar-euclidean,8,131604.16666666666,60
087-maze_perfect,astar-euclidean,0,23259.604361370715,321
087-maze_perfect,astar-euclidean,1,23326.32398753894,321
087-maze_perfect,astar-euclidean,2,23270.769470404983,321
087-maze_perfect,astar-euclidean,3,23208.981308411214,321
087-maze_perfect,astar-euclidean,4,23067.105919003116,321
087-maze_perfect,astar-euclidean,5,23369.809968847352,321
087-maze_perfect,astar-euclidean,6,23203.398753894082,321
087-maze_perfect,astar-euclidean,7,23217.16199376947,321
087-maze_perfect,astar-euclidean,8,23262.071651090344,321
079-sparse,astar-zero,0,6253.151238591917,767
079-sparse,astar-zero,1,5942.959582790091,767
079-sparse,astar-zero,2,5829.475880052151,767
079-sparse,astar-zero,3,5921.501955671447,767
079-sparse,astar-zero,4,5862.070404172099,767
079-sparse,astar-zero,5,5865.276401564537,767
079-sparse,astar-zero,6,5859.136897001304,767
079-sparse,astar-zero,7,5842.83963494133,767
079-sparse,astar-zero,8,5892.655801825294,767
016-grid_terrain,astar-manhattan,0,35569.68995633188,229
016-grid_terrain,astar-manhattan,1,35769.10480349345,229
016-grid_terrain,astar-manhattan,2,35453.60262008734,229
016-grid_terrain,astar-manhattan,3,35674.85589519651,229
016-grid_terrain,astar-manhattan,4,35406.113537117904,229
016-grid_terrain,astar-manhattan,5,35433.951965065506,229
016-grid_terrain,astar-manhattan,6,35480.528384279474,229
016-grid_terrain,astar-manhattan,7,35750.908296943235,229
016-grid_terrain,astar-manhattan,8,35702.68995633188,229
063-grid_obstacles-diagonal,eager,0,2567364.75,4
063-grid_obstacles-diagonal,eager,1,2574093.75,4
063-grid_obstacles-diagonal,eager,2,2570906.25,4
063-grid_obstacles-diagonal,eager,3,2552562.5,4
063-grid_obstacles-diagonal,eager,4,2546927.25,4
063-grid_obstacles-diagonal,eager,5,2540041.5,4
063-grid_obstacles-diagonal,eager,6,2547395.75,4
063-grid_obstacles-diagonal,eager,7,2541250.0,4
063-grid_obstacles-diagonal,eager,8,2534698.0,4
028-maze_perfect,astar-zero,0,18140.86732186732,407
028-maze_perfect,astar-zero,1,18543.40786240786,407
028-maze_perfect,astar-zero,2,19057.73955773956,407
028-maze_perfect,astar-zero,3,18600.12285012285,407
028-maze_perfect,astar-zero,4,18388.616707616708,407
028-maze_perfect,astar-zero,5,18375.20393120393,407
028-maze_perfect,astar-zero,6,18244.265356265358,407
028-maze_perfect,astar-zero,7,19474.09828009828,407
028-maze_perfect,astar-zero,8,18436.324324324323,407
058-grid_obstacles,astar-manhattan,0,19887.305699481865,386
058-grid_obstacles,astar-manhattan,1,20485.642487046633,386
058-grid_obstacles,astar-manhattan,2,19853.088082901555,386
058-grid_obstacles,astar-manhattan,3,19868.73834196891,386
058-grid_obstacles,astar-manhattan,4,19735.536269430053,386
058-grid_obstacles,astar-manhattan,5,19933.613989637306,386
058-grid_obstacles,astar-manhattan,6,19975.49481865285,386
058-grid_obstacles,astar-manhattan,7,19851.036269430053,386
058-grid_obstacles,astar-manhattan,8,19859.23834196891,386
017-grid_obstacles-diagonal,eager,0,121722.7564102564,78
017-grid_obstacles-diagonal,eager,1,122062.5,78
017-grid_obstacles-diagonal,eager,2,122264.42307692308,78
017-grid_obstacles-diagonal,eager,3,121395.30769230769,78
017-grid_obstacles-diagonal,eager,4,121485.57692307692,78
017-grid_obstacles-diagonal,eager,5,121346.69230769231,78
017-grid_obstacles-diagonal,eager,6,121387.82051282052,78
017-grid_obstacles-diagonal,eager,7,126540.60256410256,78
017-grid_obstacles-diagonal,eager,8,122452.98717948717,78
089-game_dungeon,eager,0,120515.43209876544,81
089-game_dungeon,eager,1,120896.09876543209,81
089-game_dungeon,eager,2,120395.56790123456,81
089-game_dungeon,eager,3,119838.98765432098,81
089-game_dungeon,eager,4,120102.37037037036,81
089-game_dungeon,eager,5,120202.16049382716,81
089-game_dungeon,eager,6,120428.50617283951,81
089-game_dungeon,eager,7,120091.56790123456,81
089-game_dungeon,eager,8,120293.20987654322,81
000-small_weighted,astar-manhattan,0,2066.709,1000
000-small_weighted,astar-manhattan,1,2043.666,1000
000-small_weighted,astar-manhattan,2,2028.167,1000
000-small_weighted,astar-manhattan,3,2052.833,1000
000-small_weighted,astar-manhattan,4,2024.542,1000
000-small_weighted,astar-manhattan,5,2027.291,1000
000-small_weighted,astar-manhattan,6,2056.542,1000
000-small_weighted,astar-manhattan,7,2019.916,1000
000-small_weighted,astar-manhattan,8,2028.417,1000
008-sparse,list,0,320295.8333333333,30
008-sparse,list,1,320040.3,30
008-sparse,list,2,319772.23333333334,30
008-sparse,list,3,320062.5,30
008-sparse,list,4,319061.1,30
008-sparse,list,5,318587.5,30
008-sparse,list,6,319613.86666666664,30
008-sparse,list,7,319505.56666666665,30
008-sparse,list,8,319550.0,30
027-grid_obstacles-diagonal,list,0,1359958.375,8
027-grid_obstacles-diagonal,list,1,1362489.625,8
027-grid_obstacles-diagonal,list,2,1364656.25,8
027-grid_obstacles-diagonal,list,3,1358541.625,8
027-grid_obstacles-diagonal,list,4,1356062.5,8
027-grid_obstacles-diagonal,list,5,1348958.375,8
027-grid_obstacles-diagonal,list,6,1364364.5,8
027-grid_obstacles-diagonal,list,7,1358182.25,8
027-grid_obstacles-diagonal,list,8,1348474.0,8
002-reopening,astar-inconsistent,0,1224.208,1000
002-reopening,astar-inconsistent,1,1225.291,1000
002-reopening,astar-inconsistent,2,1206.25,1000
002-reopening,astar-inconsistent,3,1228.041,1000
002-reopening,astar-inconsistent,4,1221.875,1000
002-reopening,astar-inconsistent,5,1220.25,1000
002-reopening,astar-inconsistent,6,1231.791,1000
002-reopening,astar-inconsistent,7,1224.375,1000
002-reopening,astar-inconsistent,8,1279.708,1000
005-complete,depth_first,0,3690972.0,3
005-complete,depth_first,1,3719958.3333333335,3
005-complete,depth_first,2,3712736.3333333335,3
005-complete,depth_first,3,3683889.0,3
005-complete,depth_first,4,3698902.6666666665,3
005-complete,depth_first,5,3720444.6666666665,3
005-complete,depth_first,6,3721708.3333333335,3
005-complete,depth_first,7,3675236.3333333335,3
005-complete,depth_first,8,3685694.3333333335,3
004-complete,astar-euclidean,0,1266.667,1000
004-complete,astar-euclidean,1,1261.959,1000
004-complete,astar-euclidean,2,1282.25,1000
004-complete,astar-euclidean,3,1267.542,1000
004-complete,astar-euclidean,4,1273.25,1000
004-complete,astar-euclidean,5,1260.833,1000
004-complete,astar-euclidean,6,1256.084,1000
004-complete,astar-euclidean,7,1270.084,1000
004-complete,astar-euclidean,8,1288.542,1000
022-grid_obstacles-diagonal,list,0,241511.45,40
022-grid_obstacles-diagonal,list,1,241496.875,40
022-grid_obstacles-diagonal,list,2,239954.175,40
022-grid_obstacles-diagonal,list,3,240682.3,40
022-grid_obstacles-diagonal,list,4,240223.975,40
022-grid_obstacles-diagonal,list,5,239742.7,40
022-grid_obstacles-diagonal,list,6,240123.95,40
022-grid_obstacles-diagonal,list,7,239986.475,40
022-grid_obstacles-diagonal,list,8,238507.3,40
055-dense,astar-euclidean,0,41808.411214953274,214
055-dense,astar-euclidean,1,41674.64953271028,214
055-dense,astar-euclidean,2,41616.6261682243,214
055-dense,astar-euclidean,3,41559.18691588785,214
055-dense,astar-euclidean,4,41496.495327102806,214
055-dense,astar-euclidean,5,41645.056074766355,214
055-dense,astar-euclidean,6,41310.7476635514,214
055-dense,astar-euclidean,7,41432.2429906542,214
055-dense,astar-euclidean,8,41481.30841121495,214
003-complete,depth_first,0,4251.709,1000
003-complete,depth_first,1,4257.667,1000
003-complete,depth_first,2,4328.292,1000
003-complete,depth_first,3,4267.916,1000
003-complete,depth_first,4,4337.5,1000
003-complete,depth_first,5,4357.708,1000
003-complete,depth_first,6,4310.709,1000
003-complete,depth_first,7,4296.791,1000
003-complete,depth_first,8,4289.0,1000
079-sparse,eager,0,13136.011834319526,507
079-sparse,eager,1,13192.307692307691,507
079-sparse,eager,2,13104.783037475345,507
079-sparse,eager,3,13125.905325443788,507
079-sparse,eager,4,13213.757396449704,507
079-sparse,eager,5,13153.270216962525,507
079-sparse,eager,6,13241.783037475345,507
079-sparse,eager,7,13206.11439842209,507
079-sparse,eager,8,13082.347140039448,507
089-game_dungeon,lazy,0,46268.08791208791,182
089-game_dungeon,lazy,1,46101.64835164835,182
089-game_dungeon,lazy,2,46102.56593406593,182
089-game_dungeon,lazy,3,45964.06043956044,182
089-game_dungeon,lazy,4,45959.02197802198,182
089-game_dungeon,lazy,5,45980.31318681319,182
089-game_dungeon,lazy,6,45942.76373626374,182
089-game_dungeon,lazy,7,46006.181318681316,182
089-game_dungeon,lazy,8,45888.73626373626,182
022-grid_obstacles-diagonal,astar-zero,0,222589.13953488372,43
022-grid_obstacles-diagonal,astar-zero,1,221592.0465116279,43
022-grid_obstacles-diagonal,astar-zero,2,220622.09302325582,43
022-grid_obstacles-diagonal,astar-zero,3,220608.53488372092,43
022-grid_obstacles-diagonal,astar-zero,4,220500.9534883721,43
022-grid_obstacles-diagonal,astar-zero,5,222368.2093023256,43
022-grid_obstacles-diagonal,astar-zero,6,221334.3023255814,43
022-grid_obstacles-diagonal,astar-zero,7,221268.41860465117,43
022-grid_obstacles-diagonal,astar-zero,8,220480.62790697673,43
077-game_dungeon,lazy,0,173196.21818181817,55
077-game_dungeon,lazy,1,173643.94545454546,55
077-game_dungeon,lazy,2,172967.41818181818,55
077-game_dungeon,lazy,3,172478.03636363638,55
077-game_dungeon,lazy,4,172676.5090909091,55
077-game_dungeon,lazy,5,172917.43636363637,55
077-game_dungeon,lazy,6,172912.8909090909,55
077-game_dungeon,lazy,7,173359.85454545455,55
077-game_dungeon,lazy,8,172853.0181818182,55
086-grid_obstacles-diagonal,astar-octile,0,23776.21523178808,302
086-grid_obstacles-diagonal,astar-octile,1,24002.48344370861,302
086-grid_obstacles-diagonal,astar-octile,2,24055.049668874173,302
086-grid_obstacles-diagonal,astar-octile,3,23749.447019867548,302
086-grid_obstacles-diagonal,astar-octile,4,23836.09271523179,302
086-grid_obstacles-diagonal,astar-octile,5,23700.19536423841,302
086-grid_obstacles-diagonal,astar-octile,6,23812.5,302
086-grid_obstacles-diagonal,astar-octile,7,24129.552980132452,302
086-grid_obstacles-diagonal,astar-octile,8,23884.658940397352,302
069-maze_braided,astar-euclidean,0,398320.0,25
069-maze_braided,astar-euclidean,1,396151.68,25
069-maze_braided,astar-euclidean,2,398626.68,25
069-maze_braided,astar-euclidean,3,392455.0,25
069-maze_braided,astar-euclidean,4,395675.0,25
069-maze_braided,astar-euclidean,5,395000.0,25
069-maze_braided,astar-euclidean,6,396511.64,25
069-maze_braided,astar-euclidean,7,398738.36,25
069-maze_braided,astar-euclidean,8,403011.68,25
025-grid_obstacles,astar-manhattan,0,254103.07894736843,38
025-grid_obstacles,astar-manhattan,1,253148.02631578947,38
025-grid_obstacles,astar-manhattan,2,253947.36842105264,38
025-grid_obstacles,astar-manhattan,3,253165.57894736843,38
025-grid_obstacles,astar-manhattan,4,253547.13157894736,38
025-grid_obstacles,astar-manhattan,5,252366.2105263158,38
025-grid_obstacles,astar-manhattan,6,252248.8947368421,38
025-grid_obstacles,astar-manhattan,7,252274.13157894736,38
025-grid_obstacles,astar-manhattan,8,253593.2105263158,38
046-maze_perfect,eager,0,53255.239520958086,167
046-maze_perfect,eager,1,53446.60479041916,167
046-maze_perfect,eager,2,53304.64071856288,167
046-maze_perfect,eager,3,53326.34730538922,167
046-maze_perfect,eager,4,52867.760479041914,167
046-maze_perfect,eager,5,53250.0,167
046-maze_perfect,eager,6,52759.48502994012,167
046-maze_perfect,eager,7,52720.05988023952,167
046-maze_perfect,eager,8,52760.479041916165,167
018-grid_open,astar-zero,0,227935.09302325582,43
018-grid_open,astar-zero,1,227769.37209302327,43
018-grid_open,astar-zero,2,227531.97674418605,43
018-grid_open,astar-zero,3,226440.88372093023,43
018-grid_open,astar-zero,4,227035.86046511628,43
018-grid_open,astar-zero,5,227108.51162790696,43
018-grid_open,astar-zero,6,227325.58139534883,43
018-grid_open,astar-zero,7,226190.88372093023,43
018-grid_open,astar-zero,8,227464.13953488372,43
039-dense,astar-euclidean,0,533236.1111111111,18
039-dense,astar-euclidean,1,530819.4444444445,18
039-dense,astar-euclidean,2,533479.1666666666,18
039-dense,astar-euclidean,3,528995.3888888889,18
039-dense,astar-euclidean,4,530791.6666666666,18
039-dense,astar-euclidean,5,531895.8333333334,18
039-dense,astar-euclidean,6,531226.8333333334,18
039-dense,astar-euclidean,7,526861.1111111111,18
039-dense,astar-euclidean,8,529745.3333333334,18
056-dense,astar-euclidean,0,144585.26153846155,65
056-dense,astar-euclidean,1,143717.95384615383,65
056-dense,astar-euclidean,2,144737.1846153846,65
056-dense,astar-euclidean,3,143498.70769230768,65
056-dense,astar-euclidean,4,144527.56923076924,65
056-dense,astar-euclidean,5,143847.43076923076,65
056-dense,astar-euclidean,6,144197.44615384616,65
056-dense,astar-euclidean,7,144767.3076923077,65
056-dense,astar-euclidean,8,144156.4153846154,65
020-grid_obstacles,astar-euclidean,0,162204.10169491524,59
020-grid_obstacles,astar-euclidean,1,161358.74576271186,59
020-grid_obstacles,astar-euclidean,2,161411.71186440677,59
020-grid_obstacles,astar-euclidean,3,160631.35593220338,59
020-grid_obstacles,astar-euclidean,4,160855.93220338982,59
020-grid_obstacles,astar-euclidean,5,160913.13559322033,59
020-grid_obstacles,astar-euclidean,6,160875.0,59
020-grid_obstacles,astar-euclidean,7,161048.7288135593,59
020-grid_obstacles,astar-euclidean,8,160549.4406779661,59
000-small_weighted,astar-zero,0,2940.0,1000
000-small_weighted,astar-zero,1,2994.0,1000
000-small_weighted,astar-zero,2,2935.833,1000
000-small_weighted,astar-zero,3,2966.25,1000
000-small_weighted,astar-zero,4,2931.459,1000
000-small_weighted,astar-zero,5,3003.0,1000
000-small_weighted,astar-zero,6,2947.375,1000
000-small_weighted,astar-zero,7,2969.25,1000
000-small_weighted,astar-zero,8,2915.875,1000
041-grid_obstacles-diagonal,lazy,0,40578.62903225807,186
041-grid_obstacles-diagonal,lazy,1,39717.74193548387,186
041-grid_obstacles-diagonal,lazy,2,39863.57526881721,186
041-grid_obstacles-diagonal,lazy,3,39791.666666666664,186
041-grid_obstacles-diagonal,lazy,4,39594.75806451613,186
041-grid_obstacles-diagonal,lazy,5,39443.102150537634,186
041-grid_obstacles-diagonal,lazy,6,39312.27419354839,186
041-grid_obstacles-diagonal,lazy,7,39364.91935483871,186
041-grid_obstacles-diagonal,lazy,8,39735.8870967742,186
080-dense,astar-euclidean,0,6975.781731909846,843
080-dense,astar-euclidean,1,6982.0094899169635,843
080-dense,astar-euclidean,2,7761.664294187426,843
080-dense,astar-euclidean,3,7781.978647686833,843
080-dense,astar-euclidean,4,7051.501779359431,843
080-dense,astar-euclidean,5,6988.779359430605,843
080-dense,astar-euclidean,6,6943.110320284697,843
080-dense,astar-euclidean,7,6996.2431791221825,843
080-dense,astar-euclidean,8,7135.083036773428,843
002-reopening,eager,0,1672.875,1000
002-reopening,eager,1,1662.875,1000
002-reopening,eager,2,1625.25,1000
002-reopening,eager,3,1612.25,1000
002-reopening,eager,4,1662.459,1000
002-reopening,eager,5,1634.959,1000
002-reopening,eager,6,1657.25,1000
002-reopening,eager,7,1723.084,1000
002-reopening,eager,8,1668.792,1000
021-grid_terrain,lazy,0,267878.67647058825,34
021-grid_terrain,lazy,1,265174.0294117647,34
021-grid_terrain,lazy,2,266160.5294117647,34
021-grid_terrain,lazy,3,264164.23529411765,34
021-grid_terrain,lazy,4,264651.9705882353,34
021-grid_terrain,lazy,5,263794.1176470588,34
021-grid_terrain,lazy,6,264492.64705882355,34
021-grid_terrain,lazy,7,264350.5,34
021-grid_terrain,lazy,8,264422.79411764705,34
041-grid_obstacles-diagonal,astar-zero,0,46098.87567567568,185
041-grid_obstacles-diagonal,astar-zero,1,46044.821621621624,185
041-grid_obstacles-diagonal,astar-zero,2,45907.43243243243,185
041-grid_obstacles-diagonal,astar-zero,3,46050.44864864865,185
041-grid_obstacles-diagonal,astar-zero,4,45657.65405405405,185
041-grid_obstacles-diagonal,astar-zero,5,46032.88108108108,185
041-grid_obstacles-diagonal,astar-zero,6,46026.12972972973,185
041-grid_obstacles-diagonal,astar-zero,7,46062.16216216216,185
041-grid_obstacles-diagonal,astar-zero,8,45895.04324324324,185
045-grid_obstacles-diagonal,astar-octile,0,394211.7916666667,24
045-grid_obstacles-diagonal,astar-octile,1,396381.9166666667,24
045-grid_obstacles-diagonal,astar-octile,2,396822.9166666667,24
045-grid_obstacles-diagonal,astar-octile,3,391876.75,24
045-grid_obstacles-diagonal,astar-octile,4,392902.7916666667,24
045-grid_obstacles-diagonal,astar-octile,5,392659.7083333333,24
045-grid_obstacles-diagonal,astar-octile,6,395156.25,24
045-grid_obstacles-diagonal,astar-octile,7,394364.5833333333,24
045-grid_obstacles-diagonal,astar-octile,8,393447.9166666667,24
071-queue_stress,eager,0,140517.60563380283,71
071-queue_stress,eager,1,140596.8309859155,71
071-queue_stress,eager,2,139127.338028169,71
071-queue_stress,eager,3,140309.85915492958,71
071-queue_stress,eager,4,140036.97183098592,71
071-queue_stress,eager,5,140139.67605633804,71
071-queue_stress,eager,6,140037.54929577466,71
071-queue_stress,eager,7,139073.94366197183,71
071-queue_stress,eager,8,138764.67605633804,71
029-maze_braided,list,0,36868.70222222222,225
029-maze_braided,list,1,36897.96444444444,225
029-maze_braided,list,2,37063.706666666665,225
029-maze_braided,list,3,37012.59111111111,225
029-maze_braided,list,4,36905.555555555555,225
029-maze_braided,list,5,37170.555555555555,225
029-maze_braided,list,6,37205.92444444444,225
029-maze_braided,list,7,36982.96444444444,225
029-maze_braided,list,8,37123.515555555554,225
037-dense,list,0,48801.29569892473,186
037-dense,list,1,48951.6129032258,186
037-dense,list,2,48864.467741935485,186
037-dense,list,3,48939.73655913978,186
037-dense,list,4,48838.48387096774,186
037-dense,list,5,48669.354838709674,186
037-dense,list,6,48939.74193548387,186
037-dense,list,7,48364.24731182796,186
037-dense,list,8,48738.80107526882,186
006-complete,eager,0,8300.713157894737,760
006-complete,eager,1,8209.101315789474,760
006-complete,eager,2,8237.115789473684,760
006-complete,eager,3,8327.193421052632,760
006-complete,eager,4,8338.871052631579,760
006-complete,eager,5,8288.102631578948,760
006-complete,eager,6,8285.636842105263,760
006-complete,eager,7,8185.417105263158,760
006-complete,eager,8,8198.410526315789,760
018-grid_open,eager,0,610115.1764705882,17
018-grid_open,eager,1,609443.6470588235,17
018-grid_open,eager,2,611441.1764705882,17
018-grid_open,eager,3,606835.7647058824,17
018-grid_open,eager,4,611225.4705882353,17
018-grid_open,eager,5,606198.5294117647,17
018-grid_open,eager,6,606482.8235294118,17
018-grid_open,eager,7,603578.4117647059,17
018-grid_open,eager,8,608504.8823529412,17
055-dense,lazy,0,40326.773148148146,216
055-dense,lazy,1,40275.26851851852,216
055-dense,lazy,2,40238.62037037037,216
055-dense,lazy,3,40277.58796296296,216
055-dense,lazy,4,40229.93518518518,216
055-dense,lazy,5,40211.03240740741,216
055-dense,lazy,6,40288.583333333336,216
055-dense,lazy,7,40119.40740740741,216
055-dense,lazy,8,39838.351851851854,216
086-grid_obstacles-diagonal,lazy,0,88536.05769230769,104
086-grid_obstacles-diagonal,lazy,1,88569.71153846153,104
086-grid_obstacles-diagonal,lazy,2,89022.43269230769,104
086-grid_obstacles-diagonal,lazy,3,88984.76923076923,104
086-grid_obstacles-diagonal,lazy,4,88562.89423076923,104
086-grid_obstacles-diagonal,lazy,5,87983.17307692308,104
086-grid_obstacles-diagonal,lazy,6,88567.71153846153,104
086-grid_obstacles-diagonal,lazy,7,88477.96153846153,104
086-grid_obstacles-diagonal,lazy,8,88569.30769230769,104
046-maze_perfect,list,0,29724.741312741313,259
046-maze_perfect,list,1,29957.85328185328,259
046-maze_perfect,list,2,29841.861003861002,259
046-maze_perfect,list,3,29931.949806949808,259
046-maze_perfect,list,4,29914.092664092663,259
046-maze_perfect,list,5,29745.980694980695,259
046-maze_perfect,list,6,29670.04633204633,259
046-maze_perfect,list,7,29701.092664092663,259
046-maze_perfect,list,8,29732.787644787644,259
012-dense,list,0,1072716.7,10
012-dense,list,1,1078241.7,10
012-dense,list,2,1079250.0,10
012-dense,list,3,1077175.0,10
012-dense,list,4,1072687.5,10
012-dense,list,5,1075320.8,10
012-dense,list,6,1077150.0,10
012-dense,list,7,1070820.8,10
012-dense,list,8,1078045.8,10
067-maze_braided,list,0,191922.75,48
067-maze_braided,list,1,193548.60416666666,48
067-maze_braided,list,2,189421.875,48
067-maze_braided,list,3,188125.0,48
067-maze_braided,list,4,188347.20833333334,48
067-maze_braided,list,5,193233.52083333334,48
067-maze_braided,list,6,187753.47916666666,48
067-maze_braided,list,7,188960.9375,48
067-maze_braided,list,8,189231.77083333334,48
049-maze_braided,lazy,0,164488.0,59
049-maze_braided,lazy,1,164614.40677966102,59
049-maze_braided,lazy,2,164669.49152542374,59
049-maze_braided,lazy,3,163432.91525423728,59
049-maze_braided,lazy,4,164064.25423728814,59
049-maze_braided,lazy,5,163826.2711864407,59
049-maze_braided,lazy,6,164149.71186440677,59
049-maze_braided,lazy,7,163958.33898305084,59
049-maze_braided,lazy,8,163648.30508474575,59
028-maze_perfect,list,0,17655.256723716382,409
028-maze_perfect,list,1,17669.723716381417,409
028-maze_perfect,list,2,17677.466992665035,409
028-maze_perfect,list,3,17650.16381418093,409
028-maze_perfect,list,4,17574.572127139363,409
028-maze_perfect,list,5,17604.320293398534,409
028-maze_perfect,list,6,17622.352078239608,409
028-maze_perfect,list,7,17665.748166259167,409
028-maze_perfect,list,8,17649.349633251833,409
022-grid_obstacles-diagonal,lazy,0,199695.65217391305,46
022-grid_obstacles-diagonal,lazy,1,199315.21739130435,46
022-grid_obstacles-diagonal,lazy,2,199618.6739130435,46
022-grid_obstacles-diagonal,lazy,3,197461.95652173914,46
022-grid_obstacles-diagonal,lazy,4,198542.5652173913,46
022-grid_obstacles-diagonal,lazy,5,198342.39130434784,46
022-grid_obstacles-diagonal,lazy,6,198166.65217391305,46
022-grid_obstacles-diagonal,lazy,7,197856.86956521738,46
022-grid_obstacles-diagonal,lazy,8,198980.0652173913,46
066-maze_perfect,eager,0,83567.04545454546,110
066-maze_perfect,eager,1,83692.04545454546,110
066-maze_perfect,eager,2,83820.45454545454,110
066-maze_perfect,eager,3,83248.1,110
066-maze_perfect,eager,4,83166.29090909091,110
066-maze_perfect,eager,5,83212.5,110
066-maze_perfect,eager,6,83346.96363636364,110
066-maze_perfect,eager,7,83065.52727272727,110
066-maze_perfect,eager,8,83047.34545454546,110
006-complete,astar-euclidean,0,1835.5,1000
006-complete,astar-euclidean,1,1876.375,1000
006-complete,astar-euclidean,2,1819.625,1000
006-complete,astar-euclidean,3,1823.042,1000
006-complete,astar-euclidean,4,1848.458,1000
006-complete,astar-euclidean,5,1811.0,1000
006-complete,astar-euclidean,6,1825.583,1000
006-complete,astar-euclidean,7,1831.0,1000
006-complete,astar-euclidean,8,1831.208,1000
066-maze_perfect,list,0,49392.89411764706,170
066-maze_perfect,list,1,49570.34117647059,170
066-maze_perfect,list,2,49375.97647058823,170
066-maze_perfect,list,3,49537.5,170
066-maze_perfect,list,4,49317.15882352941,170
066-maze_perfect,list,5,49346.32352941176,170
066-maze_perfect,list,6,49331.864705882355,170
066-maze_perfect,list,7,49340.2,170
066-maze_perfect,list,8,49464.217647058824,170
013-grid_open,astar-euclidean,0,9821.263793103448,580
013-grid_open,astar-euclidean,1,9687.141379310346,580
013-grid_open,astar-euclidean,2,9786.136206896552,580
013-grid_open,astar-euclidean,3,9768.391379310346,580
013-grid_open,astar-euclidean,4,9799.641379310346,580
013-grid_open,astar-euclidean,5,9685.344827586207,580
013-grid_open,astar-euclidean,6,9704.022413793104,580
013-grid_open,astar-euclidean,7,9727.586206896553,580
013-grid_open,astar-euclidean,8,9738.793103448275,580
080-dense,eager,0,11699.145833333334,576
080-dense,eager,1,11700.449652777777,576
080-dense,eager,2,11653.355902777777,576
080-dense,eager,3,11601.706597222223,576
080-dense,eager,4,11709.998263888889,576
080-dense,eager,5,11703.414930555555,576
080-dense,eager,6,11701.678819444445,576
080-dense,eager,7,11658.927083333334,576
080-dense,eager,8,11688.946180555555,576
011-dense,astar-zero,0,153033.73015873015,63
011-dense,astar-zero,1,152931.22222222222,63
011-dense,astar-zero,2,152710.31746031746,63
011-dense,astar-zero,3,153822.74603174604,63
011-dense,astar-zero,4,153027.77777777778,63
011-dense,astar-zero,5,153665.33333333334,63
011-dense,astar-zero,6,152552.2380952381,63
011-dense,astar-zero,7,153119.7142857143,63
011-dense,astar-zero,8,152812.17460317462,63
004-complete,list,0,2313.042,1000
004-complete,list,1,2335.959,1000
004-complete,list,2,2301.833,1000
004-complete,list,3,2323.708,1000
004-complete,list,4,2332.041,1000
004-complete,list,5,2338.167,1000
004-complete,list,6,2316.209,1000
004-complete,list,7,2315.0,1000
004-complete,list,8,2356.625,1000
065-maze_braided,astar-manhattan,0,22886.085626911314,327
065-maze_braided,astar-manhattan,1,22979.10091743119,327
065-maze_braided,astar-manhattan,2,22984.32721712538,327
065-maze_braided,astar-manhattan,3,22929.663608562692,327
065-maze_braided,astar-manhattan,4,22782.110091743118,327
065-maze_braided,astar-manhattan,5,22798.29357798165,327
065-maze_braided,astar-manhattan,6,22739.67889908257,327
065-maze_braided,astar-manhattan,7,22668.195718654435,327
065-maze_braided,astar-manhattan,8,22825.688073394496,327
081-queue_stress,astar-euclidean,0,5208.5,1000
081-queue_stress,astar-euclidean,1,5112.667,1000
081-queue_stress,astar-euclidean,2,5226.75,1000
081-queue_stress,astar-euclidean,3,5187.625,1000
081-queue_stress,astar-euclidean,4,5137.375,1000
081-queue_stress,astar-euclidean,5,5136.042,1000
081-queue_stress,astar-euclidean,6,5144.541,1000
081-queue_stress,astar-euclidean,7,5160.583,1000
081-queue_stress,astar-euclidean,8,5193.334,1000
002-reopening,astar-zero,0,1085.208,1000
002-reopening,astar-zero,1,1104.042,1000
002-reopening,astar-zero,2,1069.458,1000
002-reopening,astar-zero,3,1094.083,1000
002-reopening,astar-zero,4,1104.375,1000
002-reopening,astar-zero,5,1148.75,1000
002-reopening,astar-zero,6,1089.75,1000
002-reopening,astar-zero,7,1114.667,1000
002-reopening,astar-zero,8,1100.167,1000
017-grid_obstacles-diagonal,list,0,51604.41176470588,170
017-grid_obstacles-diagonal,list,1,51268.870588235295,170
017-grid_obstacles-diagonal,list,2,51114.705882352944,170
017-grid_obstacles-diagonal,list,3,51112.5,170
017-grid_obstacles-diagonal,list,4,50947.794117647056,170
017-grid_obstacles-diagonal,list,5,50937.5,170
017-grid_obstacles-diagonal,list,6,50992.64705882353,170
017-grid_obstacles-diagonal,list,7,51075.98235294117,170
017-grid_obstacles-diagonal,list,8,50743.382352941175,170
086-grid_obstacles-diagonal,astar-euclidean,0,32774.72199170125,241
086-grid_obstacles-diagonal,astar-euclidean,1,32754.66804979253,241
086-grid_obstacles-diagonal,astar-euclidean,2,32785.61825726141,241
086-grid_obstacles-diagonal,astar-euclidean,3,32651.80082987552,241
086-grid_obstacles-diagonal,astar-euclidean,4,32526.626556016596,241
086-grid_obstacles-diagonal,astar-euclidean,5,32529.564315352698,241
086-grid_obstacles-diagonal,astar-euclidean,6,32579.70539419087,241
086-grid_obstacles-diagonal,astar-euclidean,7,32602.871369294608,241
086-grid_obstacles-diagonal,astar-euclidean,8,32714.55601659751,241
000-small_weighted,astar-euclidean,0,1980.792,1000
000-small_weighted,astar-euclidean,1,2048.792,1000
000-small_weighted,astar-euclidean,2,1994.959,1000
000-small_weighted,astar-euclidean,3,1995.875,1000
000-small_weighted,astar-euclidean,4,1962.083,1000
000-small_weighted,astar-euclidean,5,1965.875,1000
000-small_weighted,astar-euclidean,6,1988.125,1000
000-small_weighted,astar-euclidean,7,1981.542,1000
000-small_weighted,astar-euclidean,8,1994.708,1000
042-grid_obstacles,lazy,0,156785.41666666666,60
042-grid_obstacles,lazy,1,156915.28333333333,60
042-grid_obstacles,lazy,2,156128.46666666667,60
042-grid_obstacles,lazy,3,157175.7,60
042-grid_obstacles,lazy,4,156259.71666666667,60
042-grid_obstacles,lazy,5,156229.16666666666,60
042-grid_obstacles,lazy,6,170159.01666666666,60
042-grid_obstacles,lazy,7,156968.05,60
042-grid_obstacles,lazy,8,160061.1,60
013-grid_open,astar-manhattan,0,10200.289575289575,518
013-grid_open,astar-manhattan,1,10101.432432432432,518
013-grid_open,astar-manhattan,2,10125.88416988417,518
013-grid_open,astar-manhattan,3,10175.99806949807,518
013-grid_open,astar-manhattan,4,10052.445945945947,518
013-grid_open,astar-manhattan,5,10091.45752895753,518
013-grid_open,astar-manhattan,6,10049.870656370656,518
013-grid_open,astar-manhattan,7,10176.963320463321,518
013-grid_open,astar-manhattan,8,10167.22972972973,518
026-grid_terrain,eager,0,3865152.6666666665,3
026-grid_terrain,eager,1,3878736.0,3
026-grid_terrain,eager,2,3854208.3333333335,3
026-grid_terrain,eager,3,3861152.6666666665,3
026-grid_terrain,eager,4,3895569.3333333335,3
026-grid_terrain,eager,5,3837916.6666666665,3
026-grid_terrain,eager,6,3862541.6666666665,3
026-grid_terrain,eager,7,3863763.6666666665,3
026-grid_terrain,eager,8,3894458.3333333335,3
030-maze_perfect,astar-manhattan,0,60210.884353741494,147
030-maze_perfect,astar-manhattan,1,60639.74149659864,147
030-maze_perfect,astar-manhattan,2,60208.90476190476,147
030-maze_perfect,astar-manhattan,3,60319.163265306124,147
030-maze_perfect,astar-manhattan,4,59942.462585034016,147
030-maze_perfect,astar-manhattan,5,60387.755102040814,147
030-maze_perfect,astar-manhattan,6,60004.8231292517,147
030-maze_perfect,astar-manhattan,7,59755.380952380954,147
030-maze_perfect,astar-manhattan,8,60111.680272108846,147
045-grid_obstacles-diagonal,lazy,0,879118.0833333334,12
045-grid_obstacles-diagonal,lazy,1,881996.5,12
045-grid_obstacles-diagonal,lazy,2,874590.3333333334,12
045-grid_obstacles-diagonal,lazy,3,1155468.75,12
045-grid_obstacles-diagonal,lazy,4,1217402.75,12
045-grid_obstacles-diagonal,lazy,5,931888.8333333334,12
045-grid_obstacles-diagonal,lazy,6,897531.25,12
045-grid_obstacles-diagonal,lazy,7,897861.0833333334,12
045-grid_obstacles-diagonal,lazy,8,906111.0833333334,12
013-grid_open,eager,0,121583.85,80
013-grid_open,eager,1,121675.0,80
013-grid_open,eager,2,121571.35,80
013-grid_open,eager,3,120870.825,80
013-grid_open,eager,4,120938.5375,80
013-grid_open,eager,5,121191.6625,80
013-grid_open,eager,6,121496.3625,80
013-grid_open,eager,7,120830.2,80
013-grid_open,eager,8,121094.2625,80
008-sparse,eager,0,361141.35714285716,28
008-sparse,eager,1,359575.89285714284,28
008-sparse,eager,2,356830.35714285716,28
008-sparse,eager,3,357921.14285714284,28
008-sparse,eager,4,357819.9285714286,28
008-sparse,eager,5,356879.46428571426,28
008-sparse,eager,6,358186.0,28
008-sparse,eager,7,357068.46428571426,28
008-sparse,eager,8,355949.4285714286,28
053-sparse,astar-euclidean,0,132115.73611111112,72
053-sparse,astar-euclidean,1,131884.83333333334,72
053-sparse,astar-euclidean,2,132118.63888888888,72
053-sparse,astar-euclidean,3,131329.29166666666,72
053-sparse,astar-euclidean,4,131543.40277777778,72
053-sparse,astar-euclidean,5,131890.04166666666,72
053-sparse,astar-euclidean,6,131866.31944444444,72
053-sparse,astar-euclidean,7,145815.38888888888,72
053-sparse,astar-euclidean,8,134410.30555555556,72
020-grid_obstacles,eager,0,499035.4,20
020-grid_obstacles,eager,1,496068.75,20
020-grid_obstacles,eager,2,495818.75,20
020-grid_obstacles,eager,3,495437.5,20
020-grid_obstacles,eager,4,496818.75,20
020-grid_obstacles,eager,5,497022.95,20
020-grid_obstacles,eager,6,495729.15,20
020-grid_obstacles,eager,7,492116.65,20
020-grid_obstacles,eager,8,496043.75,20
048-maze_perfect,astar-manhattan,0,82110.9693877551,98
048-maze_perfect,astar-manhattan,1,82055.27551020408,98
048-maze_perfect,astar-manhattan,2,82322.27551020408,98
048-maze_perfect,astar-manhattan,3,82103.74489795919,98
048-maze_perfect,astar-manhattan,4,81991.07142857143,98
048-maze_perfect,astar-manhattan,5,81890.73469387754,98
048-maze_perfect,astar-manhattan,6,81816.75510204081,98
048-maze_perfect,astar-manhattan,7,81904.76530612246,98
048-maze_perfect,astar-manhattan,8,81797.61224489796,98
081-queue_stress,astar-zero,0,5251.583,1000
081-queue_stress,astar-zero,1,5207.166,1000
081-queue_stress,astar-zero,2,5235.5,1000
081-queue_stress,astar-zero,3,5242.083,1000
081-queue_stress,astar-zero,4,5252.083,1000
081-queue_stress,astar-zero,5,5221.375,1000
081-queue_stress,astar-zero,6,5237.5,1000
081-queue_stress,astar-zero,7,5267.25,1000
081-queue_stress,astar-zero,8,5202.416,1000
050-maze_perfect,eager,0,433047.0869565217,23
050-maze_perfect,eager,1,430730.04347826086,23
050-maze_perfect,eager,2,431864.1304347826,23
050-maze_perfect,eager,3,426800.73913043475,23
050-maze_perfect,eager,4,428289.82608695654,23
050-maze_perfect,eager,5,429797.1304347826,23
050-maze_perfect,eager,6,428884.0869565217,23
050-maze_perfect,eager,7,425933.0,23
050-maze_perfect,eager,8,429771.73913043475,23
010-dense,eager,0,62720.80272108843,147
010-dense,eager,1,62659.5850340136,147
010-dense,eager,2,62653.34693877551,147
010-dense,eager,3,62537.986394557825,147
010-dense,eager,4,62520.4081632653,147
010-dense,eager,5,62496.02721088436,147
010-dense,eager,6,62312.925170068025,147
010-dense,eager,7,62518.99319727891,147
010-dense,eager,8,62314.054421768706,147
075-streets,astar-euclidean,0,54192.570512820515,156
075-streets,astar-euclidean,1,53881.94871794872,156
075-streets,astar-euclidean,2,53988.51282051282,156
075-streets,astar-euclidean,3,54072.916666666664,156
075-streets,astar-euclidean,4,53430.55128205128,156
075-streets,astar-euclidean,5,53278.57692307692,156
075-streets,astar-euclidean,6,53469.55128205128,156
075-streets,astar-euclidean,7,53739.3141025641,156
075-streets,astar-euclidean,8,53638.35256410256,156
012-dense,astar-euclidean,0,533186.4210526316,19
012-dense,astar-euclidean,1,534333.3157894737,19
012-dense,astar-euclidean,2,535923.2631578947,19
012-dense,astar-euclidean,3,531995.6315789474,19
012-dense,astar-euclidean,4,533807.052631579,19
012-dense,astar-euclidean,5,530594.2631578947,19
012-dense,astar-euclidean,6,534280.7368421053,19
012-dense,astar-euclidean,7,532267.5263157894,19
012-dense,astar-euclidean,8,532543.8947368421,19
054-sparse,lazy,0,604549.4375,16
054-sparse,lazy,1,597479.1875,16
054-sparse,lazy,2,602502.5625,16
054-sparse,lazy,3,597638.0,16
054-sparse,lazy,4,602492.1875,16
054-sparse,lazy,5,599958.3125,16
054-sparse,lazy,6,599630.25,16
054-sparse,lazy,7,597007.8125,16
054-sparse,lazy,8,601315.125,16
001-unreachable,list,0,764.958,1000
001-unreachable,list,1,759.291,1000
001-unreachable,list,2,752.25,1000
001-unreachable,list,3,756.209,1000
001-unreachable,list,4,762.458,1000
001-unreachable,list,5,766.333,1000
001-unreachable,list,6,751.625,1000
001-unreachable,list,7,745.292,1000
001-unreachable,list,8,762.125,1000
009-sparse,eager,0,1836145.8333333333,6
009-sparse,eager,1,1833632.0,6
009-sparse,eager,2,1820520.8333333333,6
009-sparse,eager,3,1815812.5,6
009-sparse,eager,4,1820757.0,6
009-sparse,eager,5,1815743.1666666667,6
009-sparse,eager,6,1813826.3333333333,6
009-sparse,eager,7,1838201.3333333333,6
009-sparse,eager,8,1818805.5,6
071-queue_stress,list,0,1639131.8333333333,6
071-queue_stress,list,1,1662895.8333333333,6
071-queue_stress,list,2,1642284.6666666667,6
071-queue_stress,list,3,1639819.5,6
071-queue_stress,list,4,1635284.6666666667,6
071-queue_stress,list,5,1634312.5,6
071-queue_stress,list,6,1641423.5,6
071-queue_stress,list,7,1640743.1666666667,6
071-queue_stress,list,8,1643513.8333333333,6
076-game_dungeon,lazy,0,36223.25327510917,229
076-game_dungeon,lazy,1,36169.030567685586,229
076-game_dungeon,lazy,2,36300.94323144105,229
076-game_dungeon,lazy,3,36271.65065502183,229
076-game_dungeon,lazy,4,36706.14847161572,229
076-game_dungeon,lazy,5,38064.048034934494,229
076-game_dungeon,lazy,6,36616.26637554585,229
076-game_dungeon,lazy,7,36111.35371179039,229
076-game_dungeon,lazy,8,36219.97816593887,229
062-grid_obstacles,astar-zero,0,917352.2727272727,11
062-grid_obstacles,astar-zero,1,863037.9090909091,11
062-grid_obstacles,astar-zero,2,869621.1818181818,11
062-grid_obstacles,astar-zero,3,862049.2727272727,11
062-grid_obstacles,astar-zero,4,863606.0909090909,11
062-grid_obstacles,astar-zero,5,860409.0909090909,11
062-grid_obstacles,astar-zero,6,859958.3636363636,11
062-grid_obstacles,astar-zero,7,859632.6363636364,11
062-grid_obstacles,astar-zero,8,858193.1818181818,11
044-grid_obstacles,astar-manhattan,0,286776.51515151514,33
044-grid_obstacles,astar-manhattan,1,284981.0606060606,33
044-grid_obstacles,astar-manhattan,2,286106.0606060606,33
044-grid_obstacles,astar-manhattan,3,283446.9696969697,33
044-grid_obstacles,astar-manhattan,4,284445.69696969696,33
044-grid_obstacles,astar-manhattan,5,284794.2121212121,33
044-grid_obstacles,astar-manhattan,6,285922.9696969697,33
044-grid_obstacles,astar-manhattan,7,283912.8787878788,33
044-grid_obstacles,astar-manhattan,8,285036.6060606061,33
085-grid_terrain,eager,0,377691.3333333333,27
085-grid_terrain,eager,1,376566.3703703704,27
085-grid_terrain,eager,2,377115.74074074073,27
085-grid_terrain,eager,3,375111.1111111111,27
085-grid_terrain,eager,4,376939.81481481483,27
085-grid_terrain,eager,5,375100.3333333333,27
085-grid_terrain,eager,6,374185.18518518517,27
085-grid_terrain,eager,7,375401.22222222225,27
085-grid_terrain,eager,8,374776.25925925927,27
015-grid_obstacles,list,0,39632.13888888889,216
015-grid_obstacles,list,1,39622.49537037037,216
015-grid_obstacles,list,2,39628.28240740741,216
015-grid_obstacles,list,3,39640.23611111111,216
015-grid_obstacles,list,4,39329.476851851854,216
015-grid_obstacles,list,5,39661.458333333336,216
015-grid_obstacles,list,6,39555.36111111111,216
015-grid_obstacles,list,7,39596.25462962963,216
015-grid_obstacles,list,8,40083.91203703704,216
029-maze_braided,astar-euclidean,0,35142.06034482759,232
029-maze_braided,astar-euclidean,1,35230.60344827586,232
029-maze_braided,astar-euclidean,2,35133.081896551725,232
029-maze_braided,astar-euclidean,3,35234.012931034486,232
029-maze_braided,astar-euclidean,4,35051.90517241379,232
029-maze_braided,astar-euclidean,5,35135.9525862069,232
029-maze_braided,astar-euclidean,6,35235.27155172414,232
029-maze_braided,astar-euclidean,7,35032.50862068965,232
029-maze_braided,astar-euclidean,8,35149.42672413793,232
009-sparse,astar-euclidean,0,612723.9375,16
009-sparse,astar-euclidean,1,612033.8125,16
009-sparse,astar-euclidean,2,609648.4375,16
009-sparse,astar-euclidean,3,607507.8125,16
009-sparse,astar-euclidean,4,609296.875,16
009-sparse,astar-euclidean,5,608140.625,16
009-sparse,astar-euclidean,6,607416.6875,16
009-sparse,astar-euclidean,7,602390.625,16
009-sparse,astar-euclidean,8,609541.6875,16
069-maze_braided,list,0,504202.1,20
069-maze_braided,list,1,503443.75,20
069-maze_braided,list,2,505260.4,20
069-maze_braided,list,3,497856.25,20
069-maze_braided,list,4,499425.0,20
069-maze_braided,list,5,499985.45,20
069-maze_braided,list,6,498395.85,20
069-maze_braided,list,7,496964.55,20
069-maze_braided,list,8,498877.1,20
044-grid_obstacles,lazy,0,760839.6923076923,13
044-grid_obstacles,lazy,1,762980.7692307692,13
044-grid_obstacles,lazy,2,763573.6923076923,13
044-grid_obstacles,lazy,3,759250.0,13
044-grid_obstacles,lazy,4,758285.2307692308,13
044-grid_obstacles,lazy,5,757474.3846153846,13
044-grid_obstacles,lazy,6,758198.6923076923,13
044-grid_obstacles,lazy,7,754432.6923076923,13
044-grid_obstacles,lazy,8,758660.3076923077,13
036-sparse,eager,0,1830611.1666666667,6
036-sparse,eager,1,1826534.6666666667,6
036-sparse,eager,2,1819027.8333333333,6
036-sparse,eager,3,1809229.1666666667,6
036-sparse,eager,4,1813895.8333333333,6
036-sparse,eager,5,1809673.6666666667,6
036-sparse,eager,6,1809993.0,6
036-sparse,eager,7,1809173.6666666667,6
036-sparse,eager,8,1809236.0,6
034-sparse,lazy,0,25268.776315789473,304
034-sparse,lazy,1,25214.5,304
034-sparse,lazy,2,25272.342105263157,304
034-sparse,lazy,3,25295.503289473683,304
034-sparse,lazy,4,25179.96052631579,304
034-sparse,lazy,5,25145.559210526317,304
034-sparse,lazy,6,25079.496710526317,304
034-sparse,lazy,7,25043.309210526317,304
034-sparse,lazy,8,25085.388157894737,304
056-dense,lazy,0,152269.53125,64
056-dense,lazy,1,153440.09375,64
056-dense,lazy,2,152314.453125,64
056-dense,lazy,3,151851.5625,64
056-dense,lazy,4,152742.1875,64
056-dense,lazy,5,153049.484375,64
056-dense,lazy,6,152478.515625,64
056-dense,lazy,7,153235.03125,64
056-dense,lazy,8,151929.03125,64
061-grid_obstacles-diagonal,astar-zero,0,195689.82222222222,45
061-grid_obstacles-diagonal,astar-zero,1,196139.82222222222,45
061-grid_obstacles-diagonal,astar-zero,2,196655.55555555556,45
061-grid_obstacles-diagonal,astar-zero,3,253839.8,45
061-grid_obstacles-diagonal,astar-zero,4,211513.88888888888,45
061-grid_obstacles-diagonal,astar-zero,5,197987.02222222224,45
061-grid_obstacles-diagonal,astar-zero,6,199218.53333333333,45
061-grid_obstacles-diagonal,astar-zero,7,198753.7111111111,45
061-grid_obstacles-diagonal,astar-zero,8,195714.82222222222,45
004-complete,lazy,0,1988.0,1000
004-complete,lazy,1,2025.916,1000
004-complete,lazy,2,1975.375,1000
004-complete,lazy,3,1988.292,1000
004-complete,lazy,4,1964.208,1000
004-complete,lazy,5,1966.625,1000
004-complete,lazy,6,1977.833,1000
004-complete,lazy,7,1980.75,1000
004-complete,lazy,8,1987.292,1000
071-queue_stress,astar-euclidean,0,192248.35294117648,51
071-queue_stress,astar-euclidean,1,191027.76470588235,51
071-queue_stress,astar-euclidean,2,190933.01960784313,51
071-queue_stress,astar-euclidean,3,190998.3725490196,51
071-queue_stress,astar-euclidean,4,191520.431372549,51
071-queue_stress,astar-euclidean,5,191085.78431372548,51
071-queue_stress,astar-euclidean,6,191254.9019607843,51
071-queue_stress,astar-euclidean,7,191044.11764705883,51
071-queue_stress,astar-euclidean,8,190829.25490196078,51
087-maze_perfect,eager,0,45774.69312169312,189
087-maze_perfect,eager,1,45787.69841269841,189
087-maze_perfect,eager,2,45632.71428571428,189
087-maze_perfect,eager,3,45925.48677248677,189
087-maze_perfect,eager,4,45658.730158730155,189
087-maze_perfect,eager,5,45704.5873015873,189
087-maze_perfect,eager,6,45750.0,189
087-maze_perfect,eager,7,45582.2328042328,189
087-maze_perfect,eager,8,45511.68783068783,189
019-grid_wall,lazy,0,211125.91304347827,46
019-grid_wall,lazy,1,209721.91304347827,46
019-grid_wall,lazy,2,210624.10869565216,46
019-grid_wall,lazy,3,210685.6739130435,46
019-grid_wall,lazy,4,210336.04347826086,46
019-grid_wall,lazy,5,209959.23913043478,46
019-grid_wall,lazy,6,211333.3260869565,46
019-grid_wall,lazy,7,210032.60869565216,46
019-grid_wall,lazy,8,208737.30434782608,46
063-grid_obstacles-diagonal,list,0,1392322.875,8
063-grid_obstacles-diagonal,list,1,1386953.125,8
063-grid_obstacles-diagonal,list,2,1383411.5,8
063-grid_obstacles-diagonal,list,3,1379776.125,8
063-grid_obstacles-diagonal,list,4,1375474.0,8
063-grid_obstacles-diagonal,list,5,1386854.125,8
063-grid_obstacles-diagonal,list,6,1380656.25,8
063-grid_obstacles-diagonal,list,7,1378807.25,8
063-grid_obstacles-diagonal,list,8,1373697.875,8
033-maze_braided,eager,0,1203588.0,9
033-maze_braided,eager,1,1288513.888888889,9
033-maze_braided,eager,2,1200782.4444444445,9
033-maze_braided,eager,3,1192939.7777777778,9
033-maze_braided,eager,4,1254902.7777777778,9
033-maze_braided,eager,5,1243805.5555555555,9
033-maze_braided,eager,6,1194606.4444444445,9
033-maze_braided,eager,7,1196402.7777777778,9
033-maze_braided,eager,8,1293393.4444444445,9
047-maze_braided,astar-euclidean,0,30641.43089430894,246
047-maze_braided,astar-euclidean,1,30860.264227642278,246
047-maze_braided,astar-euclidean,2,30477.97967479675,246
047-maze_braided,astar-euclidean,3,30711.211382113823,246
047-maze_braided,astar-euclidean,4,30399.731707317074,246
047-maze_braided,astar-euclidean,5,30475.60975609756,246
047-maze_braided,astar-euclidean,6,30409.72357723577,246
047-maze_braided,astar-euclidean,7,31028.79268292683,246
047-maze_braided,astar-euclidean,8,31391.60162601626,246
032-maze_perfect,astar-manhattan,0,172968.54716981133,53
032-maze_perfect,astar-manhattan,1,173372.64150943398,53
032-maze_perfect,astar-manhattan,2,173158.81132075473,53
032-maze_perfect,astar-manhattan,3,172037.7358490566,53
032-maze_perfect,astar-manhattan,4,172759.43396226416,53
032-maze_perfect,astar-manhattan,5,172755.50943396226,53
032-maze_perfect,astar-manhattan,6,173908.79245283018,53
032-maze_perfect,astar-manhattan,7,172575.4716981132,53
032-maze_perfect,astar-manhattan,8,172018.8679245283,53
014-grid_wall,list,0,46652.950310559005,161
014-grid_wall,list,1,46804.34782608696,161
014-grid_wall,list,2,47028.98757763975,161
014-grid_wall,list,3,47202.90062111801,161
014-grid_wall,list,4,46745.34161490683,161
014-grid_wall,list,5,48637.683229813665,161
014-grid_wall,list,6,46979.81366459627,161
014-grid_wall,list,7,46608.69565217391,161
014-grid_wall,list,8,46552.7950310559,161
043-grid_obstacles-diagonal,lazy,0,180453.22448979592,49
043-grid_obstacles-diagonal,lazy,1,179927.7142857143,49
043-grid_obstacles-diagonal,lazy,2,179522.95918367346,49
043-grid_obstacles-diagonal,lazy,3,179962.57142857142,49
043-grid_obstacles-diagonal,lazy,4,179948.1224489796,49
043-grid_obstacles-diagonal,lazy,5,183018.7142857143,49
043-grid_obstacles-diagonal,lazy,6,180390.306122449,49
043-grid_obstacles-diagonal,lazy,7,180245.75510204083,49
043-grid_obstacles-diagonal,lazy,8,259338.42857142858,49
023-grid_open,astar-manhattan,0,75715.87234042553,94
023-grid_open,astar-manhattan,1,75444.14893617021,94
023-grid_open,astar-manhattan,2,75101.94680851063,94
023-grid_open,astar-manhattan,3,75279.25531914894,94
023-grid_open,astar-manhattan,4,75199.02127659574,94
023-grid_open,astar-manhattan,5,75716.31914893616,94
023-grid_open,astar-manhattan,6,75551.4255319149,94
023-grid_open,astar-manhattan,7,75069.14893617021,94
023-grid_open,astar-manhattan,8,75407.36170212766,94
067-maze_braided,eager,0,502014.6,20
067-maze_braided,eager,1,502308.35,20
067-maze_braided,eager,2,500258.3,20
067-maze_braided,eager,3,497485.45,20
067-maze_braided,eager,4,499066.7,20
067-maze_braided,eager,5,499283.3,20
067-maze_braided,eager,6,498156.25,20
067-maze_braided,eager,7,495931.25,20
067-maze_braided,eager,8,498243.75,20
007-sparse,lazy,0,24427.514285714286,315
007-sparse,lazy,1,24370.504761904762,315
007-sparse,lazy,2,24327.24761904762,315
007-sparse,lazy,3,24350.79365079365,315
007-sparse,lazy,4,24215.47619047619,315
007-sparse,lazy,5,24362.168253968255,315
007-sparse,lazy,6,24670.501587301587,315
007-sparse,lazy,7,24512.168253968255,315
007-sparse,lazy,8,24077.380952380954,315
045-grid_obstacles-diagonal,list,0,1368442.75,8
045-grid_obstacles-diagonal,list,1,1369812.5,8
045-grid_obstacles-diagonal,list,2,1364869.875,8
045-grid_obstacles-diagonal,list,3,1357609.375,8
045-grid_obstacles-diagonal,list,4,1368619.875,8
045-grid_obstacles-diagonal,list,5,1381562.5,8
045-grid_obstacles-diagonal,list,6,1415510.5,8
045-grid_obstacles-diagonal,list,7,1421010.375,8
045-grid_obstacles-diagonal,list,8,1384463.5,8
