case_id,case,family,V,E,seed,size,algorithm,label,status,phase,validated,cost,path_length,median_ns,q1_ns,q3_ns,peak_python_bytes,iterations_per_sample,expansions,unique_expanded,reexpansions,edge_examinations,pushes,pops,stale_pops,decrease_keys,peak_frontier,recursive_calls,max_depth,error
048-maze_perfect,Perfect maze · 16×16 rooms,maze_perfect,511,1020,29,16,eager,Dijkstra · eager heap,ok,,True,260.0,261,132716.6769230769,132435.8923076923,133300.0,32680,65,318,318,0,637,321,319,0,0,4,0,0,
059-grid_obstacles-diagonal,Grid 16×12 · obstacles-diagonal,grid_obstacles-diagonal,145,614,43,16,astar-octile,A* · octile,ok,,True,17.242640687119284,17,22335.949019607844,22207.517647058823,22536.925490196078,9688,255,49,49,0,215,69,52,2,0,20,0,0,
068-maze_perfect,Perfect maze · 24×24 rooms,maze_perfect,1151,2300,43,24,astar-euclidean,A* · euclidean,ok,,True,468.0,469,304108.3333333333,303393.06666666665,304780.56666666665,87808,30,1073,1073,0,2151,1080,1074,0,0,9,0,0,
027-grid_obstacles-diagonal,Grid 64×48 · obstacles-diagonal,grid_obstacles-diagonal,2293,10490,17,64,astar-zero,A* · zero,ok,,True,70.31370849898475,68,971095.8,970808.3,977504.2,170856,10,2131,2131,0,9916,2200,2164,32,0,60,0,0,
051-maze_braided,Maze with loops · 24×24 rooms,maze_braided,1310,3022,29,24,list,Dijkstra · list,ok,,True,100.0,101,478535.71428571426,477303.5714285714,479656.7619047619,87685,21,1301,1301,0,3003,1304,1302,0,0,28,0,0,
012-dense,"Dense weighted graph (128, seed 17)",dense,128,16256,17,128,lazy,Dijkstra · lazy heap,ok,,True,253.0,3,523824.05555555556,520131.94444444444,525125.0,48440,18,127,127,0,16129,393,390,262,0,351,0,0,
056-dense,"Dense weighted graph (64, seed 43)",dense,64,4032,43,64,astar-zero,A* · zero,ok,,True,253.0,3,152684.14516129033,152260.0806451613,153133.74193548388,24672,62,63,63,0,3969,176,175,111,0,150,0,0,
038-dense,"Dense weighted graph (64, seed 29)",dense,64,4032,29,64,astar-euclidean,A* · euclidean,ok,,True,254.0,3,143729.83870967742,143139.11290322582,144198.9193548387,23728,62,63,63,0,3969,170,168,104,0,143,0,0,
006-complete,Complete graph (11),complete,11,110,,11,astar-zero,A* · zero,ok,,True,1.0,2,4811.99895506792,4780.650992685475,4827.760710553814,2736,957,10,10,0,100,11,11,0,0,10,0,0,
047-maze_braided,Maze with loops · 8×8 rooms,maze_braided,149,360,29,8,depth_first,Exhaustive DFS,skipped,,False,,,,,,,,,,,,,,,,,,,Exhaustive DFS limited to V ≤ 11; factorial growth / recursion depth.
014-grid_wall,Grid 16×12 · wall,grid_wall,181,646,17,16,astar-euclidean,A* · euclidean,ok,,True,21.0,22,46095.677248677246,45870.5873015873,46488.31746031746,16688,189,127,127,0,463,142,128,0,0,23,0,0,
033-maze_braided,Maze with loops · 24×24 rooms,maze_braided,1279,2894,17,24,astar-zero,A* · zero,ok,,True,98.0,99,444778.4090909091,442672.36363636365,445543.54545454547,88608,22,1272,1272,0,2880,1277,1273,0,0,30,0,0,
089-game_dungeon,Dungeon pursuit · 10×10 rooms,game_dungeon,216,476,17,10,astar-zero,A* · zero,ok,,True,56.0,57,52504.06707317073,52470.53048780488,52812.25,22080,164,179,179,0,389,185,180,0,0,11,0,0,
074-streets,Vienna streets · route 2,streets,1865,2711,,1865,astar-zero,A* · zero,ok,,True,2220.871685084125,94,576114.5625,574908.8125,579000.0,168592,16,1641,1641,0,2426,1675,1664,22,0,38,0,0,
063-grid_obstacles-diagonal,Grid 64×48 · obstacles-diagonal,grid_obstacles-diagonal,2294,10754,43,64,astar-octile,A* · octile,ok,,True,71.14213562373094,68,418579.6956521739,417661.2173913043,419163.04347826086,134456,23,677,677,0,3420,905,778,100,0,179,0,0,
089-game_dungeon,Dungeon pursuit · 10×10 rooms,game_dungeon,216,476,17,10,astar-euclidean,A* · euclidean,ok,,True,56.0,57,33425.74222222222,33352.77777777778,33496.48,15680,225,113,113,0,246,123,114,0,0,11,0,0,
068-maze_perfect,Perfect maze · 24×24 rooms,maze_perfect,1151,2300,43,24,list,Dijkstra · list,ok,,True,468.0,469,294970.4516129032,292092.7419354839,298215.06451612903,88829,31,1143,1143,0,2286,1145,1144,0,0,8,0,0,
065-maze_braided,Maze with loops · 8×8 rooms,maze_braided,147,350,43,8,lazy,Dijkstra · lazy heap,ok,,True,30.0,31,36310.83,36224.165,36458.33,11880,200,143,143,0,342,146,144,0,0,11,0,0,
026-grid_terrain,Grid 64×48 · terrain,grid_terrain,3072,12064,17,64,astar-euclidean,A* · euclidean,ok,,True,105.0,106,1083393.4444444445,1079990.7777777778,1087398.111111111,246560,9,2327,2327,0,9142,2520,2328,0,0,193,0,0,
086-grid_obstacles-diagonal,Grid 24×16 · obstacles-diagonal,grid_obstacles-diagonal,287,1166,17,24,depth_first,Exhaustive DFS,skipped,,False,,,,,,,,,,,,,,,,,,,Exhaustive DFS limited to V ≤ 11; factorial growth / recursion depth.
069-maze_braided,Maze with loops · 24×24 rooms,maze_braided,1314,3038,43,24,astar-manhattan,A* · manhattan,ok,,True,98.0,99,273532.3888888889,272597.22222222225,275376.1666666667,89936,36,654,654,0,1532,720,677,22,0,57,0,0,
058-grid_obstacles,Grid 16×12 · obstacles,grid_obstacles,145,402,43,16,astar-euclidean,A* · euclidean,ok,,True,19.0,20,26580.432234432235,26354.85347985348,26711.53846153846,12936,273,72,72,0,213,92,73,0,0,20,0,0,
007-sparse,"Sparse weighted graph (64, seed 17)",sparse,64,256,17,64,astar-zero,A* · zero,ok,,True,263.0,5,28020.380434782608,27688.858695652172,28025.514492753624,10024,276,63,63,0,252,80,80,16,0,41,0,0,
058-grid_obstacles,Grid 16×12 · obstacles,grid_obstacles,145,402,43,16,list,Dijkstra · list,ok,,True,19.0,20,36675.69911504425,36557.70796460177,36812.5,11725,226,123,123,0,354,127,124,0,0,11,0,0,
005-complete,Complete graph (9),complete,9,72,,9,eager,Dijkstra · eager heap,ok,,True,1.0,2,5991.2350956130485,5964.802024746907,6009.842519685039,2200,889,8,8,0,64,9,9,0,0,8,0,0,
016-grid_terrain,Grid 16×12 · terrain,grid_terrain,192,712,17,16,lazy,Dijkstra · lazy heap,ok,,True,21.0,22,58087.78,57973.613333333335,58145.56,23080,150,168,168,0,620,186,169,0,0,29,0,0,
088-maze_braided,Maze with loops · 10×10 rooms,maze_braided,216,476,17,10,depth_first,Exhaustive DFS,skipped,,False,,,,,,,,,,,,,,,,,,,Exhaustive DFS limited to V ≤ 11; factorial growth / recursion depth.
030-maze_perfect,Perfect maze · 16×16 rooms,maze_perfect,511,1020,17,16,eager,Dijkstra · eager heap,ok,,True,184.0,185,96817.77108433735,96696.2891566265,97644.578313253,29344,83,229,229,0,458,231,230,0,0,5,0,0,
017-grid_obstacles-diagonal,Grid 16×12 · obstacles-diagonal,grid_obstacles-diagonal,150,694,17,16,astar-euclidean,A* · euclidean,ok,,True,15.242640687119286,15,24723.527075812275,24716.45487364621,24780.386281588446,11448,277,47,47,0,258,81,49,1,0,33,0,0,
023-grid_open,Grid 64×48 · open,grid_open,3072,12064,17,64,astar-zero,A* · zero,ok,,True,61.0,62,1037657.4444444445,1035555.5555555555,1039365.7777777778,223672,9,2400,2400,0,9475,2448,2401,0,0,52,0,0,
072-queue_stress,Queue improvement stress (64),queue_stress,130,4224,,64,astar-zero,A* · zero,ok,,True,321.0,4,1765895.8333333333,1760923.6666666667,1794027.8333333333,690904,6,129,129,0,4224,4162,4162,4032,0,4096,0,0,
062-grid_obstacles,Grid 64×48 · obstacles,grid_obstacles,2294,6794,43,64,lazy,Dijkstra · lazy heap,ok,,True,77.0,78,765599.3846153846,763141.0769230769,770967.9230769231,168352,13,2107,2107,0,6332,2141,2108,0,0,49,0,0,
085-grid_terrain,Grid 24×16 · terrain,grid_terrain,384,1456,17,24,depth_first,Exhaustive DFS,skipped,,False,,,,,,,,,,,,,,,,,,,Exhaustive DFS limited to V ≤ 11; factorial growth / recursion depth.
044-grid_obstacles,Grid 64×48 · obstacles,grid_obstacles,2247,6460,29,64,eager,Dijkstra · eager heap,ok,,True,83.0,84,2299233.2,2296325.0,2300700.0,170080,5,2087,2087,0,6064,2122,2088,0,0,48,0,0,
031-maze_braided,Maze with loops · 16×16 rooms,maze_braided,581,1340,17,16,astar-manhattan,A* · manhattan,ok,,True,64.0,65,113271.32142857143,112625.98809523809,113591.26190476191,33600,84,283,283,0,689,319,284,0,0,36,0,0,
005-complete,Complete graph (9),complete,9,72,,9,astar-zero,A* · zero,ok,,True,1.0,2,3379.042,3329.458,3391.375,2288,1000,8,8,0,64,9,9,0,0,8,0,0,
002-reopening,A* reopening,reopening,4,4,,4,list,Dijkstra · list,ok,,True,5.0,4,1160.542,1150.417,1165.375,1397,1000,3,3,0,4,5,5,1,0,2,0,0,
032-maze_perfect,Perfect maze · 24×24 rooms,maze_perfect,1151,2300,17,24,lazy,Dijkstra · lazy heap,ok,,True,460.0,461,171918.94545454546,171687.12727272726,172632.58181818182,82384,55,739,739,0,1484,747,740,0,0,8,0,0,
073-streets,Vienna streets · route 1,streets,1865,2711,,1865,eager,Dijkstra · eager heap,ok,,True,2233.539414236698,125,1691368.0,1684645.8333333333,1693423.5,169544,6,1674,1674,0,2426,1681,1675,0,18,42,0,0,
049-maze_braided,Maze with loops · 16×16 rooms,maze_braided,577,1310,29,16,eager,Dijkstra · eager heap,ok,,True,66.0,67,489922.9,488960.4,492291.7,44504,20,576,576,0,1309,577,577,0,0,22,0,0,
040-grid_obstacles,Grid 16×12 · obstacles,grid_obstacles,149,436,29,16,astar-zero,A* · zero,ok,,True,15.0,16,39404.08415841584,39293.93564356436,39727.31188118812,12200,202,116,116,0,343,124,117,0,0,14,0,0,
043-grid_obstacles-diagonal,Grid 32×24 · obstacles-diagonal,grid_obstacles-diagonal,574,2452,29,32,astar-zero,A* · zero,ok,,True,32.65685424949238,32,200405.61224489796,199391.16326530612,201582.48979591837,46040,49,481,481,0,2101,508,485,3,0,37,0,0,
060-grid_obstacles,Grid 32×24 · obstacles,grid_obstacles,581,1696,43,32,eager,Dijkstra · eager heap,ok,,True,33.0,34,427083.347826087,426440.2173913043,427416.6956521739,44424,23,446,446,0,1340,463,447,0,0,25,0,0,
057-dense,"Dense weighted graph (128, seed 43)",dense,128,16256,43,128,eager,Dijkstra · eager heap,ok,,True,253.0,4,612823.5294117647,609828.4117647059,615227.9411764706,25712,17,127,127,0,16129,128,128,0,229,127,0,0,
071-queue_stress,Queue improvement stress (24),queue_stress,50,624,,24,astar-zero,A* · zero,ok,,True,121.0,4,210986.41860465117,210607.55813953487,211398.2558139535,93720,43,49,49,0,624,602,602,552,0,576,0,0,
051-maze_braided,Maze with loops · 24×24 rooms,maze_braided,1310,3022,29,24,eager,Dijkstra · eager heap,ok,,True,100.0,101,1226656.25,1225416.75,1234645.875,88672,8,1301,1301,0,3003,1304,1302,0,0,28,0,0,
037-dense,"Dense weighted graph (32, seed 29)",dense,32,992,29,32,lazy,Dijkstra · lazy heap,ok,,True,253.0,3,39571.06748466258,39234.920245398775,39666.662576687115,7600,163,31,31,0,961,67,64,32,0,52,0,0,
070-queue_stress,Queue improvement stress (8),queue_stress,18,80,,8,list,Dijkstra · list,ok,,True,41.0,4,31152.725978647686,31072.21352313167,31236.800711743774,7949,281,17,17,0,80,74,74,56,0,64,0,0,
088-maze_braided,Maze with loops · 10×10 rooms,maze_braided,216,476,17,10,astar-zero,A* · zero,ok,,True,56.0,57,53292.90476190476,52894.09523809524,53584.32738095238,22080,168,179,179,0,389,185,180,0,0,11,0,0,
019-grid_wall,Grid 32×24 · wall,grid_wall,745,2822,17,32,astar-euclidean,A* · euclidean,ok,,True,49.0,50,209406.914893617,208921.10638297873,210059.40425531915,59256,47,549,549,0,2093,576,550,0,0,34,0,0,
078-game_dungeon,Dungeon pursuit · 24×24 rooms,game_dungeon,1279,2894,17,24,eager,Dijkstra · eager heap,ok,,True,98.0,99,1185671.3333333333,1182537.111111111,1190166.6666666667,88672,9,1272,1272,0,2880,1277,1273,0,0,30,0,0,
083-grid_open,Grid 24×16 · open,grid_open,384,1456,17,24,astar-manhattan,A* · manhattan,ok,,True,21.0,22,17617.607526881722,17556.674731182797,17804.994623655915,22176,372,21,21,0,84,65,22,0,0,44,0,0,
077-game_dungeon,Dungeon pursuit · 16×16 rooms,game_dungeon,581,1340,17,16,list,Dijkstra · list,ok,,True,64.0,65,198240.54545454544,197607.95454545456,199401.52272727274,43549,44,580,580,0,1338,581,581,0,0,24,0,0,
026-grid_terrain,Grid 64×48 · terrain,grid_terrain,3072,12064,17,64,lazy,Dijkstra · lazy heap,ok,,True,105.0,106,1237067.625,1235093.75,1244656.25,340320,8,2943,2943,0,11552,3009,2944,0,0,132,0,0,
002-reopening,A* reopening,reopening,4,4,,4,depth_first,Exhaustive DFS,ok,,True,5.0,4,1125.0,1110.125,1477.667,1370,1000,4,3,0,5,0,0,0,0,0,6,4,
089-game_dungeon,Dungeon pursuit · 10×10 rooms,game_dungeon,216,476,17,10,depth_first,Exhaustive DFS,skipped,,False,,,,,,,,,,,,,,,,,,,Exhaustive DFS limited to V ≤ 11; factorial growth / recursion depth.
051-maze_braided,Maze with loops · 24×24 rooms,maze_braided,1310,3022,29,24,lazy,Dijkstra · lazy heap,ok,,True,100.0,101,403154.5,401189.25,403795.125,88368,24,1301,1301,0,3003,1304,1302,0,0,28,0,0,
088-maze_braided,Maze with loops · 10×10 rooms,maze_braided,216,476,17,10,astar-manhattan,A* · manhattan,ok,,True,56.0,57,31211.5140562249,31069.779116465863,31389.558232931726,15352,249,98,98,0,214,109,100,1,0,11,0,0,
072-queue_stress,Queue improvement stress (64),queue_stress,130,4224,,64,lazy,Dijkstra · lazy heap,ok,,True,321.0,4,1609220.2857142857,1604910.7142857143,1610101.142857143,559576,7,129,129,0,4224,4162,4162,4032,0,4096,0,0,
061-grid_obstacles-diagonal,Grid 32×24 · obstacles-diagonal,grid_obstacles-diagonal,581,2656,43,32,astar-octile,A* · octile,ok,,True,30.656854249492383,30,41424.8156424581,41401.53631284916,41663.40782122905,25848,179,64,64,0,352,113,65,0,0,50,0,0,
017-grid_obstacles-diagonal,Grid 16×12 · obstacles-diagonal,grid_obstacles-diagonal,150,694,17,16,astar-octile,A* · octile,ok,,True,15.242640687119286,15,20284.489425981872,20210.09667673716,20358.383685800603,10528,331,38,38,0,199,66,39,0,0,28,0,0,
008-sparse,"Sparse weighted graph (256, seed 17)",sparse,256,1024,17,256,depth_first,Exhaustive DFS,skipped,,False,,,,,,,,,,,,,,,,,,,Exhaustive DFS limited to V ≤ 11; factorial growth / recursion depth.
050-maze_perfect,Perfect maze · 24×24 rooms,maze_perfect,1151,2300,29,24,astar-zero,A* · zero,ok,,True,512.0,513,237987.5,234812.5,238135.425,82872,40,879,879,0,1758,881,880,0,0,6,0,0,
004-complete,Complete graph (7),complete,7,42,,7,eager,Dijkstra · eager heap,ok,,True,1.0,2,4123.91118077325,4087.121212121212,4163.35736677116,2008,957,6,6,0,36,7,7,0,0,6,0,0,
037-dense,"Dense weighted graph (32, seed 29)",dense,32,992,29,32,astar-zero,A* · zero,ok,,True,253.0,3,41374.59512195122,41240.85365853659,41522.560975609755,9472,205,31,31,0,961,67,64,32,0,52,0,0,
022-grid_obstacles-diagonal,Grid 32×24 · obstacles-diagonal,grid_obstacles-diagonal,569,2508,17,32,eager,Dijkstra · eager heap,ok,,True,43.142135623730944,40,540409.7222222222,537375.0,543770.8333333334,45064,18,546,546,0,2451,549,547,0,9,31,0,0,
014-grid_wall,Grid 16×12 · wall,grid_wall,181,646,17,16,astar-zero,A* · zero,ok,,True,21.0,22,50410.13071895425,50302.83006535948,50477.94117647059,16048,153,147,147,0,526,154,148,0,0,15,0,0,
034-sparse,"Sparse weighted graph (64, seed 29)",sparse,64,256,29,64,astar-euclidean,A* · euclidean,ok,,True,272.0,5,27921.450819672133,27737.536885245903,28094.774590163935,9416,244,63,63,0,252,81,81,17,0,37,0,0,
059-grid_obstacles-diagonal,Grid 16×12 · obstacles-diagonal,grid_obstacles-diagonal,145,614,43,16,astar-euclidean,A* · euclidean,ok,,True,17.242640687119284,17,28906.524344569287,28823.501872659177,29026.374531835205,14384,267,62,62,0,279,96,65,2,0,32,0,0,
032-maze_perfect,Perfect maze · 24×24 rooms,maze_perfect,1151,2300,17,24,astar-euclidean,A* · euclidean,ok,,True,460.0,461,168195.75471698114,167686.320754717,169338.84905660377,63520,53,627,627,0,1257,632,628,0,0,5,0,0,
040-grid_obstacles,Grid 16×12 · obstacles,grid_obstacles,149,436,29,16,list,Dijkstra · list,ok,,True,15.0,16,36319.642857142855,36266.26666666667,36354.76190476191,11949,210,116,116,0,343,124,117,0,0,14,0,0,
033-maze_braided,Maze with loops · 24×24 rooms,maze_braided,1279,2894,17,24,depth_first,Exhaustive DFS,skipped,,False,,,,,,,,,,,,,,,,,,,Exhaustive DFS limited to V ≤ 11; factorial growth / recursion depth.
026-grid_terrain,Grid 64×48 · terrain,grid_terrain,3072,12064,17,64,astar-zero,A* · zero,ok,,True,105.0,106,1377640.625,1373526.125,1380479.125,344056,8,2943,2943,0,11552,3009,2944,0,0,132,0,0,
083-grid_open,Grid 24×16 · open,grid_open,384,1456,17,24,lazy,Dijkstra · lazy heap,ok,,True,21.0,22,96933.05617977527,95696.15730337078,98043.06741573034,29920,89,288,288,0,1107,304,289,0,0,20,0,0,
060-grid_obstacles,Grid 32×24 · obstacles,grid_obstacles,581,1696,43,32,astar-zero,A* · zero,ok,,True,33.0,34,164046.77192982455,163635.9649122807,164594.29824561405,44224,57,446,446,0,1340,463,447,0,0,25,0,0,
008-sparse,"Sparse weighted graph (256, seed 17)",sparse,256,1024,17,256,astar-zero,A* · zero,ok,,True,269.0,5,140680.32786885247,140590.16393442624,141418.03278688525,37928,61,255,255,0,1020,327,327,71,0,146,0,0,
040-grid_obstacles,Grid 16×12 · obstacles,grid_obstacles,149,436,29,16,astar-manhattan,A* · manhattan,ok,,True,15.0,16,11212.71278458844,11188.266199649737,11242.411558669002,7760,571,23,23,0,71,39,24,0,0,16,0,0,
049-maze_braided,Maze with loops · 16×16 rooms,maze_braided,577,1310,29,16,astar-zero,A* · zero,ok,,True,66.0,67,189275.63461538462,189011.21153846153,189755.61538461538,44384,52,576,576,0,1309,577,577,0,0,22,0,0,
076-game_dungeon,Dungeon pursuit · 8×8 rooms,game_dungeon,143,324,17,8,list,Dijkstra · list,ok,,True,28.0,29,36508.74107142857,36446.24553571428,36542.96875,12013,224,141,141,0,321,143,142,0,0,9,0,0,
016-grid_terrain,Grid 16×12 · terrain,grid_terrain,192,712,17,16,eager,Dijkstra · eager heap,ok,,True,21.0,22,167101.4,166825.0,167418.75,24816,60,168,168,0,620,186,169,0,0,29,0,0,
019-grid_wall,Grid 32×24 · wall,grid_wall,745,2822,17,32,astar-zero,A* · zero,ok,,True,49.0,50,237700.40476190476,237387.88095238095,238030.7380952381,59768,42,641,641,0,2433,655,642,0,0,28,0,0,
077-game_dungeon,Dungeon pursuit · 16×16 rooms,game_dungeon,581,1340,17,16,eager,Dijkstra · eager heap,ok,,True,64.0,65,518006.25,514808.3,518035.4,44840,20,580,580,0,1338,581,581,0,0,24,0,0,
086-grid_obstacles-diagonal,Grid 24×16 · obstacles-diagonal,grid_obstacles-diagonal,287,1166,17,24,list,Dijkstra · list,ok,,True,23.242640687119284,23,101074.82795698925,101009.40860215054,101291.21505376344,22613,93,258,258,0,1064,276,265,6,0,22,0,0,
085-grid_terrain,Grid 24×16 · terrain,grid_terrain,384,1456,17,24,astar-manhattan,A* · manhattan,ok,,True,33.0,34,78122.44736842105,77928.36842105263,78404.23684210527,34184,114,168,168,0,661,236,169,0,0,68,0,0,
075-streets,Vienna streets · route 3,streets,1865,2711,,1865,astar-zero,A* · zero,ok,,True,901.46497070693,48,196201.5306122449,195568.02040816325,198012.75510204083,84112,49,530,530,0,819,560,538,7,0,27,0,0,
073-streets,Vienna streets · route 1,streets,1865,2711,,1865,astar-zero,A* · zero,ok,,True,2233.539414236698,125,592932.3125,586359.375,611575.5,169056,16,1674,1674,0,2426,1699,1693,18,0,42,0,0,
082-grid_wall,Grid 24×16 · wall,grid_wall,369,1366,17,24,list,Dijkstra · list,ok,,True,33.0,34,110817.71428571429,110706.10714285714,111461.32142857143,30261,56,315,315,0,1169,325,316,0,0,20,0,0,
017-grid_obstacles-diagonal,Grid 16×12 · obstacles-diagonal,grid_obstacles-diagonal,150,694,17,16,astar-zero,A* · zero,ok,,True,15.242640687119286,15,50870.53571428572,50786.708333333336,50893.60119047619,12880,168,132,132,0,624,147,135,2,0,17,0,0,
078-game_dungeon,Dungeon pursuit · 24×24 rooms,game_dungeon,1279,2894,17,24,list,Dijkstra · list,ok,,True,98.0,99,458426.5714285714,457706.3333333333,459559.5238095238,87205,21,1272,1272,0,2880,1277,1273,0,0,30,0,0,
009-sparse,"Sparse weighted graph (1024, seed 17)",sparse,1024,4096,17,1024,list,Dijkstra · list,ok,,True,275.0,5,4768055.666666667,4746875.0,4775902.666666667,121069,3,1023,1023,0,4092,1310,1310,286,0,563,0,0,
005-complete,Complete graph (9),complete,9,72,,9,list,Dijkstra · list,ok,,True,1.0,2,3178.833,3172.375,3200.542,2181,1000,8,8,0,64,9,9,0,0,8,0,0,
038-dense,"Dense weighted graph (64, seed 29)",dense,64,4032,29,64,lazy,Dijkstra · lazy heap,ok,,True,254.0,3,140551.13636363635,140263.87878787878,140712.12121212122,17960,66,63,63,0,3969,158,156,92,0,134,0,0,
077-game_dungeon,Dungeon pursuit · 16×16 rooms,game_dungeon,581,1340,17,16,astar-zero,A* · zero,ok,,True,64.0,65,196906.03921568627,196274.50980392157,203531.0588235294,44648,51,580,580,0,1338,581,581,0,0,24,0,0,
043-grid_obstacles-diagonal,Grid 32×24 · obstacles-diagonal,grid_obstacles-diagonal,574,2452,29,32,depth_first,Exhaustive DFS,skipped,,False,,,,,,,,,,,,,,,,,,,Exhaustive DFS limited to V ≤ 11; factorial growth / recursion depth.
074-streets,Vienna streets · route 2,streets,1865,2711,,1865,lazy,Dijkstra · lazy heap,ok,,True,2220.871685084125,94,510960.6111111111,506094.8888888889,514287.05555555556,167240,18,1641,1641,0,2426,1675,1664,22,0,38,0,0,
001-unreachable,Unreachable target,unreachable,4,4,,4,depth_first,Exhaustive DFS,ok,,True,,0,923.167,904.084,960.334,1266,1000,4,3,0,5,0,0,0,0,0,4,3,
086-grid_obstacles-diagonal,Grid 24×16 · obstacles-diagonal,grid_obstacles-diagonal,287,1166,17,24,astar-zero,A* · zero,ok,,True,23.242640687119284,23,101337.83783783784,100973.52702702703,106457.77027027027,23216,74,258,258,0,1064,276,265,6,0,22,0,0,
009-sparse,"Sparse weighted graph (1024, seed 17)",sparse,1024,4096,17,1024,astar-zero,A* · zero,ok,,True,275.0,5,651150.0,650619.4,654897.2,159144,15,1023,1023,0,4092,1310,1310,286,0,563,0,0,
042-grid_obstacles,Grid 32×24 · obstacles,grid_obstacles,574,1632,29,32,depth_first,Exhaustive DFS,skipped,,False,,,,,,,,,,,,,,,,,,,Exhaustive DFS limited to V ≤ 11; factorial growth / recursion depth.
046-maze_perfect,Perfect maze · 8×8 rooms,maze_perfect,127,252,29,8,astar-euclidean,A* · euclidean,ok,,True,88.0,89,28320.63799283154,28284.200716845877,28379.48028673835,12016,279,119,119,0,239,122,120,0,0,3,0,0,
035-sparse,"Sparse weighted graph (256, seed 29)",sparse,256,1024,29,256,lazy,Dijkstra · lazy heap,ok,,True,295.0,10,131508.8028169014,131284.61971830987,131734.74647887325,34048,71,255,255,0,1020,345,345,89,0,146,0,0,
017-grid_obstacles-diagonal,Grid 16×12 · obstacles-diagonal,grid_obstacles-diagonal,150,694,17,16,depth_first,Exhaustive DFS,skipped,,False,,,,,,,,,,,,,,,,,,,Exhaustive DFS limited to V ≤ 11; factorial growth / recursion depth.
059-grid_obstacles-diagonal,Grid 16×12 · obstacles-diagonal,grid_obstacles-diagonal,145,614,43,16,astar-zero,A* · zero,ok,,True,17.242640687119284,17,47126.85555555556,46980.09444444445,47294.21666666667,12328,180,126,126,0,560,135,134,7,0,15,0,0,
063-grid_obstacles-diagonal,Grid 64×48 · obstacles-diagonal,grid_obstacles-diagonal,2294,10754,43,64,lazy,Dijkstra · lazy heap,ok,,True,71.14213562373094,68,881718.75,879152.75,884145.8333333334,170024,12,2144,2144,0,10234,2215,2170,25,0,65,0,0,
045-grid_obstacles-diagonal,Grid 64×48 · obstacles-diagonal,grid_obstacles-diagonal,2247,9920,29,64,eager,Dijkstra · eager heap,ok,,True,75.38477631085021,71,2552812.5,2550760.5,2580114.5,173344,4,2136,2136,0,9590,2167,2137,0,40,62,0,0,
035-sparse,"Sparse weighted graph (256, seed 29)",sparse,256,1024,29,256,depth_first,Exhaustive DFS,skipped,,False,,,,,,,,,,,,,,,,,,,Exhaustive DFS limited to V ≤ 11; factorial growth / recursion depth.
015-grid_obstacles,Grid 16×12 · obstacles,grid_obstacles,150,442,17,16,astar-euclidean,A* · euclidean,ok,,True,17.0,18,23807.34323432343,23692.79207920792,23872.25082508251,10464,303,61,61,0,195,84,62,0,0,23,0,0,
031-maze_braided,Maze with loops · 16×16 rooms,maze_braided,581,1340,17,16,lazy,Dijkstra · lazy heap,ok,,True,64.0,65,170679.32142857142,170257.42857142858,171470.98214285713,44040,56,580,580,0,1338,581,581,0,0,24,0,0,
059-grid_obstacles-diagonal,Grid 16×12 · obstacles-diagonal,grid_obstacles-diagonal,145,614,43,16,eager,Dijkstra · eager heap,ok,,True,17.242640687119284,17,108814.43023255814,108311.52325581395,109105.13953488372,12448,86,126,126,0,560,128,127,0,7,13,0,0,
084-grid_obstacles,Grid 24×16 · obstacles,grid_obstacles,287,802,17,24,list,Dijkstra · list,ok,,True,25.0,26,81218.75,80675.58928571429,81254.83035714286,22357,112,249,249,0,699,259,250,0,0,17,0,0,
028-maze_perfect,Perfect maze · 8×8 rooms,maze_perfect,127,252,17,8,astar-euclidean,A* · euclidean,ok,,True,64.0,65,16256.658402203857,16119.490358126723,16412.650137741046,8600,363,68,68,0,136,70,69,0,0,2,0,0,
085-grid_terrain,Grid 24×16 · terrain,grid_terrain,384,1456,17,24,astar-euclidean,A* · euclidean,ok,,True,33.0,34,104483.43373493975,104335.34939759035,104539.6626506024,35912,83,246,246,0,931,306,247,0,0,60,0,0,
018-grid_open,Grid 32×24 · open,grid_open,768,2960,17,32,lazy,Dijkstra · lazy heap,ok,,True,29.0,30,201548.29545454544,201073.86363636365,201832.38636363635,57504,44,576,576,0,2243,600,577,0,0,28,0,0,
010-dense,"Dense weighted graph (32, seed 17)",dense,32,992,17,32,depth_first,Exhaustive DFS,skipped,,False,,,,,,,,,,,,,,,,,,,Exhaustive DFS limited to V ≤ 11; factorial growth / recursion depth.
041-grid_obstacles-diagonal,Grid 16×12 · obstacles-diagonal,grid_obstacles-diagonal,149,688,29,16,astar-octile,A* · octile,ok,,True,13.82842712474619,14,10019.495881383855,9987.370675453049,10047.706754530478,8280,607,16,16,0,79,37,17,0,0,21,0,0,
084-grid_obstacles,Grid 24×16 · obstacles,grid_obstacles,287,802,17,24,astar-manhattan,A* · manhattan,ok,,True,25.0,26,25169.436708860758,24962.949367088608,25389.50316455696,13824,316,55,55,0,164,79,56,0,0,24,0,0,
088-maze_braided,Maze with loops · 10×10 rooms,maze_braided,216,476,17,10,list,Dijkstra · list,ok,,True,56.0,57,47187.2375,47069.53125,47471.875,21973,160,179,179,0,389,185,180,0,0,11,0,0,
073-streets,Vienna streets · route 1,streets,1865,2711,,1865,astar-euclidean,A* · euclidean,ok,,True,2233.539414236698,125,319038.7931034483,318166.6896551724,319764.3448275862,114376,29,847,847,0,1249,907,862,14,0,51,0,0,
016-grid_terrain,Grid 16×12 · terrain,grid_terrain,192,712,17,16,list,Dijkstra · list,ok,,True,21.0,22,70181.3203125,70079.75,70245.1171875,23317,128,168,168,0,620,186,169,0,0,29,0,0,
081-queue_stress,Queue improvement stress (4),queue_stress,10,24,,4,depth_first,Exhaustive DFS,ok,,True,21.0,4,4641.041,4410.708,4799.042,1914,1000,21,9,0,36,0,0,0,0,0,37,4,
077-game_dungeon,Dungeon pursuit · 16×16 rooms,game_dungeon,581,1340,17,16,astar-euclidean,A* · euclidean,ok,,True,64.0,65,129895.54794520549,129852.7397260274,130335.04109589041,44944,73,374,374,0,895,396,376,1,0,26,0,0,
007-sparse,"Sparse weighted graph (64, seed 17)",sparse,64,256,17,64,eager,Dijkstra · eager heap,ok,,True,263.0,5,68541.30172413793,68464.80172413793,69161.27586206897,9480,116,63,63,0,252,64,64,0,16,30,0,0,
024-grid_wall,Grid 64×48 · wall,grid_wall,3025,11782,17,64,list,Dijkstra · list,ok,,True,105.0,106,1372500.0,1367880.25,1375411.5,226805,8,2675,2675,0,10433,2701,2676,0,0,52,0,0,
076-game_dungeon,Dungeon pursuit · 8×8 rooms,game_dungeon,143,324,17,8,astar-euclidean,A* · euclidean,ok,,True,28.0,29,35688.91402714932,35583.89592760181,35764.52036199095,11816,221,118,118,0,270,125,119,0,0,10,0,0,
057-dense,"Dense weighted graph (128, seed 43)",dense,128,16256,43,128,astar-zero,A* · zero,ok,,True,253.0,4,529552.6315789474,528146.8947368421,530493.4210526316,54424,19,127,127,0,16129,357,356,228,0,317,0,0,
067-maze_braided,Maze with loops · 16×16 rooms,maze_braided,591,1390,43,16,astar-manhattan,A* · manhattan,ok,,True,64.0,65,73984.025,73898.25833333333,74168.4,29128,120,204,204,0,490,225,206,1,0,21,0,0,
019-grid_wall,Grid 32×24 · wall,grid_wall,745,2822,17,32,astar-manhattan,A* · manhattan,ok,,True,49.0,50,209945.65217391305,209506.3260869565,210038.95652173914,64072,46,488,488,0,1901,558,489,0,0,70,0,0,
000-small_weighted,Main weighted graph,small_weighted,9,14,,9,depth_first,Exhaustive DFS,ok,,True,8.0,5,2832.125,2822.416,2843.75,2042,1000,13,8,0,22,0,0,0,0,0,21,6,
002-reopening,A* reopening,reopening,4,4,,4,astar-euclidean,A* · euclidean,ok,,True,5.0,4,1086.334,1082.292,1108.791,1288,1000,3,3,0,4,5,5,1,0,2,0,0,
032-maze_perfect,Perfect maze · 24×24 rooms,maze_perfect,1151,2300,17,24,astar-zero,A* · zero,ok,,True,460.0,461,215109.375,208809.375,216146.875,82832,40,739,739,0,1484,747,740,0,0,8,0,0,
010-dense,"Dense weighted graph (32, seed 17)",dense,32,992,17,32,astar-euclidean,A* · euclidean,ok,,True,254.0,4,44718.59296482412,44548.1608040201,44823.49246231156,11656,199,31,31,0,961,82,80,48,0,67,0,0,
041-grid_obstacles-diagonal,Grid 16×12 · obstacles-diagonal,grid_obstacles-diagonal,149,688,29,16,list,Dijkstra · list,ok,,True,13.82842712474619,14,46056.75675675676,45945.27027027027,46140.086486486485,12269,185,116,116,0,533,129,121,4,0,19,0,0,
080-dense,"Dense weighted graph (12, seed 17)",dense,12,132,17,12,list,Dijkstra · list,ok,,True,256.0,3,7201.785714285715,7185.7642857142855,7203.969047619048,3413,840,11,11,0,121,20,18,6,0,16,0,0,
061-grid_obstacles-diagonal,Grid 32×24 · obstacles-diagonal,grid_obstacles-diagonal,581,2656,43,32,lazy,Dijkstra · lazy heap,ok,,True,30.656854249492383,30,170804.1052631579,170331.87719298244,171223.68421052632,44464,57,457,457,0,2149,482,463,5,0,34,0,0,
064-maze_perfect,Perfect maze · 8×8 rooms,maze_perfect,127,252,43,8,astar-euclidean,A* · euclidean,ok,,True,40.0,41,10937.382297551789,10840.709981167609,11082.706214689266,7592,531,42,42,0,84,44,43,0,0,2,0,0,
083-grid_open,Grid 24×16 · open,grid_open,384,1456,17,24,astar-zero,A* · zero,ok,,True,21.0,22,109317.83333333333,109072.65384615384,110019.7564102564,30744,78,288,288,0,1107,304,289,0,0,20,0,0,
028-maze_perfect,Perfect maze · 8×8 rooms,maze_perfect,127,252,17,8,lazy,Dijkstra · lazy heap,ok,,True,64.0,65,14905.013192612138,14895.55672823219,14933.926121372031,8376,379,73,73,0,146,75,74,0,0,2,0,0,
064-maze_perfect,Perfect maze · 8×8 rooms,maze_perfect,127,252,43,8,list,Dijkstra · list,ok,,True,40.0,41,11095.710017574693,11063.488576449912,11137.228471001757,7725,569,43,43,0,86,45,44,0,0,2,0,0,
031-maze_braided,Maze with loops · 16×16 rooms,maze_braided,581,1340,17,16,eager,Dijkstra · eager heap,ok,,True,64.0,65,516360.4,514104.2,516779.15,44840,20,580,580,0,1338,581,581,0,0,24,0,0,
083-grid_open,Grid 24×16 · open,grid_open,384,1456,17,24,list,Dijkstra · list,ok,,True,21.0,22,112103.19767441861,111799.90697674418,112266.47674418605,29621,86,288,288,0,1107,304,289,0,0,20,0,0,
082-grid_wall,Grid 24×16 · wall,grid_wall,369,1366,17,24,astar-euclidean,A* · euclidean,ok,,True,33.0,34,99649.56842105264,99431.57894736843,99841.23157894737,31456,95,269,269,0,1005,288,270,0,0,31,0,0,
013-grid_open,Grid 16×12 · open,grid_open,192,712,17,16,astar-zero,A* · zero,ok,,True,13.0,14,48793.49180327869,48727.68306010929,48870.21857923497,15960,183,132,132,0,499,144,133,0,0,16,0,0,
055-dense,"Dense weighted graph (32, seed 43)",dense,32,992,43,32,astar-zero,A* · zero,ok,,True,253.0,3,44002.1116751269,43915.187817258884,44047.79695431472,10488,197,31,31,0,961,76,75,43,0,59,0,0,
059-grid_obstacles-diagonal,Grid 16×12 · obstacles-diagonal,grid_obstacles-diagonal,145,614,43,16,lazy,Dijkstra · lazy heap,ok,,True,17.242640687119284,17,42208.12182741117,42146.36040609137,42386.42131979695,11664,197,126,126,0,560,135,134,7,0,15,0,0,
010-dense,"Dense weighted graph (32, seed 17)",dense,32,992,17,32,lazy,Dijkstra · lazy heap,ok,,True,254.0,4,41522.49765258216,41326.09389671362,41583.920187793425,8896,213,31,31,0,961,82,80,48,0,64,0,0,
068-maze_perfect,Perfect maze · 24×24 rooms,maze_perfect,1151,2300,43,24,depth_first,Exhaustive DFS,skipped,,False,,,,,,,,,,,,,,,,,,,Exhaustive DFS limited to V ≤ 11; factorial growth / recursion depth.
079-sparse,"Sparse weighted graph (18, seed 17)",sparse,18,72,17,18,depth_first,Exhaustive DFS,skipped,,False,,,,,,,,,,,,,,,,,,,Exhaustive DFS limited to V ≤ 11; factorial growth / recursion depth.
036-sparse,"Sparse weighted graph (1024, seed 29)",sparse,1024,4096,29,1024,list,Dijkstra · list,ok,,True,306.0,9,4725041.666666667,4715541.666666667,4730041.666666667,121165,3,1023,1023,0,4092,1301,1300,276,0,563,0,0,
025-grid_obstacles,Grid 64×48 · obstacles,grid_obstacles,2293,6734,17,64,astar-euclidean,A* · euclidean,ok,,True,75.0,76,379075.0,378656.68,380861.64,122328,25,855,855,0,2594,946,856,0,0,108,0,0,
008-sparse,"Sparse weighted graph (256, seed 17)",sparse,256,1024,17,256,lazy,Dijkstra · lazy heap,ok,,True,269.0,5,126242.1081081081,125936.93243243243,126718.47297297297,33504,74,255,255,0,1020,327,327,71,0,146,0,0,
023-grid_open,Grid 64×48 · open,grid_open,3072,12064,17,64,list,Dijkstra · list,ok,,True,61.0,62,1505964.2857142857,1504512.0,1507023.857142857,220181,7,2400,2400,0,9475,2448,2401,0,0,52,0,0,
000-small_weighted,Main weighted graph,small_weighted,9,14,,9,list,Dijkstra · list,ok,,True,8.0,5,2836.334,2786.625,3032.75,2213,1000,8,8,0,14,13,11,2,0,6,0,0,
021-grid_terrain,Grid 32×24 · terrain,grid_terrain,768,2960,17,32,eager,Dijkstra · eager heap,ok,,True,49.0,50,813597.1666666666,811142.3333333334,824017.3333333334,92312,12,711,711,0,2736,745,712,0,0,64,0,0,
061-grid_obstacles-diagonal,Grid 32×24 · obstacles-diagonal,grid_obstacles-diagonal,581,2656,43,32,depth_first,Exhaustive DFS,skipped,,False,,,,,,,,,,,,,,,,,,,Exhaustive DFS limited to V ≤ 11; factorial growth / recursion depth.
029-maze_braided,Maze with loops · 8×8 rooms,maze_braided,143,324,17,8,astar-zero,A* · zero,ok,,True,28.0,29,41609.585,41569.375,41736.25,12016,200,141,141,0,321,143,142,0,0,9,0,0,
028-maze_perfect,Perfect maze · 8×8 rooms,maze_perfect,127,252,17,8,depth_first,Exhaustive DFS,skipped,,False,,,,,,,,,,,,,,,,,,,Exhaustive DFS limited to V ≤ 11; factorial growth / recursion depth.
064-maze_perfect,Perfect maze · 8×8 rooms,maze_perfect,127,252,43,8,depth_first,Exhaustive DFS,skipped,,False,,,,,,,,,,,,,,,,,,,Exhaustive DFS limited to V ≤ 11; factorial growth / recursion depth.
074-streets,Vienna streets · route 2,streets,1865,2711,,1865,eager,Dijkstra · eager heap,ok,,True,2220.871685084125,94,1659444.5,1652604.1666666667,1664173.5,168936,6,1641,1641,0,2426,1653,1642,0,22,37,0,0,
034-sparse,"Sparse weighted graph (64, seed 29)",sparse,64,256,29,64,list,Dijkstra · list,ok,,True,272.0,5,37097.587719298244,37067.98245614035,37127.56140350877,8389,228,63,63,0,252,83,83,19,0,38,0,0,
036-sparse,"Sparse weighted graph (1024, seed 29)",sparse,1024,4096,29,1024,lazy,Dijkstra · lazy heap,ok,,True,306.0,9,591901.0625,590088.5,593682.25,142064,16,1023,1023,0,4092,1301,1300,276,0,563,0,0,
075-streets,Vienna streets · route 3,streets,1865,2711,,1865,depth_first,Exhaustive DFS,skipped,,False,,,,,,,,,,,,,,,,,,,Exhaustive DFS limited to V ≤ 11; factorial growth / recursion depth.
084-grid_obstacles,Grid 24×16 · obstacles,grid_obstacles,287,802,17,24,lazy,Dijkstra · lazy heap,ok,,True,25.0,26,74785.23577235773,74677.84552845529,74858.40650406505,22016,123,249,249,0,699,259,250,0,0,17,0,0,
036-sparse,"Sparse weighted graph (1024, seed 29)",sparse,1024,4096,29,1024,astar-euclidean,A* · euclidean,ok,,True,306.0,9,600572.875,600276.0,605299.5,159112,16,1023,1023,0,4092,1306,1305,281,0,565,0,0,
068-maze_perfect,Perfect maze · 24×24 rooms,maze_perfect,1151,2300,43,24,lazy,Dijkstra · lazy heap,ok,,True,468.0,469,290046.5882352941,289296.5588235294,290631.1176470588,88712,34,1143,1143,0,2286,1145,1144,0,0,8,0,0,
064-maze_perfect,Perfect maze · 8×8 rooms,maze_perfect,127,252,43,8,eager,Dijkstra · eager heap,ok,,True,40.0,41,17255.434782608696,17192.330917874395,17300.222222222223,7608,414,43,43,0,86,45,44,0,0,2,0,0,
081-queue_stress,Queue improvement stress (4),queue_stress,10,24,,4,eager,Dijkstra · eager heap,ok,,True,21.0,4,7489.772727272727,7465.314285714286,7499.242857142857,2168,770,9,9,0,24,10,10,0,12,7,0,0,
001-unreachable,Unreachable target,unreachable,4,4,,4,astar-euclidean,A* · euclidean,ok,,True,,0,697.625,695.416,713.625,1056,1000,3,3,0,4,3,3,0,0,2,0,0,
058-grid_obstacles,Grid 16×12 · obstacles,grid_obstacles,145,402,43,16,lazy,Dijkstra · lazy heap,ok,,True,19.0,20,34848.338983050846,34803.495762711864,34931.5,11344,236,123,123,0,354,127,124,0,0,11,0,0,
027-grid_obstacles-diagonal,Grid 64×48 · obstacles-diagonal,grid_obstacles-diagonal,2293,10490,17,64,lazy,Dijkstra · lazy heap,ok,,True,70.31370849898475,68,867104.1666666666,865680.5,871822.9166666666,169472,12,2131,2131,0,9916,2200,2164,32,0,60,0,0,
048-maze_perfect,Perfect maze · 16×16 rooms,maze_perfect,511,1020,29,16,depth_first,Exhaustive DFS,skipped,,False,,,,,,,,,,,,,,,,,,,Exhaustive DFS limited to V ≤ 11; factorial growth / recursion depth.
063-grid_obstacles-diagonal,Grid 64×48 · obstacles-diagonal,grid_obstacles-diagonal,2294,10754,43,64,astar-euclidean,A* · euclidean,ok,,True,71.14213562373094,68,458313.4761904762,457301.61904761905,460138.85714285716,129824,21,816,816,0,4060,1009,914,97,0,152,0,0,
014-grid_wall,Grid 16×12 · wall,grid_wall,181,646,17,16,depth_first,Exhaustive DFS,skipped,,False,,,,,,,,,,,,,,,,,,,Exhaustive DFS limited to V ≤ 11; factorial growth / recursion depth.
013-grid_open,Grid 16×12 · open,grid_open,192,712,17,16,lazy,Dijkstra · lazy heap,ok,,True,13.0,14,42841.71698113208,42789.56603773585,42885.48427672956,15264,159,132,132,0,499,144,133,0,0,16,0,0,
061-grid_obstacles-diagonal,Grid 32×24 · obstacles-diagonal,grid_obstacles-diagonal,581,2656,43,32,list,Dijkstra · list,ok,,True,30.656854249492383,30,221539.69047619047,221284.7380952381,224029.7619047619,43861,42,457,457,0,2149,482,463,5,0,34,0,0,
082-grid_wall,Grid 24×16 · wall,grid_wall,369,1366,17,24,eager,Dijkstra · eager heap,ok,,True,33.0,34,287962.0294117647,286540.4411764706,290379.9117647059,30984,34,315,315,0,1169,325,316,0,0,20,0,0,
086-grid_obstacles-diagonal,Grid 24×16 · obstacles-diagonal,grid_obstacles-diagonal,287,1166,17,24,eager,Dijkstra · eager heap,ok,,True,23.242640687119284,23,248039.47368421053,246781.7894736842,248278.5,23408,38,258,258,0,1064,270,259,0,6,20,0,0,
013-grid_open,Grid 16×12 · open,grid_open,192,712,17,16,depth_first,Exhaustive DFS,skipped,,False,,,,,,,,,,,,,,,,,,,Exhaustive DFS limited to V ≤ 11; factorial growth / recursion depth.
030-maze_perfect,Perfect maze · 16×16 rooms,maze_perfect,511,1020,17,16,list,Dijkstra · list,ok,,True,184.0,185,57825.311111111114,57662.65185185185,58163.57777777778,29437,135,229,229,0,458,231,230,0,0,5,0,0,
082-grid_wall,Grid 24×16 · wall,grid_wall,369,1366,17,24,astar-manhattan,A* · manhattan,ok,,True,33.0,34,97631.15909090909,97535.51136363637,98034.09090909091,33320,88,224,224,0,865,274,225,0,0,50,0,0,
043-grid_obstacles-diagonal,Grid 32×24 · obstacles-diagonal,grid_obstacles-diagonal,574,2452,29,32,astar-euclidean,A* · euclidean,ok,,True,32.65685424949238,32,44045.155688622755,43889.22155688623,44263.22155688623,24552,167,86,86,0,385,128,93,6,0,36,0,0,
047-maze_braided,Maze with loops · 8×8 rooms,maze_braided,149,360,29,8,eager,Dijkstra · eager heap,ok,,True,28.0,29,105272.82191780822,104941.20547945205,106545.65753424658,12408,73,146,146,0,355,149,147,0,0,10,0,0,
084-grid_obstacles,Grid 24×16 · obstacles,grid_obstacles,287,802,17,24,astar-zero,A* · zero,ok,,True,25.0,26,86746.28712871287,86404.28712871287,86965.34653465346,22712,101,249,249,0,699,259,250,0,0,17,0,0,
018-grid_open,Grid 32×24 · open,grid_open,768,2960,17,32,depth_first,Exhaustive DFS,skipped,,False,,,,,,,,,,,,,,,,,,,Exhaustive DFS limited to V ≤ 11; factorial growth / recursion depth.
050-maze_perfect,Perfect maze · 24×24 rooms,maze_perfect,1151,2300,29,24,lazy,Dijkstra · lazy heap,ok,,True,512.0,513,201590.4255319149,201276.59574468085,201727.82978723405,82520,47,879,879,0,1758,881,880,0,0,6,0,0,
047-maze_braided,Maze with loops · 8×8 rooms,maze_braided,149,360,29,8,list,Dijkstra · list,ok,,True,28.0,29,39637.97169811321,39479.561320754714,39998.42924528302,12253,212,146,146,0,355,149,147,0,0,10,0,0,
079-sparse,"Sparse weighted graph (18, seed 17)",sparse,18,72,17,18,list,Dijkstra · list,ok,,True,266.0,3,5904.370488322717,5895.347133757962,5938.119957537155,2813,942,17,17,0,68,20,20,2,0,8,0,0,
018-grid_open,Grid 32×24 · open,grid_open,768,2960,17,32,list,Dijkstra · list,ok,,True,29.0,30,251472.9,251281.25,252036.45,56885,40,576,576,0,2243,600,577,0,0,28,0,0,
042-grid_obstacles,Grid 32×24 · obstacles,grid_obstacles,574,1632,29,32,astar-manhattan,A* · manhattan,ok,,True,35.0,36,43121.192893401014,43085.238578680204,43254.233502538074,24112,197,93,93,0,276,125,95,1,0,31,0,0,
083-grid_open,Grid 24×16 · open,grid_open,384,1456,17,24,depth_first,Exhaustive DFS,skipped,,False,,,,,,,,,,,,,,,,,,,Exhaustive DFS limited to V ≤ 11; factorial growth / recursion depth.
050-maze_perfect,Perfect maze · 24×24 rooms,maze_perfect,1151,2300,29,24,list,Dijkstra · list,ok,,True,512.0,513,215100.93333333332,214742.57777777777,215267.6,82717,45,879,879,0,1758,881,880,0,0,6,0,0,
024-grid_wall,Grid 64×48 · wall,grid_wall,3025,11782,17,64,astar-euclidean,A* · euclidean,ok,,True,105.0,106,932966.6,931970.8,936550.0,224664,10,2253,2253,0,8801,2308,2254,0,0,66,0,0,
078-game_dungeon,Dungeon pursuit · 24×24 rooms,game_dungeon,1279,2894,17,24,depth_first,Exhaustive DFS,skipped,,False,,,,,,,,,,,,,,,,,,,Exhaustive DFS limited to V ≤ 11; factorial growth / recursion depth.
064-maze_perfect,Perfect maze · 8×8 rooms,maze_perfect,127,252,43,8,astar-manhattan,A* · manhattan,ok,,True,40.0,41,11375.315094339623,11349.292452830188,11428.850943396226,7592,530,42,42,0,84,44,43,0,0,2,0,0,
042-grid_obstacles,Grid 32×24 · obstacles,grid_obstacles,574,1632,29,32,astar-zero,A* · zero,ok,,True,35.0,36,178369.59259259258,177992.27777777778,178480.72222222222,45000,54,476,476,0,1376,495,477,0,0,27,0,0,
056-dense,"Dense weighted graph (64, seed 43)",dense,64,4032,43,64,eager,Dijkstra · eager heap,ok,,True,253.0,3,194333.3260869565,192715.58695652173,199067.04347826086,11680,46,63,63,0,3969,64,64,0,112,63,0,0,
041-grid_obstacles-diagonal,Grid 16×12 · obstacles-diagonal,grid_obstacles-diagonal,149,688,29,16,depth_first,Exhaustive DFS,skipped,,False,,,,,,,,,,,,,,,,,,,Exhaustive DFS limited to V ≤ 11; factorial growth / recursion depth.
048-maze_perfect,Perfect maze · 16×16 rooms,maze_perfect,511,1020,29,16,astar-euclidean,A* · euclidean,ok,,True,260.0,261,79665.17857142857,79296.13392857143,79795.00892857143,32520,112,308,308,0,617,311,309,0,0,4,0,0,
038-dense,"Dense weighted graph (64, seed 29)",dense,64,4032,29,64,eager,Dijkstra · eager heap,ok,,True,254.0,3,194736.10416666666,192403.64583333334,196533.85416666666,11680,48,63,63,0,3969,64,64,0,94,63,0,0,
060-grid_obstacles,Grid 32×24 · obstacles,grid_obstacles,581,1696,43,32,depth_first,Exhaustive DFS,skipped,,False,,,,,,,,,,,,,,,,,,,Exhaustive DFS limited to V ≤ 11; factorial growth / recursion depth.
067-maze_braided,Maze with loops · 16×16 rooms,maze_braided,591,1390,43,16,astar-euclidean,A* · euclidean,ok,,True,64.0,65,116694.44871794872,116347.23076923077,118131.94871794872,45096,78,338,338,0,806,366,339,0,0,29,0,0,
069-maze_braided,Maze with loops · 24×24 rooms,maze_braided,1314,3038,43,24,eager,Dijkstra · eager heap,ok,,True,98.0,99,1285130.25,1280578.125,1293718.75,89904,8,1313,1313,0,3037,1314,1314,0,0,36,0,0,
006-complete,Complete graph (11),complete,11,110,,11,list,Dijkstra · list,ok,,True,1.0,2,4625.0,4596.375,4675.125,2549,1000,10,10,0,100,11,11,0,0,10,0,0,
072-queue_stress,Queue improvement stress (64),queue_stress,130,4224,,64,list,Dijkstra · list,ok,,True,321.0,4,98378750.0,97626208.0,99094625.0,402413,1,129,129,0,4224,4162,4162,4032,0,4096,0,0,
043-grid_obstacles-diagonal,Grid 32×24 · obstacles-diagonal,grid_obstacles-diagonal,574,2452,29,32,eager,Dijkstra · eager heap,ok,,True,32.65685424949238,32,498893.75,497175.0,501318.75,46736,20,481,481,0,2101,504,482,0,4,37,0,0,
006-complete,Complete graph (11),complete,11,110,,11,lazy,Dijkstra · lazy heap,ok,,True,1.0,2,4473.25,4453.708,4504.542,2160,1000,10,10,0,100,11,11,0,0,10,0,0,
087-maze_perfect,Perfect maze · 10×10 rooms,maze_perfect,199,396,17,10,lazy,Dijkstra · lazy heap,ok,,True,88.0,89,23347.833855799374,23324.84326018809,23412.880877742948,14792,319,111,111,0,224,115,112,0,0,4,0,0,
027-grid_obstacles-diagonal,Grid 64×48 · obstacles-diagonal,grid_obstacles-diagonal,2293,10490,17,64,depth_first,Exhaustive DFS,skipped,,False,,,,,,,,,,,,,,,,,,,Exhaustive DFS limited to V ≤ 11; factorial growth / recursion depth.
040-grid_obstacles,Grid 16×12 · obstacles,grid_obstacles,149,436,29,16,astar-euclidean,A* · euclidean,ok,,True,15.0,16,10660.195462478185,10619.038394415358,10687.68237347295,7760,573,23,23,0,71,39,24,0,0,16,0,0,
037-dense,"Dense weighted graph (32, seed 29)",dense,32,992,29,32,eager,Dijkstra · eager heap,ok,,True,253.0,3,59625.55263157895,59544.68421052631,59885.42105263158,6096,152,31,31,0,961,32,32,0,35,31,0,0,
020-grid_obstacles,Grid 32×24 · obstacles,grid_obstacles,569,1632,17,32,astar-zero,A* · zero,ok,,True,49.0,50,191612.59574468085,191588.63829787233,192986.70212765958,43976,47,546,546,0,1589,549,547,0,0,22,0,0,
082-grid_wall,Grid 24×16 · wall,grid_wall,369,1366,17,24,depth_first,Exhaustive DFS,skipped,,False,,,,,,,,,,,,,,,,,,,Exhaustive DFS limited to V ≤ 11; factorial growth / recursion depth.
029-maze_braided,Maze with loops · 8×8 rooms,maze_braided,143,324,17,8,lazy,Dijkstra · lazy heap,ok,,True,28.0,29,35622.668103448275,35544.362068965514,35659.120689655174,11616,232,141,141,0,321,143,142,0,0,9,0,0,
024-grid_wall,Grid 64×48 · wall,grid_wall,3025,11782,17,64,lazy,Dijkstra · lazy heap,ok,,True,105.0,106,967387.5,963679.2,988462.5,228448,10,2675,2675,0,10433,2701,2676,0,0,52,0,0,
081-queue_stress,Queue improvement stress (4),queue_stress,10,24,,4,lazy,Dijkstra · lazy heap,ok,,True,21.0,4,4366.666,4344.792,4373.041,2656,1000,9,9,0,24,22,22,12,0,16,0,0,
085-grid_terrain,Grid 24×16 · terrain,grid_terrain,384,1456,17,24,astar-zero,A* · zero,ok,,True,33.0,34,143180.3432835821,143125.61194029852,143478.23880597015,46968,67,350,350,0,1324,374,351,0,0,43,0,0,
021-grid_terrain,Grid 32×24 · terrain,grid_terrain,768,2960,17,32,astar-euclidean,A* · euclidean,ok,,True,49.0,50,224596.5909090909,224341.8409090909,225108.88636363635,68408,44,528,528,0,2034,618,529,0,0,90,0,0,
018-grid_open,Grid 32×24 · open,grid_open,768,2960,17,32,astar-euclidean,A* · euclidean,ok,,True,29.0,30,26014.851485148516,25993.19306930693,26083.747524752474,39936,202,29,29,0,116,89,30,0,0,60,0,0,
052-sparse,"Sparse weighted graph (64, seed 43)",sparse,64,256,43,64,list,Dijkstra · list,ok,,True,283.0,3,39908.132530120485,39754.77108433735,40036.65060240964,8565,166,63,63,0,252,89,89,25,0,39,0,0,
022-grid_obstacles-diagonal,Grid 32×24 · obstacles-diagonal,grid_obstacles-diagonal,569,2508,17,32,astar-octile,A* · octile,ok,,True,43.142135623730944,40,163240.49122807017,162666.66666666666,163663.73684210525,50872,57,325,325,0,1455,416,357,31,0,66,0,0,
033-maze_braided,Maze with loops · 24×24 rooms,maze_braided,1279,2894,17,24,astar-manhattan,A* · manhattan,ok,,True,98.0,99,213232.95454545456,212214.02272727274,214125.0,62696,44,508,508,0,1194,568,515,6,0,54,0,0,
087-maze_perfect,Perfect maze · 10×10 rooms,maze_perfect,199,396,17,10,list,Dijkstra · list,ok,,True,88.0,89,26904.024137931036,26874.568965517243,26973.706896551725,15229,290,111,111,0,224,115,112,0,0,4,0,0,
053-sparse,"Sparse weighted graph (256, seed 43)",sparse,256,1024,43,256,lazy,Dijkstra · lazy heap,ok,,True,280.0,5,125164.2463768116,124810.39130434782,125435.98550724638,32688,69,255,255,0,1020,324,324,68,0,138,0,0,
045-grid_obstacles-diagonal,Grid 64×48 · obstacles-diagonal,grid_obstacles-diagonal,2247,9920,29,64,astar-zero,A* · zero,ok,,True,75.38477631085021,71,966654.1,963458.3,974725.0,172032,10,2136,2136,0,9590,2207,2176,39,0,63,0,0,
078-game_dungeon,Dungeon pursuit · 24×24 rooms,game_dungeon,1279,2894,17,24,astar-euclidean,A* · euclidean,ok,,True,98.0,99,322961.2068965517,320573.275862069,327267.2413793103,87552,29,886,886,0,2047,917,887,0,0,39,0,0,
074-streets,Vienna streets · route 2,streets,1865,2711,,1865,astar-euclidean,A* · euclidean,ok,,True,2220.871685084125,94,148963.3620689655,148641.5172413793,149122.8448275862,84832,58,378,378,0,605,417,387,8,0,34,0,0,
079-sparse,"Sparse weighted graph (18, seed 17)",sparse,18,72,17,18,astar-euclidean,A* · euclidean,ok,,True,266.0,3,6058.726659167604,6038.1518560179975,6098.940382452193,3000,889,17,17,0,68,21,21,3,0,9,0,0,
033-maze_braided,Maze with loops · 24×24 rooms,maze_braided,1279,2894,17,24,list,Dijkstra · list,ok,,True,98.0,99,459105.1904761905,458740.09523809527,459946.4285714286,87205,21,1272,1272,0,2880,1277,1273,0,0,30,0,0,
076-game_dungeon,Dungeon pursuit · 8×8 rooms,game_dungeon,143,324,17,8,eager,Dijkstra · eager heap,ok,,True,28.0,29,98544.70833333333,98325.52083333333,98700.09375,12352,96,141,141,0,321,143,142,0,0,9,0,0,
060-grid_obstacles,Grid 32×24 · obstacles,grid_obstacles,581,1696,43,32,list,Dijkstra · list,ok,,True,33.0,34,165900.8620689655,165591.24137931035,166205.44827586206,43181,58,446,446,0,1340,463,447,0,0,25,0,0,
058-grid_obstacles,Grid 16×12 · obstacles,grid_obstacles,145,402,43,16,eager,Dijkstra · eager heap,ok,,True,19.0,20,97381.13684210526,97235.52631578948,98055.69473684211,11960,95,123,123,0,354,127,124,0,0,11,0,0,
088-maze_braided,Maze with loops · 10×10 rooms,maze_braided,216,476,17,10,eager,Dijkstra · eager heap,ok,,True,56.0,57,119606.98765432098,119340.54320987655,119748.45679012345,22328,81,179,179,0,389,185,180,0,0,11,0,0,
053-sparse,"Sparse weighted graph (256, seed 43)",sparse,256,1024,43,256,depth_first,Exhaustive DFS,skipped,,False,,,,,,,,,,,,,,,,,,,Exhaustive DFS limited to V ≤ 11; factorial growth / recursion depth.
007-sparse,"Sparse weighted graph (64, seed 17)",sparse,64,256,17,64,list,Dijkstra · list,ok,,True,263.0,5,36382.30341880342,36311.07692307692,36435.717948717946,8645,234,63,63,0,252,80,80,16,0,41,0,0,
065-maze_braided,Maze with loops · 8×8 rooms,maze_braided,147,350,43,8,eager,Dijkstra · eager heap,ok,,True,30.0,31,99407.98958333333,98902.34375,99683.59375,12424,96,143,143,0,342,146,144,0,0,11,0,0,
028-maze_perfect,Perfect maze · 8×8 rooms,maze_perfect,127,252,17,8,astar-manhattan,A* · manhattan,ok,,True,64.0,65,16919.84010152284,16752.010152284263,17460.977157360405,8600,394,68,68,0,136,70,69,0,0,2,0,0,
054-sparse,"Sparse weighted graph (1024, seed 43)",sparse,1024,4096,43,1024,eager,Dijkstra · eager heap,ok,,True,286.0,8,1832701.3333333333,1826569.5,1840812.5,165256,6,1023,1023,0,4092,1024,1024,0,291,443,0,0,
089-game_dungeon,Dungeon pursuit · 10×10 rooms,game_dungeon,216,476,17,10,list,Dijkstra · list,ok,,True,56.0,57,47135.0218579235,47068.30601092896,47178.502732240435,21973,183,179,179,0,389,185,180,0,0,11,0,0,
042-grid_obstacles,Grid 32×24 · obstacles,grid_obstacles,574,1632,29,32,list,Dijkstra · list,ok,,True,35.0,36,183208.33333333334,182955.24074074073,183942.12962962964,43469,54,476,476,0,1376,495,477,0,0,27,0,0,
001-unreachable,Unreachable target,unreachable,4,4,,4,eager,Dijkstra · eager heap,ok,,True,,0,1204.583,1192.875,1210.0,952,1000,3,3,0,4,3,3,0,0,2,0,0,
064-maze_perfect,Perfect maze · 8×8 rooms,maze_perfect,127,252,43,8,astar-zero,A* · zero,ok,,True,40.0,41,11306.082938388625,11303.317535545024,11400.670616113744,7592,422,43,43,0,86,45,44,0,0,2,0,0,
052-sparse,"Sparse weighted graph (64, seed 43)",sparse,64,256,43,64,depth_first,Exhaustive DFS,skipped,,False,,,,,,,,,,,,,,,,,,,Exhaustive DFS limited to V ≤ 11; factorial growth / recursion depth.
055-dense,"Dense weighted graph (32, seed 43)",dense,32,992,43,32,depth_first,Exhaustive DFS,skipped,,False,,,,,,,,,,,,,,,,,,,Exhaustive DFS limited to V ≤ 11; factorial growth / recursion depth.
075-streets,Vienna streets · route 3,streets,1865,2711,,1865,lazy,Dijkstra · lazy heap,ok,,True,901.46497070693,48,166528.53703703705,166414.35185185185,166966.05555555556,82992,54,530,530,0,819,560,538,7,0,27,0,0,
066-maze_perfect,Perfect maze · 16×16 rooms,maze_perfect,511,1020,43,16,astar-euclidean,A* · euclidean,ok,,True,148.0,149,44388.13846153846,44062.18461538461,44682.053846153845,24040,130,168,168,0,337,171,169,0,0,3,0,0,
028-maze_perfect,Perfect maze · 8×8 rooms,maze_perfect,127,252,17,8,eager,Dijkstra · eager heap,ok,,True,64.0,65,28189.792372881355,28118.292372881355,28247.70338983051,8712,236,73,73,0,146,75,74,0,0,2,0,0,
053-sparse,"Sparse weighted graph (256, seed 43)",sparse,256,1024,43,256,eager,Dijkstra · eager heap,ok,,True,280.0,5,360639.6,359612.5,413081.25,36800,20,255,255,0,1020,256,256,0,68,107,0,0,
049-maze_braided,Maze with loops · 16×16 rooms,maze_braided,577,1310,29,16,astar-euclidean,A* · euclidean,ok,,True,66.0,67,172706.87719298244,172560.66666666666,173474.42105263157,44880,57,505,505,0,1155,521,507,1,0,27,0,0,
002-reopening,A* reopening,reopening,4,4,,4,lazy,Dijkstra · lazy heap,ok,,True,5.0,4,827.584,820.75,838.875,944,1000,3,3,0,4,5,5,1,0,2,0,0,
076-game_dungeon,Dungeon pursuit · 8×8 rooms,game_dungeon,143,324,17,8,depth_first,Exhaustive DFS,skipped,,False,,,,,,,,,,,,,,,,,,,Exhaustive DFS limited to V ≤ 11; factorial growth / recursion depth.
063-grid_obstacles-diagonal,Grid 64×48 · obstacles-diagonal,grid_obstacles-diagonal,2294,10754,43,64,depth_first,Exhaustive DFS,skipped,,False,,,,,,,,,,,,,,,,,,,Exhaustive DFS limited to V ≤ 11; factorial growth / recursion depth.
044-grid_obstacles,Grid 64×48 · obstacles,grid_obstacles,2247,6460,29,64,depth_first,Exhaustive DFS,skipped,,False,,,,,,,,,,,,,,,,,,,Exhaustive DFS limited to V ≤ 11; factorial growth / recursion depth.
076-game_dungeon,Dungeon pursuit · 8×8 rooms,game_dungeon,143,324,17,8,astar-zero,A* · zero,ok,,True,28.0,29,41347.833333333336,41254.49509803922,41417.07843137255,12016,204,141,141,0,321,143,142,0,0,9,0,0,
024-grid_wall,Grid 64×48 · wall,grid_wall,3025,11782,17,64,astar-zero,A* · zero,ok,,True,105.0,106,1099027.7777777778,1095574.111111111,1103574.111111111,229768,9,2675,2675,0,10433,2701,2676,0,0,52,0,0,
044-grid_obstacles,Grid 64×48 · obstacles,grid_obstacles,2247,6460,29,64,astar-euclidean,A* · euclidean,ok,,True,83.0,84,405409.75,403861.125,406401.0416666667,116640,24,947,947,0,2793,1029,948,0,0,82,0,0,
003-complete,Complete graph (5),complete,5,20,,5,astar-euclidean,A* · euclidean,ok,,True,1.0,2,981.958,979.583,992.667,1488,1000,1,1,0,4,5,2,0,0,4,0,0,
020-grid_obstacles,Grid 32×24 · obstacles,grid_obstacles,569,1632,17,32,lazy,Dijkstra · lazy heap,ok,,True,49.0,50,173067.43636363637,169831.81818181818,173859.0909090909,43264,55,546,546,0,1589,549,547,0,0,22,0,0,
051-maze_braided,Maze with loops · 24×24 rooms,maze_braided,1310,3022,29,24,astar-euclidean,A* · euclidean,ok,,True,100.0,101,405425.375,403453.125,405859.375,88272,24,1115,1115,0,2608,1153,1116,0,0,44,0,0,
003-complete,Complete graph (5),complete,5,20,,5,astar-zero,A* · zero,ok,,True,1.0,2,1406.916,1401.042,1415.959,1480,1000,4,4,0,16,5,5,0,0,4,0,0,
066-maze_perfect,Perfect maze · 16×16 rooms,maze_perfect,511,1020,43,16,astar-manhattan,A* · manhattan,ok,,True,148.0,149,44528.22580645161,44382.39247311828,44669.80107526882,23944,186,164,164,0,329,167,165,0,0,3,0,0,
065-maze_braided,Maze with loops · 8×8 rooms,maze_braided,147,350,43,8,astar-zero,A* · zero,ok,,True,30.0,31,42747.8052631579,42662.05789473684,43164.03684210526,12320,190,143,143,0,342,146,144,0,0,11,0,0,
039-dense,"Dense weighted graph (128, seed 29)",dense,128,16256,29,128,list,Dijkstra · list,ok,,True,251.0,2,1012587.5,1011658.4,1017608.3,40581,10,127,127,0,16129,366,366,238,0,337,0,0,
039-dense,"Dense weighted graph (128, seed 29)",dense,128,16256,29,128,astar-zero,A* · zero,ok,,True,251.0,2,536669.0,535761.5555555555,538826.3888888889,57024,18,127,127,0,16129,366,366,238,0,337,0,0,
069-maze_braided,Maze with loops · 24×24 rooms,maze_braided,1314,3038,43,24,depth_first,Exhaustive DFS,skipped,,False,,,,,,,,,,,,,,,,,,,Exhaustive DFS limited to V ≤ 11; factorial growth / recursion depth.
040-grid_obstacles,Grid 16×12 · obstacles,grid_obstacles,149,436,29,16,lazy,Dijkstra · lazy heap,ok,,True,15.0,16,34566.26431718062,34495.779735682816,34607.00881057269,11592,227,116,116,0,343,124,117,0,0,14,0,0,
039-dense,"Dense weighted graph (128, seed 29)",dense,128,16256,29,128,lazy,Dijkstra · lazy heap,ok,,True,251.0,2,532195.2105263158,530508.7894736842,534592.1052631579,46104,19,127,127,0,16129,366,366,238,0,337,0,0,
087-maze_perfect,Perfect maze · 10×10 rooms,maze_perfect,199,396,17,10,depth_first,Exhaustive DFS,skipped,,False,,,,,,,,,,,,,,,,,,,Exhaustive DFS limited to V ≤ 11; factorial growth / recursion depth.
023-grid_open,Grid 64×48 · open,grid_open,3072,12064,17,64,depth_first,Exhaustive DFS,skipped,,False,,,,,,,,,,,,,,,,,,,Exhaustive DFS limited to V ≤ 11; factorial growth / recursion depth.
005-complete,Complete graph (9),complete,9,72,,9,astar-euclidean,A* · euclidean,ok,,True,1.0,2,1527.708,1510.041,1551.25,2328,1000,1,1,0,8,9,2,0,0,8,0,0,
027-grid_obstacles-diagonal,Grid 64×48 · obstacles-diagonal,grid_obstacles-diagonal,2293,10490,17,64,astar-euclidean,A* · euclidean,ok,,True,70.31370849898475,68,409371.39130434784,408608.6956521739,410144.95652173914,127272,23,715,715,0,3427,927,777,61,0,151,0,0,
056-dense,"Dense weighted graph (64, seed 43)",dense,64,4032,43,64,list,Dijkstra · list,ok,,True,253.0,3,242972.925,242688.525,243042.725,19005,40,63,63,0,3969,176,175,111,0,150,0,0,
079-sparse,"Sparse weighted graph (18, seed 17)",sparse,18,72,17,18,lazy,Dijkstra · lazy heap,ok,,True,266.0,3,4945.334,4933.958,4959.375,2408,1000,17,17,0,68,20,20,2,0,8,0,0,
085-grid_terrain,Grid 24×16 · terrain,grid_terrain,384,1456,17,24,lazy,Dijkstra · lazy heap,ok,,True,33.0,34,126213.33333333333,126016.12,126578.33333333333,45552,75,350,350,0,1324,374,351,0,0,43,0,0,
044-grid_obstacles,Grid 64×48 · obstacles,grid_obstacles,2247,6460,29,64,astar-zero,A* · zero,ok,,True,83.0,84,847156.25,844076.4166666666,849486.0833333334,169784,12,2087,2087,0,6064,2122,2088,0,0,48,0,0,
004-complete,Complete graph (7),complete,7,42,,7,astar-zero,A* · zero,ok,,True,1.0,2,2319.75,2311.875,2329.875,2032,1000,6,6,0,36,7,7,0,0,6,0,0,
012-dense,"Dense weighted graph (128, seed 17)",dense,128,16256,17,128,astar-zero,A* · zero,ok,,True,253.0,3,546777.7777777778,546032.4444444445,548004.6111111111,59952,18,127,127,0,16129,393,390,262,0,351,0,0,
031-maze_braided,Maze with loops · 16×16 rooms,maze_braided,581,1340,17,16,depth_first,Exhaustive DFS,skipped,,False,,,,,,,,,,,,,,,,,,,Exhaustive DFS limited to V ≤ 11; factorial growth / recursion depth.
047-maze_braided,Maze with loops · 8×8 rooms,maze_braided,149,360,29,8,lazy,Dijkstra · lazy heap,ok,,True,28.0,29,38226.831775700935,38146.02803738318,38271.61214953271,11864,214,146,146,0,355,149,147,0,0,10,0,0,
054-sparse,"Sparse weighted graph (1024, seed 43)",sparse,1024,4096,43,1024,list,Dijkstra · list,ok,,True,286.0,8,4866903.0,4861764.0,4887416.666666667,122157,3,1023,1023,0,4092,1315,1315,291,0,574,0,0,
047-maze_braided,Maze with loops · 8×8 rooms,maze_braided,149,360,29,8,astar-manhattan,A* · manhattan,ok,,True,28.0,29,25074.08940397351,24963.576158940396,25114.51324503311,9272,302,73,73,0,187,84,74,0,0,11,0,0,
061-grid_obstacles-diagonal,Grid 32×24 · obstacles-diagonal,grid_obstacles-diagonal,581,2656,43,32,eager,Dijkstra · eager heap,ok,,True,30.656854249492383,30,471668.6666666667,471569.4285714286,473448.4285714286,45416,21,457,457,0,2149,476,458,0,6,34,0,0,
073-streets,Vienna streets · route 1,streets,1865,2711,,1865,depth_first,Exhaustive DFS,skipped,,False,,,,,,,,,,,,,,,,,,,Exhaustive DFS limited to V ≤ 11; factorial growth / recursion depth.
089-game_dungeon,Dungeon pursuit · 10×10 rooms,game_dungeon,216,476,17,10,astar-manhattan,A* · manhattan,ok,,True,56.0,57,30983.498039215687,30938.725490196077,31005.066666666666,15352,255,98,98,0,214,109,100,1,0,11,0,0,
066-maze_perfect,Perfect maze · 16×16 rooms,maze_perfect,511,1020,43,16,depth_first,Exhaustive DFS,skipped,,False,,,,,,,,,,,,,,,,,,,Exhaustive DFS limited to V ≤ 11; factorial growth / recursion depth.
000-small_weighted,Main weighted graph,small_weighted,9,14,,9,eager,Dijkstra · eager heap,ok,,True,8.0,5,5084.375,5036.709,5088.667,1912,1000,8,8,0,14,9,9,0,4,4,0,0,
025-grid_obstacles,Grid 64×48 · obstacles,grid_obstacles,2293,6734,17,64,list,Dijkstra · list,ok,,True,75.0,76,1045058.3,1043029.2,1047908.4,166453,10,2080,2080,0,6205,2104,2081,0,0,43,0,0,
063-grid_obstacles-diagonal,Grid 64×48 · obstacles-diagonal,grid_obstacles-diagonal,2294,10754,43,64,astar-zero,A* · zero,ok,,True,71.14213562373094,68,990087.5,987958.3,992854.2,171808,10,2144,2144,0,10234,2215,2170,25,0,65,0,0,
052-sparse,"Sparse weighted graph (64, seed 43)",sparse,64,256,43,64,astar-euclidean,A* · euclidean,ok,,True,283.0,3,28861.256140350877,28843.129824561405,28886.112280701753,9720,285,63,63,0,252,89,89,25,0,39,0,0,
078-game_dungeon,Dungeon pursuit · 24×24 rooms,game_dungeon,1279,2894,17,24,astar-zero,A* · zero,ok,,True,98.0,99,449036.0,448011.36363636365,450263.2727272727,88608,22,1272,1272,0,2880,1277,1273,0,0,30,0,0,
070-queue_stress,Queue improvement stress (8),queue_stress,18,80,,8,astar-zero,A* · zero,ok,,True,41.0,4,20005.951573849878,19964.990314769977,20040.55690072639,10296,413,17,17,0,80,74,74,56,0,64,0,0,
030-maze_perfect,Perfect maze · 16×16 rooms,maze_perfect,511,1020,17,16,depth_first,Exhaustive DFS,skipped,,False,,,,,,,,,,,,,,,,,,,Exhaustive DFS limited to V ≤ 11; factorial growth / recursion depth.
007-sparse,"Sparse weighted graph (64, seed 17)",sparse,64,256,17,64,astar-euclidean,A* · euclidean,ok,,True,263.0,5,27214.912280701756,27152.63157894737,27271.929824561405,10024,285,63,63,0,252,81,81,17,0,41,0,0,
049-maze_braided,Maze with loops · 16×16 rooms,maze_braided,577,1310,29,16,astar-manhattan,A* · manhattan,ok,,True,66.0,67,148032.546875,147712.234375,148145.171875,47088,64,382,382,0,886,418,390,7,0,45,0,0,
008-sparse,"Sparse weighted graph (256, seed 17)",sparse,256,1024,17,256,astar-euclidean,A* · euclidean,ok,,True,269.0,5,130324.5352112676,130288.73239436619,130715.38028169014,37616,71,255,255,0,1020,324,324,68,0,143,0,0,
025-grid_obstacles,Grid 64×48 · obstacles,grid_obstacles,2293,6734,17,64,lazy,Dijkstra · lazy heap,ok,,True,75.0,76,758416.6923076923,757929.4615384615,760567.3076923077,167736,13,2080,2080,0,6205,2104,2081,0,0,43,0,0,
059-grid_obstacles-diagonal,Grid 16×12 · obstacles-diagonal,grid_obstacles-diagonal,145,614,43,16,list,Dijkstra · list,ok,,True,17.242640687119284,17,46094.42934782609,46019.92391304348,46121.60326086957,12013,184,126,126,0,560,135,134,7,0,15,0,0,
029-maze_braided,Maze with loops · 8×8 rooms,maze_braided,143,324,17,8,depth_first,Exhaustive DFS,skipped,,False,,,,,,,,,,,,,,,,,,,Exhaustive DFS limited to V ≤ 11; factorial growth / recursion depth.
052-sparse,"Sparse weighted graph (64, seed 43)",sparse,64,256,43,64,astar-zero,A* · zero,ok,,True,283.0,3,30322.876363636362,30233.483636363635,30415.603636363638,9720,275,63,63,0,252,89,89,25,0,39,0,0,
015-grid_obstacles,Grid 16×12 · obstacles,grid_obstacles,150,442,17,16,depth_first,Exhaustive DFS,skipped,,False,,,,,,,,,,,,,,,,,,,Exhaustive DFS limited to V ≤ 11; factorial growth / recursion depth.
016-grid_terrain,Grid 16×12 · terrain,grid_terrain,192,712,17,16,astar-zero,A* · zero,ok,,True,21.0,22,64483.27464788732,64289.90140845071,64583.33802816901,24240,142,168,168,0,620,186,169,0,0,29,0,0,
012-dense,"Dense weighted graph (128, seed 17)",dense,128,16256,17,128,eager,Dijkstra · eager heap,ok,,True,253.0,3,639059.875,638880.1875,640018.25,25936,16,127,127,0,16129,128,128,0,265,127,0,0,
038-dense,"Dense weighted graph (64, seed 29)",dense,64,4032,29,64,list,Dijkstra · list,ok,,True,254.0,3,218662.97777777776,218425.0,218934.26666666666,17357,45,63,63,0,3969,158,156,92,0,134,0,0,
001-unreachable,Unreachable target,unreachable,4,4,,4,lazy,Dijkstra · lazy heap,ok,,True,,0,551.625,544.917,556.084,736,1000,3,3,0,4,3,3,0,0,2,0,0,
052-sparse,"Sparse weighted graph (64, seed 43)",sparse,64,256,43,64,eager,Dijkstra · eager heap,ok,,True,283.0,3,68892.99242424243,68627.84090909091,68990.5303030303,9264,132,63,63,0,252,64,64,0,25,27,0,0,
051-maze_braided,Maze with loops · 24×24 rooms,maze_braided,1310,3022,29,24,depth_first,Exhaustive DFS,skipped,,False,,,,,,,,,,,,,,,,,,,Exhaustive DFS limited to V ≤ 11; factorial growth / recursion depth.
069-maze_braided,Maze with loops · 24×24 rooms,maze_braided,1314,3038,43,24,astar-zero,A* · zero,ok,,True,98.0,99,472059.5238095238,470134.90476190473,473069.4285714286,90008,21,1313,1313,0,3037,1314,1314,0,0,36,0,0,
015-grid_obstacles,Grid 16×12 · obstacles,grid_obstacles,150,442,17,16,astar-zero,A* · zero,ok,,True,17.0,18,42241.931937172776,42147.25130890052,42437.39267015707,12400,191,126,126,0,378,138,127,0,0,13,0,0,
073-streets,Vienna streets · route 1,streets,1865,2711,,1865,lazy,Dijkstra · lazy heap,ok,,True,2233.539414236698,125,505572.36842105264,504736.84210526315,511671.05263157893,167744,19,1674,1674,0,2426,1699,1693,18,0,42,0,0,
040-grid_obstacles,Grid 16×12 · obstacles,grid_obstacles,149,436,29,16,eager,Dijkstra · eager heap,ok,,True,15.0,16,97246.05263157895,97055.26315789473,98103.94736842105,12576,95,116,116,0,343,124,117,0,0,14,0,0,
082-grid_wall,Grid 24×16 · wall,grid_wall,369,1366,17,24,lazy,Dijkstra · lazy heap,ok,,True,33.0,34,100094.17708333333,100027.34375,100246.96875,30400,96,315,315,0,1169,325,316,0,0,20,0,0,
054-sparse,"Sparse weighted graph (1024, seed 43)",sparse,1024,4096,43,1024,depth_first,Exhaustive DFS,skipped,,False,,,,,,,,,,,,,,,,,,,Exhaustive DFS limited to V ≤ 11; factorial growth / recursion depth.
023-grid_open,Grid 64×48 · open,grid_open,3072,12064,17,64,eager,Dijkstra · eager heap,ok,,True,61.0,62,2852614.75,2851406.25,2863156.25,227144,4,2400,2400,0,9475,2448,2401,0,0,52,0,0,
026-grid_terrain,Grid 64×48 · terrain,grid_terrain,3072,12064,17,64,astar-manhattan,A* · manhattan,ok,,True,105.0,106,797104.1666666666,793826.3333333334,798565.9166666666,238080,12,1622,1622,0,6445,1834,1623,0,0,212,0,0,
077-game_dungeon,Dungeon pursuit · 16×16 rooms,game_dungeon,581,1340,17,16,astar-manhattan,A* · manhattan,ok,,True,64.0,65,111356.85882352942,111285.78823529412,111776.96470588235,33600,85,283,283,0,689,319,284,0,0,36,0,0,
016-grid_terrain,Grid 16×12 · terrain,grid_terrain,192,712,17,16,astar-euclidean,A* · euclidean,ok,,True,21.0,22,47736.11111111111,47658.8,47913.88888888889,19472,180,112,112,0,419,154,113,0,0,43,0,0,
066-maze_perfect,Perfect maze · 16×16 rooms,maze_perfect,511,1020,43,16,astar-zero,A* · zero,ok,,True,148.0,149,50747.19018404908,50600.969325153375,50790.128834355826,27936,163,196,196,0,393,199,197,0,0,3,0,0,
042-grid_obstacles,Grid 32×24 · obstacles,grid_obstacles,574,1632,29,32,eager,Dijkstra · eager heap,ok,,True,35.0,36,463047.36363636365,462742.45454545453,463505.6818181818,45000,22,476,476,0,1376,495,477,0,0,27,0,0,
003-complete,Complete graph (5),complete,5,20,,5,lazy,Dijkstra · lazy heap,ok,,True,1.0,2,1146.417,1136.208,1153.875,1096,1000,4,4,0,16,5,5,0,0,4,0,0,
074-streets,Vienna streets · route 2,streets,1865,2711,,1865,list,Dijkstra · list,ok,,True,2220.871685084125,94,768341.7,762408.4,771045.8,166157,10,1641,1641,0,2426,1675,1664,22,0,38,0,0,
033-maze_braided,Maze with loops · 24×24 rooms,maze_braided,1279,2894,17,24,lazy,Dijkstra · lazy heap,ok,,True,98.0,99,404103.26086956525,401036.2173913043,409755.4347826087,87968,23,1272,1272,0,2880,1277,1273,0,0,30,0,0,
025-grid_obstacles,Grid 64×48 · obstacles,grid_obstacles,2293,6734,17,64,depth_first,Exhaustive DFS,skipped,,False,,,,,,,,,,,,,,,,,,,Exhaustive DFS limited to V ≤ 11; factorial growth / recursion depth.
048-maze_perfect,Perfect maze · 16×16 rooms,maze_perfect,511,1020,29,16,lazy,Dijkstra · lazy heap,ok,,True,260.0,261,70836.09090909091,70103.65289256198,71228.65289256198,32376,121,318,318,0,637,321,319,0,0,4,0,0,
032-maze_perfect,Perfect maze · 24×24 rooms,maze_perfect,1151,2300,17,24,eager,Dijkstra · eager heap,ok,,True,460.0,461,369807.6923076923,368846.1538461539,372516.0,82896,26,739,739,0,1484,747,740,0,0,8,0,0,
024-grid_wall,Grid 64×48 · wall,grid_wall,3025,11782,17,64,eager,Dijkstra · eager heap,ok,,True,105.0,106,2969520.75,2961677.0,2974447.75,230152,4,2675,2675,0,10433,2701,2676,0,0,52,0,0,
010-dense,"Dense weighted graph (32, seed 17)",dense,32,992,17,32,list,Dijkstra · list,ok,,True,254.0,4,61649.94078947369,61608.27631578947,62131.85526315789,8853,152,31,31,0,961,82,80,48,0,64,0,0,
030-maze_perfect,Perfect maze · 16×16 rooms,maze_perfect,511,1020,17,16,lazy,Dijkstra · lazy heap,ok,,True,184.0,185,49996.52380952381,49882.93452380953,50074.15476190476,29008,168,229,229,0,458,231,230,0,0,5,0,0,
060-grid_obstacles,Grid 32×24 · obstacles,grid_obstacles,581,1696,43,32,astar-manhattan,A* · manhattan,ok,,True,33.0,34,43796.90285714286,43602.37714285714,44152.61714285714,24816,175,85,85,0,275,122,86,0,0,38,0,0,
043-grid_obstacles-diagonal,Grid 32×24 · obstacles-diagonal,grid_obstacles-diagonal,574,2452,29,32,astar-octile,A* · octile,ok,,True,32.65685424949238,32,44611.58620689655,44419.29885057471,44742.816091954024,24920,174,80,80,0,362,126,87,6,0,40,0,0,
059-grid_obstacles-diagonal,Grid 16×12 · obstacles-diagonal,grid_obstacles-diagonal,145,614,43,16,depth_first,Exhaustive DFS,skipped,,False,,,,,,,,,,,,,,,,,,,Exhaustive DFS limited to V ≤ 11; factorial growth / recursion depth.
047-maze_braided,Maze with loops · 8×8 rooms,maze_braided,149,360,29,8,astar-zero,A* · zero,ok,,True,28.0,29,44102.87628865979,43971.21649484536,44240.11855670103,12320,194,146,146,0,355,149,147,0,0,10,0,0,
038-dense,"Dense weighted graph (64, seed 29)",dense,64,4032,29,64,astar-zero,A* · zero,ok,,True,254.0,3,143014.2985074627,142618.14925373133,143281.71641791044,22480,67,63,63,0,3969,158,156,92,0,134,0,0,
050-maze_perfect,Perfect maze · 24×24 rooms,maze_perfect,1151,2300,29,24,astar-euclidean,A* · euclidean,ok,,True,512.0,513,222052.57142857142,221571.42857142858,222156.7619047619,82728,42,820,820,0,1642,824,821,0,0,6,0,0,
025-grid_obstacles,Grid 64×48 · obstacles,grid_obstacles,2293,6734,17,64,astar-zero,A* · zero,ok,,True,75.0,76,855184.0,851566.0,856975.6666666666,169080,12,2080,2080,0,6205,2104,2081,0,0,43,0,0,
066-maze_perfect,Perfect maze · 16×16 rooms,maze_perfect,511,1020,43,16,lazy,Dijkstra · lazy heap,ok,,True,148.0,149,43016.666666666664,42958.97435897436,43066.45641025641,27584,195,196,196,0,393,199,197,0,0,3,0,0,
043-grid_obstacles-diagonal,Grid 32×24 · obstacles-diagonal,grid_obstacles-diagonal,574,2452,29,32,list,Dijkstra · list,ok,,True,32.65685424949238,32,223749.04545454544,223414.77272727274,224080.47727272726,44053,44,481,481,0,2101,508,485,3,0,37,0,0,
070-queue_stress,Queue improvement stress (8),queue_stress,18,80,,8,astar-euclidean,A* · euclidean,ok,,True,41.0,4,19025.522041763343,19005.800464037122,19063.610208816706,10296,431,17,17,0,80,74,74,56,0,64,0,0,
041-grid_obstacles-diagonal,Grid 16×12 · obstacles-diagonal,grid_obstacles-diagonal,149,688,29,16,eager,Dijkstra · eager heap,ok,,True,13.82842712474619,14,107285.49382716049,106885.29629629629,107637.86419753087,12936,81,116,116,0,533,125,117,0,4,19,0,0,
075-streets,Vienna streets · route 3,streets,1865,2711,,1865,eager,Dijkstra · eager heap,ok,,True,901.46497070693,48,515381.5789473684,514712.7368421053,518964.8947368421,84584,19,530,530,0,819,553,531,0,7,25,0,0,
046-maze_perfect,Perfect maze · 8×8 rooms,maze_perfect,127,252,29,8,lazy,Dijkstra · lazy heap,ok,,True,88.0,89,25450.837370242214,25378.892733564015,25597.46366782007,11728,289,126,126,0,251,127,127,0,0,3,0,0,
024-grid_wall,Grid 64×48 · wall,grid_wall,3025,11782,17,64,astar-manhattan,A* · manhattan,ok,,True,105.0,106,977779.2,976937.5,990195.9,233800,10,2128,2128,0,8401,2274,2129,0,0,146,0,0,
049-maze_braided,Maze with loops · 16×16 rooms,maze_braided,577,1310,29,16,list,Dijkstra · list,ok,,True,66.0,67,185495.0980392157,184685.45098039217,185924.01960784313,43341,51,576,576,0,1309,577,577,0,0,22,0,0,
031-maze_braided,Maze with loops · 16×16 rooms,maze_braided,581,1340,17,16,list,Dijkstra · list,ok,,True,64.0,65,197454.08163265305,197185.3673469388,197750.0,43549,49,580,580,0,1338,581,581,0,0,24,0,0,
023-grid_open,Grid 64×48 · open,grid_open,3072,12064,17,64,lazy,Dijkstra · lazy heap,ok,,True,61.0,62,926799.2727272727,923829.5454545454,928227.2727272727,221824,11,2400,2400,0,9475,2448,2401,0,0,52,0,0,
053-sparse,"Sparse weighted graph (256, seed 43)",sparse,256,1024,43,256,list,Dijkstra · list,ok,,True,280.0,5,311602.875,311541.65625,311962.21875,30741,32,255,255,0,1020,324,324,68,0,138,0,0,
006-complete,Complete graph (11),complete,11,110,,11,depth_first,Exhaustive DFS,timeout,memory,True,1.0,2,285234625.0,282003875.0,286812083.0,,1,,,,,,,,,,,,Search exceeded 0.5 seconds
027-grid_obstacles-diagonal,Grid 64×48 · obstacles-diagonal,grid_obstacles-diagonal,2293,10490,17,64,eager,Dijkstra · eager heap,ok,,True,70.31370849898475,68,2552000.0,2548656.25,2569885.5,172936,4,2131,2131,0,9916,2167,2132,0,33,59,0,0,
078-game_dungeon,Dungeon pursuit · 24×24 rooms,game_dungeon,1279,2894,17,24,astar-manhattan,A* · manhattan,ok,,True,98.0,99,212530.55555555556,212122.22222222222,212837.97777777776,62696,45,508,508,0,1194,568,515,6,0,54,0,0,
045-grid_obstacles-diagonal,Grid 64×48 · obstacles-diagonal,grid_obstacles-diagonal,2247,9920,29,64,astar-euclidean,A* · euclidean,ok,,True,75.38477631085021,71,474127.05,473335.45,474477.1,122080,20,846,846,0,3883,1089,985,138,0,107,0,0,
034-sparse,"Sparse weighted graph (64, seed 29)",sparse,64,256,29,64,eager,Dijkstra · eager heap,ok,,True,272.0,5,86959.77586206897,71644.39655172414,91871.04310344828,9168,116,63,63,0,252,64,64,0,19,26,0,0,
072-queue_stress,Queue improvement stress (64),queue_stress,130,4224,,64,astar-euclidean,A* · euclidean,ok,,True,321.0,4,1623368.1666666667,1619597.1666666667,1626875.0,690904,6,129,129,0,4224,4162,4162,4032,0,4096,0,0,
030-maze_perfect,Perfect maze · 16×16 rooms,maze_perfect,511,1020,17,16,astar-euclidean,A* · euclidean,ok,,True,184.0,185,58981.21568627451,58770.42156862745,59359.48039215686,29272,102,228,228,0,456,230,229,0,0,4,0,0,
083-grid_open,Grid 24×16 · open,grid_open,384,1456,17,24,astar-euclidean,A* · euclidean,ok,,True,21.0,22,16563.617715617715,16517.191142191143,16610.722610722612,22176,429,21,21,0,84,65,22,0,0,44,0,0,
009-sparse,"Sparse weighted graph (1024, seed 17)",sparse,1024,4096,17,1024,lazy,Dijkstra · lazy heap,ok,,True,275.0,5,593484.375,591739.5625,595140.625,142088,16,1023,1023,0,4092,1310,1310,286,0,563,0,0,
082-grid_wall,Grid 24×16 · wall,grid_wall,369,1366,17,24,astar-zero,A* · zero,ok,,True,33.0,34,113966.675,113918.75,114063.025,31080,80,315,315,0,1169,325,316,0,0,20,0,0,
029-maze_braided,Maze with loops · 8×8 rooms,maze_braided,143,324,17,8,eager,Dijkstra · eager heap,ok,,True,28.0,29,98012.88659793814,97636.1649484536,98634.45360824742,12352,97,141,141,0,321,143,142,0,0,9,0,0,
076-game_dungeon,Dungeon pursuit · 8×8 rooms,game_dungeon,143,324,17,8,astar-manhattan,A* · manhattan,ok,,True,28.0,29,33917.37446808511,33865.24680851064,33995.391489361704,12072,235,109,109,0,251,119,110,0,0,13,0,0,
054-sparse,"Sparse weighted graph (1024, seed 43)",sparse,1024,4096,43,1024,astar-zero,A* · zero,ok,,True,286.0,8,655397.2,652611.1333333333,661422.2,160712,15,1023,1023,0,4092,1315,1315,291,0,574,0,0,
070-queue_stress,Queue improvement stress (8),queue_stress,18,80,,8,lazy,Dijkstra · lazy heap,ok,,True,41.0,4,17701.4192139738,17675.491266375546,17704.9672489083,7992,458,17,17,0,80,74,74,56,0,64,0,0,
017-grid_obstacles-diagonal,Grid 16×12 · obstacles-diagonal,grid_obstacles-diagonal,150,694,17,16,lazy,Dijkstra · lazy heap,ok,,True,15.242640687119286,15,45137.7688172043,44992.16129032258,45156.36021505376,12152,186,132,132,0,624,147,135,2,0,17,0,0,
022-grid_obstacles-diagonal,Grid 32×24 · obstacles-diagonal,grid_obstacles-diagonal,569,2508,17,32,depth_first,Exhaustive DFS,skipped,,False,,,,,,,,,,,,,,,,,,,Exhaustive DFS limited to V ≤ 11; factorial growth / recursion depth.
021-grid_terrain,Grid 32×24 · terrain,grid_terrain,768,2960,17,32,astar-manhattan,A* · manhattan,ok,,True,49.0,50,165871.33333333334,165717.84210526315,166288.73684210525,65512,57,360,360,0,1421,460,361,0,0,100,0,0,
073-streets,Vienna streets · route 1,streets,1865,2711,,1865,list,Dijkstra · list,ok,,True,2233.539414236698,125,773298.0769230769,772410.2307692308,778519.2307692308,166501,13,1674,1674,0,2426,1699,1693,18,0,42,0,0,
033-maze_braided,Maze with loops · 24×24 rooms,maze_braided,1279,2894,17,24,astar-euclidean,A* · euclidean,ok,,True,98.0,99,320162.037037037,319574.0740740741,320257.7037037037,87552,27,886,886,0,2047,917,887,0,0,39,0,0,
068-maze_perfect,Perfect maze · 24×24 rooms,maze_perfect,1151,2300,43,24,astar-zero,A* · zero,ok,,True,468.0,469,329250.0,328695.53846153844,329581.73076923075,89080,26,1143,1143,0,2286,1145,1144,0,0,8,0,0,
014-grid_wall,Grid 16×12 · wall,grid_wall,181,646,17,16,lazy,Dijkstra · lazy heap,ok,,True,21.0,22,44507.6387434555,44405.319371727746,44546.46596858639,15504,191,147,147,0,526,154,148,0,0,15,0,0,
045-grid_obstacles-diagonal,Grid 64×48 · obstacles-diagonal,grid_obstacles-diagonal,2247,9920,29,64,depth_first,Exhaustive DFS,skipped,,False,,,,,,,,,,,,,,,,,,,Exhaustive DFS limited to V ≤ 11; factorial growth / recursion depth.
009-sparse,"Sparse weighted graph (1024, seed 17)",sparse,1024,4096,17,1024,depth_first,Exhaustive DFS,skipped,,False,,,,,,,,,,,,,,,,,,,Exhaustive DFS limited to V ≤ 11; factorial growth / recursion depth.
042-grid_obstacles,Grid 32×24 · obstacles,grid_obstacles,574,1632,29,32,astar-euclidean,A* · euclidean,ok,,True,35.0,36,47173.35294117647,46482.40106951872,47760.69518716577,24160,187,113,113,0,322,140,114,0,0,28,0,0,
015-grid_obstacles,Grid 16×12 · obstacles,grid_obstacles,150,442,17,16,lazy,Dijkstra · lazy heap,ok,,True,17.0,18,37391.58823529412,37314.66968325792,37464.55203619909,11728,221,126,126,0,378,138,127,0,0,13,0,0,
020-grid_obstacles,Grid 32×24 · obstacles,grid_obstacles,569,1632,17,32,astar-manhattan,A* · manhattan,ok,,True,49.0,50,108568.0,108318.96551724138,108897.03448275862,35520,87,253,253,0,730,308,257,3,0,53,0,0,
072-queue_stress,Queue improvement stress (64),queue_stress,130,4224,,64,eager,Dijkstra · eager heap,ok,,True,321.0,4,861489.5833333334,859982.5833333334,865506.9166666666,25672,12,129,129,0,4224,130,130,0,4032,127,0,0,
007-sparse,"Sparse weighted graph (64, seed 17)",sparse,64,256,17,64,depth_first,Exhaustive DFS,skipped,,False,,,,,,,,,,,,,,,,,,,Exhaustive DFS limited to V ≤ 11; factorial growth / recursion depth.
067-maze_braided,Maze with loops · 16×16 rooms,maze_braided,591,1390,43,16,astar-zero,A* · zero,ok,,True,64.0,65,192676.68,192355.0,192794.16,44720,50,581,581,0,1369,584,582,0,0,24,0,0,
080-dense,"Dense weighted graph (12, seed 17)",dense,12,132,17,12,lazy,Dijkstra · lazy heap,ok,,True,256.0,3,6170.023760330579,6151.988636363636,6205.362603305785,3072,968,11,11,0,121,20,18,6,0,16,0,0,
080-dense,"Dense weighted graph (12, seed 17)",dense,12,132,17,12,astar-zero,A* · zero,ok,,True,256.0,3,6988.450171821306,6941.72394043528,7013.029782359679,3864,873,11,11,0,121,20,18,6,0,16,0,0,
011-dense,"Dense weighted graph (64, seed 17)",dense,64,4032,17,64,list,Dijkstra · list,ok,,True,252.0,2,247165.58974358975,244519.23076923078,248429.4871794872,18941,39,63,63,0,3969,178,178,114,0,149,0,0,
075-streets,Vienna streets · route 3,streets,1865,2711,,1865,list,Dijkstra · list,ok,,True,901.46497070693,48,222444.46153846153,221720.10256410256,227363.2564102564,82413,39,530,530,0,819,560,538,7,0,27,0,0,
026-grid_terrain,Grid 64×48 · terrain,grid_terrain,3072,12064,17,64,list,Dijkstra · list,ok,,True,105.0,106,2637458.5,2635916.75,2643698.0,335477,4,2943,2943,0,11552,3009,2944,0,0,132,0,0,
030-maze_perfect,Perfect maze · 16×16 rooms,maze_perfect,511,1020,17,16,astar-zero,A* · zero,ok,,True,184.0,185,59440.51724137931,59375.862068965514,59481.61379310345,29352,145,229,229,0,458,231,230,0,0,5,0,0,
013-grid_open,Grid 16×12 · open,grid_open,192,712,17,16,list,Dijkstra · list,ok,,True,13.0,14,47596.22651933702,47575.50276243094,47646.6408839779,15605,181,132,132,0,499,144,133,0,0,16,0,0,
060-grid_obstacles,Grid 32×24 · obstacles,grid_obstacles,581,1696,43,32,lazy,Dijkstra · lazy heap,ok,,True,33.0,34,145968.4193548387,145553.75806451612,146447.5806451613,43472,62,446,446,0,1340,463,447,0,0,25,0,0,
084-grid_obstacles,Grid 24×16 · obstacles,grid_obstacles,287,802,17,24,eager,Dijkstra · eager heap,ok,,True,25.0,26,220629.6222222222,219937.04444444444,221972.22222222222,22632,45,249,249,0,699,259,250,0,0,17,0,0,
067-maze_braided,Maze with loops · 16×16 rooms,maze_braided,591,1390,43,16,lazy,Dijkstra · lazy heap,ok,,True,64.0,65,170541.65454545454,170359.85454545455,171709.85454545455,44176,55,581,581,0,1369,584,582,0,0,24,0,0,
046-maze_perfect,Perfect maze · 8×8 rooms,maze_perfect,127,252,29,8,astar-zero,A* · zero,ok,,True,88.0,89,30846.41472868217,30826.387596899225,30873.383720930233,12056,258,126,126,0,251,127,127,0,0,3,0,0,
062-grid_obstacles,Grid 64×48 · obstacles,grid_obstacles,2294,6794,43,64,eager,Dijkstra · eager heap,ok,,True,77.0,78,2328800.0,2323491.8,2342516.6,170056,5,2107,2107,0,6332,2141,2108,0,0,49,0,0,
011-dense,"Dense weighted graph (64, seed 17)",dense,64,4032,17,64,astar-euclidean,A* · euclidean,ok,,True,252.0,2,151724.83018867925,151401.7358490566,151855.3396226415,25360,53,63,63,0,3969,180,180,116,0,155,0,0,
054-sparse,"Sparse weighted graph (1024, seed 43)",sparse,1024,4096,43,1024,astar-euclidean,A* · euclidean,ok,,True,286.0,8,603023.4375,601080.75,605130.1875,159368,16,1023,1023,0,4092,1312,1312,288,0,564,0,0,
067-maze_braided,Maze with loops · 16×16 rooms,maze_braided,591,1390,43,16,depth_first,Exhaustive DFS,skipped,,False,,,,,,,,,,,,,,,,,,,Exhaustive DFS limited to V ≤ 11; factorial growth / recursion depth.
020-grid_obstacles,Grid 32×24 · obstacles,grid_obstacles,569,1632,17,32,list,Dijkstra · list,ok,,True,49.0,50,191035.96078431373,190449.35294117648,191202.6274509804,42989,51,546,546,0,1589,549,547,0,0,22,0,0,
026-grid_terrain,Grid 64×48 · terrain,grid_terrain,3072,12064,17,64,depth_first,Exhaustive DFS,skipped,,False,,,,,,,,,,,,,,,,,,,Exhaustive DFS limited to V ≤ 11; factorial growth / recursion depth.
070-queue_stress,Queue improvement stress (8),queue_stress,18,80,,8,depth_first,Exhaustive DFS,skipped,,False,,,,,,,,,,,,,,,,,,,Exhaustive DFS limited to V ≤ 11; factorial growth / recursion depth.
048-maze_perfect,Perfect maze · 16×16 rooms,maze_perfect,511,1020,29,16,list,Dijkstra · list,ok,,True,260.0,261,78958.69298245614,78828.21929824562,79061.0350877193,32685,114,318,318,0,637,321,319,0,0,4,0,0,
062-grid_obstacles,Grid 64×48 · obstacles,grid_obstacles,2294,6794,43,64,astar-manhattan,A* · manhattan,ok,,True,77.0,78,329123.5,328779.75,329755.96428571426,123048,28,639,639,0,1989,783,676,36,0,108,0,0,
037-dense,"Dense weighted graph (32, seed 29)",dense,32,992,29,32,astar-euclidean,A* · euclidean,ok,,True,253.0,3,38210.1341991342,38065.2987012987,38242.06060606061,8784,231,31,31,0,961,59,57,25,0,47,0,0,
078-game_dungeon,Dungeon pursuit · 24×24 rooms,game_dungeon,1279,2894,17,24,lazy,Dijkstra · lazy heap,ok,,True,98.0,99,393431.68,393086.64,395205.0,87968,25,1272,1272,0,2880,1277,1273,0,0,30,0,0,
062-grid_obstacles,Grid 64×48 · obstacles,grid_obstacles,2294,6794,43,64,astar-euclidean,A* · euclidean,ok,,True,77.0,78,422697.0,422128.7727272727,423500.0,124376,22,958,958,0,2947,1050,959,0,0,117,0,0,
061-grid_obstacles-diagonal,Grid 32×24 · obstacles-diagonal,grid_obstacles-diagonal,581,2656,43,32,astar-euclidean,A* · euclidean,ok,,True,30.656854249492383,30,49427.514792899405,49373.27218934911,49463.01775147929,26584,169,84,84,0,456,138,88,3,0,52,0,0,
053-sparse,"Sparse weighted graph (256, seed 43)",sparse,256,1024,43,256,astar-zero,A* · zero,ok,,True,280.0,5,137897.0285714286,137738.6857142857,138439.2857142857,36736,70,255,255,0,1020,324,324,68,0,138,0,0,
087-maze_perfect,Perfect maze · 10×10 rooms,maze_perfect,199,396,17,10,astar-zero,A* · zero,ok,,True,88.0,89,27697.09543568465,27460.92531120332,27828.31950207469,15176,241,111,111,0,224,115,112,0,0,4,0,0,
051-maze_braided,Maze with loops · 24×24 rooms,maze_braided,1310,3022,29,24,astar-zero,A* · zero,ok,,True,100.0,101,457535.71428571426,456565.4761904762,460827.38095238095,88944,21,1301,1301,0,3003,1304,1302,0,0,28,0,0,
055-dense,"Dense weighted graph (32, seed 43)",dense,32,992,43,32,eager,Dijkstra · eager heap,ok,,True,253.0,3,61174.034013605444,61070.013605442175,61224.204081632655,6096,147,31,31,0,961,32,32,0,44,31,0,0,
083-grid_open,Grid 24×16 · open,grid_open,384,1456,17,24,eager,Dijkstra · eager heap,ok,,True,21.0,22,285823.82857142854,285530.97142857144,286234.54285714286,30872,35,288,288,0,1107,304,289,0,0,20,0,0,
057-dense,"Dense weighted graph (128, seed 43)",dense,128,16256,43,128,depth_first,Exhaustive DFS,skipped,,False,,,,,,,,,,,,,,,,,,,Exhaustive DFS limited to V ≤ 11; factorial growth / recursion depth.
055-dense,"Dense weighted graph (32, seed 43)",dense,32,992,43,32,list,Dijkstra · list,ok,,True,253.0,3,56734.63125,56518.23125,56937.75625,8389,160,31,31,0,961,76,75,43,0,59,0,0,
032-maze_perfect,Perfect maze · 24×24 rooms,maze_perfect,1151,2300,17,24,list,Dijkstra · list,ok,,True,460.0,461,186562.07843137256,186200.98039215687,186638.88235294117,82581,51,739,739,0,1484,747,740,0,0,8,0,0,
046-maze_perfect,Perfect maze · 8×8 rooms,maze_perfect,127,252,29,8,depth_first,Exhaustive DFS,skipped,,False,,,,,,,,,,,,,,,,,,,Exhaustive DFS limited to V ≤ 11; factorial growth / recursion depth.
003-complete,Complete graph (5),complete,5,20,,5,list,Dijkstra · list,ok,,True,1.0,2,1411.25,1403.292,1413.834,1533,1000,4,4,0,16,5,5,0,0,4,0,0,
035-sparse,"Sparse weighted graph (256, seed 29)",sparse,256,1024,29,256,astar-zero,A* · zero,ok,,True,295.0,10,147921.875,147793.625,147962.890625,38712,64,255,255,0,1020,345,345,89,0,146,0,0,
058-grid_obstacles,Grid 16×12 · obstacles,grid_obstacles,145,402,43,16,astar-zero,A* · zero,ok,,True,19.0,20,40289.49289099526,40253.156398104264,40348.34123222749,11904,211,123,123,0,354,127,124,0,0,11,0,0,
062-grid_obstacles,Grid 64×48 · obstacles,grid_obstacles,2294,6794,43,64,list,Dijkstra · list,ok,,True,77.0,78,1065137.5,1062533.3,1066870.8,166829,10,2107,2107,0,6332,2141,2108,0,0,49,0,0,
036-sparse,"Sparse weighted graph (1024, seed 29)",sparse,1024,4096,29,1024,astar-zero,A* · zero,ok,,True,306.0,9,643886.1333333333,641077.7333333333,645294.4666666667,158440,15,1023,1023,0,4092,1301,1300,276,0,563,0,0,
001-unreachable,Unreachable target,unreachable,4,4,,4,astar-zero,A* · zero,ok,,True,,0,720.25,711.0,724.333,1056,1000,3,3,0,4,3,3,0,0,2,0,0,
021-grid_terrain,Grid 32×24 · terrain,grid_terrain,768,2960,17,32,list,Dijkstra · list,ok,,True,49.0,50,404362.8333333333,403925.375,405218.75,86741,24,711,711,0,2736,745,712,0,0,64,0,0,
069-maze_braided,Maze with loops · 24×24 rooms,maze_braided,1314,3038,43,24,lazy,Dijkstra · lazy heap,ok,,True,98.0,99,417722.82608695654,415731.8695652174,418159.4347826087,89392,23,1313,1313,0,3037,1314,1314,0,0,36,0,0,
029-maze_braided,Maze with loops · 8×8 rooms,maze_braided,143,324,17,8,astar-manhattan,A* · manhattan,ok,,True,28.0,29,34071.17916666667,33925.69583333333,34121.183333333334,12072,240,109,109,0,251,119,110,0,0,13,0,0,
050-maze_perfect,Perfect maze · 24×24 rooms,maze_perfect,1151,2300,29,24,depth_first,Exhaustive DFS,skipped,,False,,,,,,,,,,,,,,,,,,,Exhaustive DFS limited to V ≤ 11; factorial growth / recursion depth.
025-grid_obstacles,Grid 64×48 · obstacles,grid_obstacles,2293,6734,17,64,eager,Dijkstra · eager heap,ok,,True,75.0,76,2318583.4,2314225.0,2333150.0,169560,5,2080,2080,0,6205,2104,2081,0,0,43,0,0,
046-maze_perfect,Perfect maze · 8×8 rooms,maze_perfect,127,252,29,8,astar-manhattan,A* · manhattan,ok,,True,88.0,89,29700.827205882353,29576.28676470588,29746.323529411766,11992,272,118,118,0,237,121,119,0,0,3,0,0,
035-sparse,"Sparse weighted graph (256, seed 29)",sparse,256,1024,29,256,eager,Dijkstra · eager heap,ok,,True,295.0,10,368796.2962962963,366879.6296296296,369141.962962963,36752,27,255,255,0,1020,256,256,0,89,110,0,0,
088-maze_braided,Maze with loops · 10×10 rooms,maze_braided,216,476,17,10,lazy,Dijkstra · lazy heap,ok,,True,56.0,57,44917.4131736527,44765.71856287425,45122.00598802395,21592,167,179,179,0,389,185,180,0,0,11,0,0,
081-queue_stress,Queue improvement stress (4),queue_stress,10,24,,4,list,Dijkstra · list,ok,,True,21.0,4,5414.5,5392.75,5432.75,2997,1000,9,9,0,24,22,22,12,0,16,0,0,
019-grid_wall,Grid 32×24 · wall,grid_wall,745,2822,17,32,eager,Dijkstra · eager heap,ok,,True,49.0,50,613068.6470588235,611860.2941176471,614955.8823529412,59880,17,641,641,0,2433,655,642,0,0,28,0,0,
015-grid_obstacles,Grid 16×12 · obstacles,grid_obstacles,150,442,17,16,eager,Dijkstra · eager heap,ok,,True,17.0,18,105419.34615384616,105160.2564102564,106035.79487179487,12712,78,126,126,0,378,138,127,0,0,13,0,0,
065-maze_braided,Maze with loops · 8×8 rooms,maze_braided,147,350,43,8,astar-euclidean,A* · euclidean,ok,,True,30.0,31,31284.719298245614,31192.25,31388.890350877195,11880,228,103,103,0,247,110,104,0,0,12,0,0,
077-game_dungeon,Dungeon pursuit · 16×16 rooms,game_dungeon,581,1340,17,16,depth_first,Exhaustive DFS,skipped,,False,,,,,,,,,,,,,,,,,,,Exhaustive DFS limited to V ≤ 11; factorial growth / recursion depth.
035-sparse,"Sparse weighted graph (256, seed 29)",sparse,256,1024,29,256,astar-euclidean,A* · euclidean,ok,,True,295.0,10,139616.39682539683,139290.3492063492,139880.3015873016,38336,63,255,255,0,1020,345,345,89,0,145,0,0,
021-grid_terrain,Grid 32×24 · terrain,grid_terrain,768,2960,17,32,depth_first,Exhaustive DFS,skipped,,False,,,,,,,,,,,,,,,,,,,Exhaustive DFS limited to V ≤ 11; factorial growth / recursion depth.
068-maze_perfect,Perfect maze · 24×24 rooms,maze_perfect,1151,2300,43,24,astar-manhattan,A* · manhattan,ok,,True,468.0,469,314764.77419354836,313584.67741935485,315310.48387096776,87376,31,1048,1048,0,2102,1056,1049,0,0,10,0,0,
014-grid_wall,Grid 16×12 · wall,grid_wall,181,646,17,16,astar-manhattan,A* · manhattan,ok,,True,21.0,22,42353.65853658537,42210.770731707315,42581.30243902439,17640,205,100,100,0,379,132,101,0,0,32,0,0,
057-dense,"Dense weighted graph (128, seed 43)",dense,128,16256,43,128,astar-euclidean,A* · euclidean,ok,,True,253.0,4,523473.6842105263,521997.7894736842,524241.2105263158,51896,19,127,127,0,16129,348,347,219,0,305,0,0,
044-grid_obstacles,Grid 64×48 · obstacles,grid_obstacles,2247,6460,29,64,list,Dijkstra · list,ok,,True,83.0,84,1039512.5,1036862.5,1044491.7,166893,10,2087,2087,0,6064,2122,2088,0,0,48,0,0,
060-grid_obstacles,Grid 32×24 · obstacles,grid_obstacles,581,1696,43,32,astar-euclidean,A* · euclidean,ok,,True,33.0,34,50673.53048780488,50603.90853658537,50826.21951219512,25640,164,113,113,0,362,152,114,0,0,39,0,0,
088-maze_braided,Maze with loops · 10×10 rooms,maze_braided,216,476,17,10,astar-euclidean,A* · euclidean,ok,,True,56.0,57,33332.60698689956,33300.5807860262,33378.45414847162,15680,229,113,113,0,246,123,114,0,0,11,0,0,
018-grid_open,Grid 32×24 · open,grid_open,768,2960,17,32,astar-manhattan,A* · manhattan,ok,,True,29.0,30,27104.965156794424,27086.526132404182,27122.82229965157,39936,287,29,29,0,116,89,30,0,0,60,0,0,
070-queue_stress,Queue improvement stress (8),queue_stress,18,80,,8,eager,Dijkstra · eager heap,ok,,True,41.0,4,22003.777472527472,21997.365384615383,22083.447802197803,3512,364,17,17,0,80,18,18,0,56,15,0,0,
000-small_weighted,Main weighted graph,small_weighted,9,14,,9,lazy,Dijkstra · lazy heap,ok,,True,8.0,5,2387.583,2376.542,2409.917,1792,1000,8,8,0,14,13,11,2,0,6,0,0,
034-sparse,"Sparse weighted graph (64, seed 29)",sparse,64,256,29,64,astar-zero,A* · zero,ok,,True,272.0,5,28187.429065743945,28139.41868512111,28272.7785467128,9592,289,63,63,0,252,83,83,19,0,38,0,0,
041-grid_obstacles-diagonal,Grid 16×12 · obstacles-diagonal,grid_obstacles-diagonal,149,688,29,16,astar-euclidean,A* · euclidean,ok,,True,13.82842712474619,14,10620.497427101202,10574.185248713551,10645.368782161235,8328,583,18,18,0,88,39,19,0,0,21,0,0,
005-complete,Complete graph (9),complete,9,72,,9,lazy,Dijkstra · lazy heap,ok,,True,1.0,2,2961.041,2938.416,2968.834,1776,1000,8,8,0,64,9,9,0,0,8,0,0,
087-maze_perfect,Perfect maze · 10×10 rooms,maze_perfect,199,396,17,10,astar-manhattan,A* · manhattan,ok,,True,88.0,89,24956.369565217392,24579.409420289856,25072.16304347826,14712,276,96,96,0,193,99,97,0,0,3,0,0,
014-grid_wall,Grid 16×12 · wall,grid_wall,181,646,17,16,eager,Dijkstra · eager heap,ok,,True,21.0,22,122607.3,122496.875,122852.6,16120,80,147,147,0,526,154,148,0,0,15,0,0,
022-grid_obstacles-diagonal,Grid 32×24 · obstacles-diagonal,grid_obstacles-diagonal,569,2508,17,32,astar-euclidean,A* · euclidean,ok,,True,43.142135623730944,40,164066.8103448276,163584.05172413794,164295.25862068965,50232,58,349,349,0,1559,429,382,32,0,61,0,0,
080-dense,"Dense weighted graph (12, seed 17)",dense,12,132,17,12,depth_first,Exhaustive DFS,skipped,,False,,,,,,,,,,,,,,,,,,,Exhaustive DFS limited to V ≤ 11; factorial growth / recursion depth.
021-grid_terrain,Grid 32×24 · terrain,grid_terrain,768,2960,17,32,astar-zero,A* · zero,ok,,True,49.0,50,299333.3333333333,298702.0,299785.36363636365,90880,33,711,711,0,2736,745,712,0,0,64,0,0,
003-complete,Complete graph (5),complete,5,20,,5,eager,Dijkstra · eager heap,ok,,True,1.0,2,2386.208,2376.416,2406.667,1312,1000,4,4,0,16,5,5,0,0,4,0,0,
010-dense,"Dense weighted graph (32, seed 17)",dense,32,992,17,32,astar-zero,A* · zero,ok,,True,254.0,4,45550.97461928934,45523.68527918782,45585.02538071066,11224,197,31,31,0,961,82,80,48,0,64,0,0,
050-maze_perfect,Perfect maze · 24×24 rooms,maze_perfect,1151,2300,29,24,astar-manhattan,A* · manhattan,ok,,True,512.0,513,235070.1219512195,234510.17073170733,235216.46341463414,82896,41,816,816,0,1634,820,817,0,0,7,0,0,
084-grid_obstacles,Grid 24×16 · obstacles,grid_obstacles,287,802,17,24,astar-euclidean,A* · euclidean,ok,,True,25.0,26,35482.00881057269,35401.06167400881,35611.78414096916,18592,227,81,81,0,243,122,82,0,0,41,0,0,
023-grid_open,Grid 64×48 · open,grid_open,3072,12064,17,64,astar-euclidean,A* · euclidean,ok,,True,61.0,62,72772.98130841121,72389.01869158879,72975.85981308411,131152,107,61,61,0,244,185,62,0,0,124,0,0,
019-grid_wall,Grid 32×24 · wall,grid_wall,745,2822,17,32,list,Dijkstra · list,ok,,True,49.0,50,248648.95,248277.1,248815.625,58405,40,641,641,0,2433,655,642,0,0,28,0,0,
027-grid_obstacles-diagonal,Grid 64×48 · obstacles-diagonal,grid_obstacles-diagonal,2293,10490,17,64,astar-octile,A* · octile,ok,,True,70.31370849898475,68,335904.3333333333,332799.3703703704,338007.7037037037,102656,27,549,530,19,2649,743,614,64,0,139,0,0,
035-sparse,"Sparse weighted graph (256, seed 29)",sparse,256,1024,29,256,list,Dijkstra · list,ok,,True,295.0,10,338771.5517241379,338208.3448275862,339109.1724137931,31589,29,255,255,0,1020,345,345,89,0,146,0,0,
049-maze_braided,Maze with loops · 16×16 rooms,maze_braided,577,1310,29,16,depth_first,Exhaustive DFS,skipped,,False,,,,,,,,,,,,,,,,,,,Exhaustive DFS limited to V ≤ 11; factorial growth / recursion depth.
011-dense,"Dense weighted graph (64, seed 17)",dense,64,4032,17,64,lazy,Dijkstra · lazy heap,ok,,True,252.0,2,143771.484375,143615.890625,144470.703125,19664,64,63,63,0,3969,178,178,114,0,149,0,0,
058-grid_obstacles,Grid 16×12 · obstacles,grid_obstacles,145,402,43,16,depth_first,Exhaustive DFS,skipped,,False,,,,,,,,,,,,,,,,,,,Exhaustive DFS limited to V ≤ 11; factorial growth / recursion depth.
048-maze_perfect,Perfect maze · 16×16 rooms,maze_perfect,511,1020,29,16,astar-zero,A* · zero,ok,,True,260.0,261,82796.67,82092.5,106185.42,32736,100,318,318,0,637,321,319,0,0,4,0,0,
064-maze_perfect,Perfect maze · 8×8 rooms,maze_perfect,127,252,43,8,lazy,Dijkstra · lazy heap,ok,,True,40.0,41,9405.412915851271,9383.317025440314,9511.497064579256,7272,511,43,43,0,86,45,44,0,0,2,0,0,
015-grid_obstacles,Grid 16×12 · obstacles,grid_obstacles,150,442,17,16,astar-manhattan,A* · manhattan,ok,,True,17.0,18,20631.172839506173,20514.01851851852,21044.753086419754,9976,324,46,46,0,145,68,47,0,0,22,0,0,
051-maze_braided,Maze with loops · 24×24 rooms,maze_braided,1310,3022,29,24,astar-manhattan,A* · manhattan,ok,,True,100.0,101,310571.8275862069,309681.0344827586,313265.7931034483,89528,29,722,722,0,1709,792,739,16,0,55,0,0,
011-dense,"Dense weighted graph (64, seed 17)",dense,64,4032,17,64,eager,Dijkstra · eager heap,ok,,True,252.0,2,201764.82222222222,201429.6222222222,202091.66666666666,11680,45,63,63,0,3969,64,64,0,114,63,0,0,
072-queue_stress,Queue improvement stress (64),queue_stress,130,4224,,64,depth_first,Exhaustive DFS,skipped,,False,,,,,,,,,,,,,,,,,,,Exhaustive DFS limited to V ≤ 11; factorial growth / recursion depth.
068-maze_perfect,Perfect maze · 24×24 rooms,maze_perfect,1151,2300,43,24,eager,Dijkstra · eager heap,ok,,True,468.0,469,684380.5333333333,684219.4,685297.2,89016,15,1143,1143,0,2286,1145,1144,0,0,8,0,0,
004-complete,Complete graph (7),complete,7,42,,7,depth_first,Exhaustive DFS,ok,,True,1.0,2,81266.98461538462,80973.4,81723.07692307692,2242,130,326,6,0,1956,0,0,0,0,0,652,7,
057-dense,"Dense weighted graph (128, seed 43)",dense,128,16256,43,128,lazy,Dijkstra · lazy heap,ok,,True,253.0,4,515000.0,512050.4210526316,516311.4210526316,44192,19,127,127,0,16129,357,356,228,0,317,0,0,
039-dense,"Dense weighted graph (128, seed 29)",dense,128,16256,29,128,eager,Dijkstra · eager heap,ok,,True,251.0,2,641807.3125,637804.6875,648481.75,25680,16,127,127,0,16129,128,128,0,238,127,0,0,
057-dense,"Dense weighted graph (128, seed 43)",dense,128,16256,43,128,list,Dijkstra · list,ok,,True,253.0,4,983908.3,981829.1,984829.2,39053,10,127,127,0,16129,357,356,228,0,317,0,0,
052-sparse,"Sparse weighted graph (64, seed 43)",sparse,64,256,43,64,lazy,Dijkstra · lazy heap,ok,,True,283.0,3,26133.47213114754,26090.708196721313,26170.21967213115,8408,305,63,63,0,252,89,89,25,0,39,0,0,
024-grid_wall,Grid 64×48 · wall,grid_wall,3025,11782,17,64,depth_first,Exhaustive DFS,skipped,,False,,,,,,,,,,,,,,,,,,,Exhaustive DFS limited to V ≤ 11; factorial growth / recursion depth.
071-queue_stress,Queue improvement stress (24),queue_stress,50,624,,24,lazy,Dijkstra · lazy heap,ok,,True,121.0,4,185531.45283018867,185219.3396226415,185769.64150943398,75032,53,49,49,0,624,602,602,552,0,576,0,0,
085-grid_terrain,Grid 24×16 · terrain,grid_terrain,384,1456,17,24,list,Dijkstra · list,ok,,True,33.0,34,166350.2711864407,166026.13559322033,166482.35593220338,44685,59,350,350,0,1324,374,351,0,0,43,0,0,
031-maze_braided,Maze with loops · 16×16 rooms,maze_braided,581,1340,17,16,astar-zero,A* · zero,ok,,True,64.0,65,195721.08163265305,195338.44897959183,195999.14285714287,44648,49,580,580,0,1338,581,581,0,0,24,0,0,
065-maze_braided,Maze with loops · 8×8 rooms,maze_braided,147,350,43,8,list,Dijkstra · list,ok,,True,30.0,31,37806.991031390135,37711.69955156951,37902.27802690583,12261,223,143,143,0,342,146,144,0,0,11,0,0,
031-maze_braided,Maze with loops · 16×16 rooms,maze_braided,581,1340,17,16,astar-euclidean,A* · euclidean,ok,,True,64.0,65,132849.3,131770.83333333334,133342.36666666667,44944,60,374,374,0,895,396,376,1,0,26,0,0,
062-grid_obstacles,Grid 64×48 · obstacles,grid_obstacles,2294,6794,43,64,depth_first,Exhaustive DFS,skipped,,False,,,,,,,,,,,,,,,,,,,Exhaustive DFS limited to V ≤ 11; factorial growth / recursion depth.
087-maze_perfect,Perfect maze · 10×10 rooms,maze_perfect,199,396,17,10,astar-euclidean,A* · euclidean,ok,,True,88.0,89,23259.604361370715,23208.981308411214,23270.769470404983,14712,321,96,96,0,193,99,97,0,0,3,0,0,
079-sparse,"Sparse weighted graph (18, seed 17)",sparse,18,72,17,18,astar-zero,A* · zero,ok,,True,266.0,3,5865.276401564537,5859.136897001304,5921.501955671447,2848,767,17,17,0,68,20,20,2,0,8,0,0,
016-grid_terrain,Grid 16×12 · terrain,grid_terrain,192,712,17,16,astar-manhattan,A* · manhattan,ok,,True,21.0,22,35569.68995633188,35453.60262008734,35702.68995633188,18736,229,75,75,0,293,119,76,0,0,44,0,0,
063-grid_obstacles-diagonal,Grid 64×48 · obstacles-diagonal,grid_obstacles-diagonal,2294,10754,43,64,eager,Dijkstra · eager heap,ok,,True,71.14213562373094,68,2547395.75,2541250.0,2567364.75,173528,4,2144,2144,0,10234,2190,2145,0,25,64,0,0,
020-grid_obstacles,Grid 32×24 · obstacles,grid_obstacles,569,1632,17,32,depth_first,Exhaustive DFS,skipped,,False,,,,,,,,,,,,,,,,,,,Exhaustive DFS limited to V ≤ 11; factorial growth / recursion depth.
012-dense,"Dense weighted graph (128, seed 17)",dense,128,16256,17,128,depth_first,Exhaustive DFS,skipped,,False,,,,,,,,,,,,,,,,,,,Exhaustive DFS limited to V ≤ 11; factorial growth / recursion depth.
084-grid_obstacles,Grid 24×16 · obstacles,grid_obstacles,287,802,17,24,depth_first,Exhaustive DFS,skipped,,False,,,,,,,,,,,,,,,,,,,Exhaustive DFS limited to V ≤ 11; factorial growth / recursion depth.
028-maze_perfect,Perfect maze · 8×8 rooms,maze_perfect,127,252,17,8,astar-zero,A* · zero,ok,,True,64.0,65,18436.324324324323,18375.20393120393,18600.12285012285,8696,407,73,73,0,146,75,74,0,0,2,0,0,
058-grid_obstacles,Grid 16×12 · obstacles,grid_obstacles,145,402,43,16,astar-manhattan,A* · manhattan,ok,,True,19.0,20,19868.73834196891,19853.088082901555,19933.613989637306,9128,386,50,50,0,145,65,51,0,0,15,0,0,
017-grid_obstacles-diagonal,Grid 16×12 · obstacles-diagonal,grid_obstacles-diagonal,150,694,17,16,eager,Dijkstra · eager heap,ok,,True,15.242640687119286,15,121722.7564102564,121395.30769230769,122264.42307692308,13104,78,132,132,0,624,145,133,0,2,17,0,0,
089-game_dungeon,Dungeon pursuit · 10×10 rooms,game_dungeon,216,476,17,10,eager,Dijkstra · eager heap,ok,,True,56.0,57,120293.20987654322,120102.37037037036,120428.50617283951,22328,81,179,179,0,389,185,180,0,0,11,0,0,
032-maze_perfect,Perfect maze · 24×24 rooms,maze_perfect,1151,2300,17,24,depth_first,Exhaustive DFS,skipped,,False,,,,,,,,,,,,,,,,,,,Exhaustive DFS limited to V ≤ 11; factorial growth / recursion depth.
074-streets,Vienna streets · route 2,streets,1865,2711,,1865,depth_first,Exhaustive DFS,skipped,,False,,,,,,,,,,,,,,,,,,,Exhaustive DFS limited to V ≤ 11; factorial growth / recursion depth.
034-sparse,"Sparse weighted graph (64, seed 29)",sparse,64,256,29,64,depth_first,Exhaustive DFS,skipped,,False,,,,,,,,,,,,,,,,,,,Exhaustive DFS limited to V ≤ 11; factorial growth / recursion depth.
000-small_weighted,Main weighted graph,small_weighted,9,14,,9,astar-manhattan,A* · manhattan,ok,,True,8.0,5,2028.417,2027.291,2052.833,1984,1000,4,4,0,10,10,5,0,0,6,0,0,
008-sparse,"Sparse weighted graph (256, seed 17)",sparse,256,1024,17,256,list,Dijkstra · list,ok,,True,269.0,5,319613.86666666664,319505.56666666665,320040.3,31397,30,255,255,0,1020,327,327,71,0,146,0,0,
027-grid_obstacles-diagonal,Grid 64×48 · obstacles-diagonal,grid_obstacles-diagonal,2293,10490,17,64,list,Dijkstra · list,ok,,True,70.31370849898475,68,1358541.625,1356062.5,1362489.625,167509,8,2131,2131,0,9916,2200,2164,32,0,60,0,0,
002-reopening,A* reopening,reopening,4,4,,4,astar-inconsistent,A* · inconsistent,ok,,True,5.0,4,1224.375,1221.875,1228.041,1320,1000,4,3,1,5,6,5,0,0,2,0,0,
005-complete,Complete graph (9),complete,9,72,,9,depth_first,Exhaustive DFS,ok,,True,1.0,2,3698902.6666666665,3685694.3333333335,3719958.3333333335,2450,3,13700,8,0,109600,0,0,0,0,0,27400,9,
040-grid_obstacles,Grid 16×12 · obstacles,grid_obstacles,149,436,29,16,depth_first,Exhaustive DFS,skipped,,False,,,,,,,,,,,,,,,,,,,Exhaustive DFS limited to V ≤ 11; factorial growth / recursion depth.
004-complete,Complete graph (7),complete,7,42,,7,astar-euclidean,A* · euclidean,ok,,True,1.0,2,1267.542,1261.959,1273.25,2072,1000,1,1,0,6,7,2,0,0,6,0,0,
022-grid_obstacles-diagonal,Grid 32×24 · obstacles-diagonal,grid_obstacles-diagonal,569,2508,17,32,list,Dijkstra · list,ok,,True,43.142135623730944,40,240123.95,239954.175,240682.3,43629,40,546,546,0,2451,558,556,9,0,31,0,0,
055-dense,"Dense weighted graph (32, seed 43)",dense,32,992,43,32,astar-euclidean,A* · euclidean,ok,,True,253.0,4,41559.18691588785,41481.30841121495,41645.056074766355,10384,214,31,31,0,961,72,71,39,0,58,0,0,
003-complete,Complete graph (5),complete,5,20,,5,depth_first,Exhaustive DFS,ok,,True,1.0,2,4296.791,4267.916,4328.292,2066,1000,16,4,0,64,0,0,0,0,0,32,5,
079-sparse,"Sparse weighted graph (18, seed 17)",sparse,18,72,17,18,eager,Dijkstra · eager heap,ok,,True,266.0,3,13153.270216962525,13125.905325443788,13206.11439842209,3000,507,17,17,0,68,18,18,0,2,8,0,0,
089-game_dungeon,Dungeon pursuit · 10×10 rooms,game_dungeon,216,476,17,10,lazy,Dijkstra · lazy heap,ok,,True,56.0,57,45980.31318681319,45959.02197802198,46101.64835164835,21592,182,179,179,0,389,185,180,0,0,11,0,0,
022-grid_obstacles-diagonal,Grid 32×24 · obstacles-diagonal,grid_obstacles-diagonal,569,2508,17,32,astar-zero,A* · zero,ok,,True,43.142135623730944,40,221268.41860465117,220608.53488372092,221592.0465116279,44880,43,546,546,0,2451,558,556,9,0,31,0,0,
077-game_dungeon,Dungeon pursuit · 16×16 rooms,game_dungeon,581,1340,17,16,lazy,Dijkstra · lazy heap,ok,,True,64.0,65,172917.43636363637,172853.0181818182,173196.21818181817,44040,55,580,580,0,1338,581,581,0,0,24,0,0,
086-grid_obstacles-diagonal,Grid 24×16 · obstacles-diagonal,grid_obstacles-diagonal,287,1166,17,24,astar-octile,A* · octile,ok,,True,23.242640687119284,23,23836.09271523179,23776.21523178808,24002.48344370861,13944,302,45,45,0,193,73,47,1,0,27,0,0,
069-maze_braided,Maze with loops · 24×24 rooms,maze_braided,1314,3038,43,24,astar-euclidean,A* · euclidean,ok,,True,98.0,99,396511.64,395675.0,398626.68,87088,25,1086,1086,0,2524,1111,1088,1,0,39,0,0,
025-grid_obstacles,Grid 64×48 · obstacles,grid_obstacles,2293,6734,17,64,astar-manhattan,A* · manhattan,ok,,True,75.0,76,253165.57894736843,252366.2105263158,253593.2105263158,92912,38,509,509,0,1527,604,524,14,0,82,0,0,
065-maze_braided,Maze with loops · 8×8 rooms,maze_braided,147,350,43,8,depth_first,Exhaustive DFS,skipped,,False,,,,,,,,,,,,,,,,,,,Exhaustive DFS limited to V ≤ 11; factorial growth / recursion depth.
046-maze_perfect,Perfect maze · 8×8 rooms,maze_perfect,127,252,29,8,eager,Dijkstra · eager heap,ok,,True,88.0,89,53250.0,52760.479041916165,53304.64071856288,12064,167,126,126,0,251,127,127,0,0,3,0,0,
018-grid_open,Grid 32×24 · open,grid_open,768,2960,17,32,astar-zero,A* · zero,ok,,True,29.0,30,227325.58139534883,227035.86046511628,227531.97674418605,58584,43,576,576,0,2243,600,577,0,0,28,0,0,
039-dense,"Dense weighted graph (128, seed 29)",dense,128,16256,29,128,astar-euclidean,A* · euclidean,ok,,True,251.0,2,530819.4444444445,529745.3333333334,531895.8333333334,56736,18,127,127,0,16129,365,365,237,0,337,0,0,
056-dense,"Dense weighted graph (64, seed 43)",dense,64,4032,43,64,astar-euclidean,A* · euclidean,ok,,True,253.0,3,144197.44615384616,143847.43076923076,144585.26153846155,23664,65,63,63,0,3969,168,166,102,0,144,0,0,
020-grid_obstacles,Grid 32×24 · obstacles,grid_obstacles,569,1632,17,32,astar-euclidean,A* · euclidean,ok,,True,49.0,50,160913.13559322033,160855.93220338982,161358.74576271186,46856,59,416,416,0,1229,465,417,0,0,49,0,0,
036-sparse,"Sparse weighted graph (1024, seed 29)",sparse,1024,4096,29,1024,depth_first,Exhaustive DFS,skipped,,False,,,,,,,,,,,,,,,,,,,Exhaustive DFS limited to V ≤ 11; factorial growth / recursion depth.
000-small_weighted,Main weighted graph,small_weighted,9,14,,9,astar-zero,A* · zero,ok,,True,8.0,5,2947.375,2935.833,2969.25,2264,1000,8,8,0,14,13,11,2,0,6,0,0,
041-grid_obstacles-diagonal,Grid 16×12 · obstacles-diagonal,grid_obstacles-diagonal,149,688,29,16,lazy,Dijkstra · lazy heap,ok,,True,13.82842712474619,14,39717.74193548387,39443.102150537634,39791.666666666664,11952,186,116,116,0,533,129,121,4,0,19,0,0,
080-dense,"Dense weighted graph (12, seed 17)",dense,12,132,17,12,astar-euclidean,A* · euclidean,ok,,True,256.0,3,6996.2431791221825,6982.0094899169635,7135.083036773428,3840,843,11,11,0,121,20,18,6,0,16,0,0,
038-dense,"Dense weighted graph (64, seed 29)",dense,64,4032,29,64,depth_first,Exhaustive DFS,skipped,,False,,,,,,,,,,,,,,,,,,,Exhaustive DFS limited to V ≤ 11; factorial growth / recursion depth.
002-reopening,A* reopening,reopening,4,4,,4,eager,Dijkstra · eager heap,ok,,True,5.0,4,1662.459,1634.959,1668.792,1136,1000,3,3,0,4,4,4,0,1,2,0,0,
021-grid_terrain,Grid 32×24 · terrain,grid_terrain,768,2960,17,32,lazy,Dijkstra · lazy heap,ok,,True,49.0,50,264492.64705882355,264350.5,265174.0294117647,88864,34,711,711,0,2736,745,712,0,0,64,0,0,
041-grid_obstacles-diagonal,Grid 16×12 · obstacles-diagonal,grid_obstacles-diagonal,149,688,29,16,astar-zero,A* · zero,ok,,True,13.82842712474619,14,46032.88108108108,45907.43243243243,46050.44864864865,12672,185,116,116,0,533,129,121,4,0,19,0,0,
045-grid_obstacles-diagonal,Grid 64×48 · obstacles-diagonal,grid_obstacles-diagonal,2247,9920,29,64,astar-octile,A* · octile,ok,,True,75.38477631085021,71,394211.7916666667,392902.7916666667,395156.25,122920,24,647,645,2,2952,878,773,125,0,106,0,0,
071-queue_stress,Queue improvement stress (24),queue_stress,50,624,,24,eager,Dijkstra · eager heap,ok,,True,121.0,4,140037.54929577466,139127.338028169,140309.85915492958,10872,71,49,49,0,624,50,50,0,552,47,0,0,
029-maze_braided,Maze with loops · 8×8 rooms,maze_braided,143,324,17,8,list,Dijkstra · list,ok,,True,28.0,29,37012.59111111111,36905.555555555555,37123.515555555554,12013,225,141,141,0,321,143,142,0,0,9,0,0,
037-dense,"Dense weighted graph (32, seed 29)",dense,32,992,29,32,list,Dijkstra · list,ok,,True,253.0,3,48838.48387096774,48738.80107526882,48939.73655913978,7653,186,31,31,0,961,67,64,32,0,52,0,0,
006-complete,Complete graph (11),complete,11,110,,11,eager,Dijkstra · eager heap,ok,,True,1.0,2,8285.636842105263,8209.101315789474,8300.713157894737,2584,760,10,10,0,100,11,11,0,0,10,0,0,
056-dense,"Dense weighted graph (64, seed 43)",dense,64,4032,43,64,depth_first,Exhaustive DFS,skipped,,False,,,,,,,,,,,,,,,,,,,Exhaustive DFS limited to V ≤ 11; factorial growth / recursion depth.
018-grid_open,Grid 32×24 · open,grid_open,768,2960,17,32,eager,Dijkstra · eager heap,ok,,True,29.0,30,608504.8823529412,606482.8235294118,610115.1764705882,59208,17,576,576,0,2243,600,577,0,0,28,0,0,
055-dense,"Dense weighted graph (32, seed 43)",dense,32,992,43,32,lazy,Dijkstra · lazy heap,ok,,True,253.0,3,40238.62037037037,40211.03240740741,40277.58796296296,8392,216,31,31,0,961,76,75,43,0,59,0,0,
086-grid_obstacles-diagonal,Grid 24×16 · obstacles-diagonal,grid_obstacles-diagonal,287,1166,17,24,lazy,Dijkstra · lazy heap,ok,,True,23.242640687119284,23,88567.71153846153,88536.05769230769,88569.71153846153,22496,104,258,258,0,1064,276,265,6,0,22,0,0,
046-maze_perfect,Perfect maze · 8×8 rooms,maze_perfect,127,252,29,8,list,Dijkstra · list,ok,,True,88.0,89,29745.980694980695,29724.741312741313,29914.092664092663,12173,259,126,126,0,251,127,127,0,0,3,0,0,
012-dense,"Dense weighted graph (128, seed 17)",dense,128,16256,17,128,list,Dijkstra · list,ok,,True,253.0,3,1077150.0,1072716.7,1078045.8,42101,10,127,127,0,16129,393,390,262,0,351,0,0,
067-maze_braided,Maze with loops · 16×16 rooms,maze_braided,591,1390,43,16,list,Dijkstra · list,ok,,True,64.0,65,189231.77083333334,188347.20833333334,191922.75,43653,48,581,581,0,1369,584,582,0,0,24,0,0,
049-maze_braided,Maze with loops · 16×16 rooms,maze_braided,577,1310,29,16,lazy,Dijkstra · lazy heap,ok,,True,66.0,67,164064.25423728814,163826.2711864407,164488.0,43784,59,576,576,0,1309,577,577,0,0,22,0,0,
028-maze_perfect,Perfect maze · 8×8 rooms,maze_perfect,127,252,17,8,list,Dijkstra · list,ok,,True,64.0,65,17650.16381418093,17622.352078239608,17665.748166259167,8829,409,73,73,0,146,75,74,0,0,2,0,0,
022-grid_obstacles-diagonal,Grid 32×24 · obstacles-diagonal,grid_obstacles-diagonal,569,2508,17,32,lazy,Dijkstra · lazy heap,ok,,True,43.142135623730944,40,198542.5652173913,198166.65217391305,199315.21739130435,44112,46,546,546,0,2451,558,556,9,0,31,0,0,
066-maze_perfect,Perfect maze · 16×16 rooms,maze_perfect,511,1020,43,16,eager,Dijkstra · eager heap,ok,,True,148.0,149,83248.1,83166.29090909091,83567.04545454546,27920,110,196,196,0,393,199,197,0,0,3,0,0,
006-complete,Complete graph (11),complete,11,110,,11,astar-euclidean,A* · euclidean,ok,,True,1.0,2,1831.0,1823.042,1835.5,2840,1000,1,1,0,10,11,2,0,0,10,0,0,
016-grid_terrain,Grid 16×12 · terrain,grid_terrain,192,712,17,16,depth_first,Exhaustive DFS,skipped,,False,,,,,,,,,,,,,,,,,,,Exhaustive DFS limited to V ≤ 11; factorial growth / recursion depth.
066-maze_perfect,Perfect maze · 16×16 rooms,maze_perfect,511,1020,43,16,list,Dijkstra · list,ok,,True,148.0,149,49375.97647058823,49340.2,49464.217647058824,28029,170,196,196,0,393,199,197,0,0,3,0,0,
013-grid_open,Grid 16×12 · open,grid_open,192,712,17,16,astar-euclidean,A* · euclidean,ok,,True,13.0,14,9738.793103448275,9704.022413793104,9786.136206896552,12416,580,13,13,0,52,41,14,0,0,28,0,0,
080-dense,"Dense weighted graph (12, seed 17)",dense,12,132,17,12,eager,Dijkstra · eager heap,ok,,True,256.0,3,11699.145833333334,11658.927083333334,11701.678819444445,3072,576,11,11,0,121,12,12,0,8,11,0,0,
011-dense,"Dense weighted graph (64, seed 17)",dense,64,4032,17,64,astar-zero,A* · zero,ok,,True,252.0,2,153027.77777777778,152812.17460317462,153119.7142857143,24688,63,63,63,0,3969,178,178,114,0,149,0,0,
004-complete,Complete graph (7),complete,7,42,,7,list,Dijkstra · list,ok,,True,1.0,2,2323.708,2315.0,2335.959,2005,1000,6,6,0,36,7,7,0,0,6,0,0,
065-maze_braided,Maze with loops · 8×8 rooms,maze_braided,147,350,43,8,astar-manhattan,A* · manhattan,ok,,True,30.0,31,22825.688073394496,22782.110091743118,22929.663608562692,8720,327,73,73,0,180,79,74,0,0,7,0,0,
081-queue_stress,Queue improvement stress (4),queue_stress,10,24,,4,astar-euclidean,A* · euclidean,ok,,True,21.0,4,5160.583,5137.375,5193.334,3424,1000,9,9,0,24,22,22,12,0,16,0,0,
002-reopening,A* reopening,reopening,4,4,,4,astar-zero,A* · zero,ok,,True,5.0,4,1100.167,1089.75,1104.375,1288,1000,3,3,0,4,5,5,1,0,2,0,0,
017-grid_obstacles-diagonal,Grid 16×12 · obstacles-diagonal,grid_obstacles-diagonal,150,694,17,16,list,Dijkstra · list,ok,,True,15.242640687119286,15,51075.98235294117,50947.794117647056,51114.705882352944,12485,170,132,132,0,624,147,135,2,0,17,0,0,
086-grid_obstacles-diagonal,Grid 24×16 · obstacles-diagonal,grid_obstacles-diagonal,287,1166,17,24,astar-euclidean,A* · euclidean,ok,,True,23.242640687119284,23,32651.80082987552,32579.70539419087,32754.66804979253,17488,241,65,65,0,276,102,68,2,0,35,0,0,
000-small_weighted,Main weighted graph,small_weighted,9,14,,9,astar-euclidean,A* · euclidean,ok,,True,8.0,5,1988.125,1980.792,1994.959,1984,1000,4,4,0,10,10,5,0,0,6,0,0,
042-grid_obstacles,Grid 32×24 · obstacles,grid_obstacles,574,1632,29,32,lazy,Dijkstra · lazy heap,ok,,True,35.0,36,156915.28333333333,156259.71666666667,157175.7,44048,60,476,476,0,1376,495,477,0,0,27,0,0,
013-grid_open,Grid 16×12 · open,grid_open,192,712,17,16,astar-manhattan,A* · manhattan,ok,,True,13.0,14,10125.88416988417,10091.45752895753,10175.99806949807,12416,518,13,13,0,52,41,14,0,0,28,0,0,
026-grid_terrain,Grid 64×48 · terrain,grid_terrain,3072,12064,17,64,eager,Dijkstra · eager heap,ok,,True,105.0,106,3863763.6666666665,3861152.6666666665,3878736.0,347080,3,2943,2943,0,11552,3009,2944,0,0,132,0,0,
039-dense,"Dense weighted graph (128, seed 29)",dense,128,16256,29,128,depth_first,Exhaustive DFS,skipped,,False,,,,,,,,,,,,,,,,,,,Exhaustive DFS limited to V ≤ 11; factorial growth / recursion depth.
030-maze_perfect,Perfect maze · 16×16 rooms,maze_perfect,511,1020,17,16,astar-manhattan,A* · manhattan,ok,,True,184.0,185,60208.90476190476,60004.8231292517,60319.163265306124,29352,147,228,228,0,456,230,229,0,0,5,0,0,
045-grid_obstacles-diagonal,Grid 64×48 · obstacles-diagonal,grid_obstacles-diagonal,2247,9920,29,64,lazy,Dijkstra · lazy heap,ok,,True,75.38477631085021,71,897861.0833333334,881996.5,931888.8333333334,170000,12,2136,2136,0,9590,2207,2176,39,0,63,0,0,
019-grid_wall,Grid 32×24 · wall,grid_wall,745,2822,17,32,depth_first,Exhaustive DFS,skipped,,False,,,,,,,,,,,,,,,,,,,Exhaustive DFS limited to V ≤ 11; factorial growth / recursion depth.
013-grid_open,Grid 16×12 · open,grid_open,192,712,17,16,eager,Dijkstra · eager heap,ok,,True,13.0,14,121191.6625,120938.5375,121571.35,16248,80,132,132,0,499,144,133,0,0,16,0,0,
008-sparse,"Sparse weighted graph (256, seed 17)",sparse,256,1024,17,256,eager,Dijkstra · eager heap,ok,,True,269.0,5,357819.9285714286,356879.46428571426,358186.0,36680,28,255,255,0,1020,256,256,0,71,106,0,0,
053-sparse,"Sparse weighted graph (256, seed 43)",sparse,256,1024,43,256,astar-euclidean,A* · euclidean,ok,,True,280.0,5,131890.04166666666,131866.31944444444,132118.63888888888,36800,72,255,255,0,1020,325,325,69,0,137,0,0,
020-grid_obstacles,Grid 32×24 · obstacles,grid_obstacles,569,1632,17,32,eager,Dijkstra · eager heap,ok,,True,49.0,50,496043.75,495729.15,496818.75,44216,20,546,546,0,1589,549,547,0,0,22,0,0,
048-maze_perfect,Perfect maze · 16×16 rooms,maze_perfect,511,1020,29,16,astar-manhattan,A* · manhattan,ok,,True,260.0,261,81991.07142857143,81890.73469387754,82103.74489795919,32552,98,308,308,0,617,311,309,0,0,4,0,0,
011-dense,"Dense weighted graph (64, seed 17)",dense,64,4032,17,64,depth_first,Exhaustive DFS,skipped,,False,,,,,,,,,,,,,,,,,,,Exhaustive DFS limited to V ≤ 11; factorial growth / recursion depth.
081-queue_stress,Queue improvement stress (4),queue_stress,10,24,,4,astar-zero,A* · zero,ok,,True,21.0,4,5237.5,5221.375,5251.583,3424,1000,9,9,0,24,22,22,12,0,16,0,0,
050-maze_perfect,Perfect maze · 24×24 rooms,maze_perfect,1151,2300,29,24,eager,Dijkstra · eager heap,ok,,True,512.0,513,429771.73913043475,428289.82608695654,430730.04347826086,82824,23,879,879,0,1758,881,880,0,0,6,0,0,
010-dense,"Dense weighted graph (32, seed 17)",dense,32,992,17,32,eager,Dijkstra · eager heap,ok,,True,254.0,4,62520.4081632653,62496.02721088436,62653.34693877551,6104,147,31,31,0,961,32,32,0,50,31,0,0,
075-streets,Vienna streets · route 3,streets,1865,2711,,1865,astar-euclidean,A* · euclidean,ok,,True,901.46497070693,48,53739.3141025641,53469.55128205128,53988.51282051282,61320,156,112,112,0,192,127,114,1,0,14,0,0,
012-dense,"Dense weighted graph (128, seed 17)",dense,128,16256,17,128,astar-euclidean,A* · euclidean,ok,,True,253.0,3,533186.4210526316,532267.5263157894,534280.7368421053,59352,19,127,127,0,16129,389,385,257,0,348,0,0,
054-sparse,"Sparse weighted graph (1024, seed 43)",sparse,1024,4096,43,1024,lazy,Dijkstra · lazy heap,ok,,True,286.0,8,599958.3125,597638.0,602492.1875,143456,16,1023,1023,0,4092,1315,1315,291,0,574,0,0,
001-unreachable,Unreachable target,unreachable,4,4,,4,list,Dijkstra · list,ok,,True,,0,759.291,752.25,762.458,1189,1000,3,3,0,4,3,3,0,0,2,0,0,
009-sparse,"Sparse weighted graph (1024, seed 17)",sparse,1024,4096,17,1024,eager,Dijkstra · eager heap,ok,,True,275.0,5,1820520.8333333333,1815812.5,1833632.0,163248,6,1023,1023,0,4092,1024,1024,0,286,429,0,0,
071-queue_stress,Queue improvement stress (24),queue_stress,50,624,,24,depth_first,Exhaustive DFS,skipped,,False,,,,,,,,,,,,,,,,,,,Exhaustive DFS limited to V ≤ 11; factorial growth / recursion depth.
071-queue_stress,Queue improvement stress (24),queue_stress,50,624,,24,list,Dijkstra · list,ok,,True,121.0,4,1640743.1666666667,1639131.8333333333,1642284.6666666667,59949,6,49,49,0,624,602,602,552,0,576,0,0,
076-game_dungeon,Dungeon pursuit · 8×8 rooms,game_dungeon,143,324,17,8,lazy,Dijkstra · lazy heap,ok,,True,28.0,29,36271.65065502183,36219.97816593887,36616.26637554585,11616,229,141,141,0,321,143,142,0,0,9,0,0,
062-grid_obstacles,Grid 64×48 · obstacles,grid_obstacles,2294,6794,43,64,astar-zero,A* · zero,ok,,True,77.0,78,862049.2727272727,859958.3636363636,863606.0909090909,169720,11,2107,2107,0,6332,2141,2108,0,0,49,0,0,
044-grid_obstacles,Grid 64×48 · obstacles,grid_obstacles,2247,6460,29,64,astar-manhattan,A* · manhattan,ok,,True,83.0,84,284981.0606060606,284445.69696969696,285922.9696969697,91320,33,584,584,0,1723,685,626,41,0,61,0,0,
085-grid_terrain,Grid 24×16 · terrain,grid_terrain,384,1456,17,24,eager,Dijkstra · eager heap,ok,,True,33.0,34,375401.22222222225,375100.3333333333,376939.81481481483,47256,27,350,350,0,1324,374,351,0,0,43,0,0,
015-grid_obstacles,Grid 16×12 · obstacles,grid_obstacles,150,442,17,16,list,Dijkstra · list,ok,,True,17.0,18,39628.28240740741,39596.25462962963,39640.23611111111,12093,216,126,126,0,378,138,127,0,0,13,0,0,
029-maze_braided,Maze with loops · 8×8 rooms,maze_braided,143,324,17,8,astar-euclidean,A* · euclidean,ok,,True,28.0,29,35142.06034482759,35133.081896551725,35230.60344827586,11816,232,118,118,0,270,125,119,0,0,10,0,0,
009-sparse,"Sparse weighted graph (1024, seed 17)",sparse,1024,4096,17,1024,astar-euclidean,A* · euclidean,ok,,True,275.0,5,609296.875,607507.8125,609648.4375,159968,16,1023,1023,0,4092,1313,1313,289,0,570,0,0,
069-maze_braided,Maze with loops · 24×24 rooms,maze_braided,1314,3038,43,24,list,Dijkstra · list,ok,,True,98.0,99,499425.0,498395.85,503443.75,88389,20,1313,1313,0,3037,1314,1314,0,0,36,0,0,
044-grid_obstacles,Grid 64×48 · obstacles,grid_obstacles,2247,6460,29,64,lazy,Dijkstra · lazy heap,ok,,True,83.0,84,758660.3076923077,758198.6923076923,760839.6923076923,168376,13,2087,2087,0,6064,2122,2088,0,0,48,0,0,
036-sparse,"Sparse weighted graph (1024, seed 29)",sparse,1024,4096,29,1024,eager,Dijkstra · eager heap,ok,,True,306.0,9,1809993.0,1809236.0,1819027.8333333333,164408,6,1023,1023,0,4092,1024,1024,0,277,433,0,0,
034-sparse,"Sparse weighted graph (64, seed 29)",sparse,64,256,29,64,lazy,Dijkstra · lazy heap,ok,,True,272.0,5,25179.96052631579,25085.388157894737,25268.776315789473,8192,304,63,63,0,252,83,83,19,0,38,0,0,
056-dense,"Dense weighted graph (64, seed 43)",dense,64,4032,43,64,lazy,Dijkstra · lazy heap,ok,,True,253.0,3,152478.515625,152269.53125,153049.484375,19736,64,63,63,0,3969,176,175,111,0,150,0,0,
061-grid_obstacles-diagonal,Grid 32×24 · obstacles-diagonal,grid_obstacles-diagonal,581,2656,43,32,astar-zero,A* · zero,ok,,True,30.656854249492383,30,197987.02222222224,196139.82222222222,199218.53333333333,45376,45,457,457,0,2149,482,463,5,0,34,0,0,
004-complete,Complete graph (7),complete,7,42,,7,lazy,Dijkstra · lazy heap,ok,,True,1.0,2,1980.75,1975.375,1988.0,1584,1000,6,6,0,36,7,7,0,0,6,0,0,
071-queue_stress,Queue improvement stress (24),queue_stress,50,624,,24,astar-euclidean,A* · euclidean,ok,,True,121.0,4,191044.11764705883,190998.3725490196,191254.9019607843,93720,51,49,49,0,624,602,602,552,0,576,0,0,
087-maze_perfect,Perfect maze · 10×10 rooms,maze_perfect,199,396,17,10,eager,Dijkstra · eager heap,ok,,True,88.0,89,45704.5873015873,45632.71428571428,45774.69312169312,15336,189,111,111,0,224,115,112,0,0,4,0,0,
019-grid_wall,Grid 32×24 · wall,grid_wall,745,2822,17,32,lazy,Dijkstra · lazy heap,ok,,True,49.0,50,210336.04347826086,209959.23913043478,210685.6739130435,58928,46,641,641,0,2433,655,642,0,0,28,0,0,
063-grid_obstacles-diagonal,Grid 64×48 · obstacles-diagonal,grid_obstacles-diagonal,2294,10754,43,64,list,Dijkstra · list,ok,,True,71.14213562373094,68,1380656.25,1378807.25,1386854.125,167861,8,2144,2144,0,10234,2215,2170,25,0,65,0,0,
033-maze_braided,Maze with loops · 24×24 rooms,maze_braided,1279,2894,17,24,eager,Dijkstra · eager heap,ok,,True,98.0,99,1203588.0,1196402.7777777778,1254902.7777777778,88672,9,1272,1272,0,2880,1277,1273,0,0,30,0,0,
047-maze_braided,Maze with loops · 8×8 rooms,maze_braided,149,360,29,8,astar-euclidean,A* · euclidean,ok,,True,28.0,29,30641.43089430894,30475.60975609756,30860.264227642278,12008,246,97,97,0,248,107,98,0,0,11,0,0,
032-maze_perfect,Perfect maze · 24×24 rooms,maze_perfect,1151,2300,17,24,astar-manhattan,A* · manhattan,ok,,True,460.0,461,172759.43396226416,172575.4716981132,173158.81132075473,63448,53,624,624,0,1251,629,625,0,0,5,0,0,
014-grid_wall,Grid 16×12 · wall,grid_wall,181,646,17,16,list,Dijkstra · list,ok,,True,21.0,22,46804.34782608696,46652.950310559005,47028.98757763975,15853,161,147,147,0,526,154,148,0,0,15,0,0,
043-grid_obstacles-diagonal,Grid 32×24 · obstacles-diagonal,grid_obstacles-diagonal,574,2452,29,32,lazy,Dijkstra · lazy heap,ok,,True,32.65685424949238,32,180245.75510204083,179948.1224489796,180453.22448979592,45032,49,481,481,0,2101,508,485,3,0,37,0,0,
023-grid_open,Grid 64×48 · open,grid_open,3072,12064,17,64,astar-manhattan,A* · manhattan,ok,,True,61.0,62,75407.36170212766,75199.02127659574,75551.4255319149,131152,94,61,61,0,244,185,62,0,0,124,0,0,
037-dense,"Dense weighted graph (32, seed 29)",dense,32,992,29,32,depth_first,Exhaustive DFS,skipped,,False,,,,,,,,,,,,,,,,,,,Exhaustive DFS limited to V ≤ 11; factorial growth / recursion depth.
067-maze_braided,Maze with loops · 16×16 rooms,maze_braided,591,1390,43,16,eager,Dijkstra · eager heap,ok,,True,64.0,65,499066.7,498156.25,500258.3,44480,20,581,581,0,1369,584,582,0,0,24,0,0,
007-sparse,"Sparse weighted graph (64, seed 17)",sparse,64,256,17,64,lazy,Dijkstra · lazy heap,ok,,True,263.0,5,24362.168253968255,24327.24761904762,24427.514285714286,8504,315,63,63,0,252,80,80,16,0,41,0,0,
045-grid_obstacles-diagonal,Grid 64×48 · obstacles-diagonal,grid_obstacles-diagonal,2247,9920,29,64,list,Dijkstra · list,ok,,True,75.38477631085021,71,1369812.5,1368442.75,1384463.5,167917,8,2136,2136,0,9590,2207,2176,39,0,63,0,0,
